document_id,project_id,document_type,document_date,amount,contractor,location,file_path,extracted_text,status
DOC00001,P00001,Sanction Letter,2025-01-08,552500.0,Different Contractor,Different Location,,Document for project P00001. Type: Sanction Letter. Amount: 552500.0. Contractor: Different Contractor. Location: Different Location.,In Progress
DOC00002,P00002,Utilization Certificate,2025-07-01,2316000.0,Contractor_043,"Tirupati, Andhra Pradesh",,"Document for project P00002. Type: Utilization Certificate. Amount: 2316000.0. Contractor: Contractor_043. Location: Tirupati, Andhra Pradesh.",In Progress
DOC00003,P00003,Completion Certificate,2026-01-29,1312000.0,Contractor_025,"Karimnagar, Telangana",,"Document for project P00003. Type: Completion Certificate. Amount: 1312000.0. Contractor: Contractor_025. Location: Karimnagar, Telangana.",In Progress
DOC00004,P00004,Inspection Report,2025-02-03,598000.0,Contractor_006,"Surat, Gujarat",,"Document for project P00004. Type: Inspection Report. Amount: 598000.0. Contractor: Contractor_006. Location: Surat, Gujarat.",In Progress
DOC00005,P00005,Sanction Letter,2025-11-15,867000.0,Contractor_029,"Malda, West Bengal",,"Document for project P00005. Type: Sanction Letter. Amount: 867000.0. Contractor: Contractor_029. Location: Malda, West Bengal.",In Progress
DOC00006,P00006,Utilization Certificate,2025-01-25,1003000.0,Contractor_034,"Dharwad, Karnataka",,"Document for project P00006. Type: Utilization Certificate. Amount: 1003000.0. Contractor: Contractor_034. Location: Dharwad, Karnataka.",Completed
DOC00007,P00007,Completion Certificate,2024-09-15,838000.0,Contractor_056,"Nizamabad, Telangana",,"Document for project P00007. Type: Completion Certificate. Amount: 838000.0. Contractor: Contractor_056. Location: Nizamabad, Telangana.",In Progress
DOC00008,P00008,Inspection Report,2025-04-18,1801000.0,Contractor_042,"Madurai, Tamil Nadu",,"Document for project P00008. Type: Inspection Report. Amount: 1801000.0. Contractor: Contractor_042. Location: Madurai, Tamil Nadu.",In Progress
DOC00009,P00009,Sanction Letter,2025-03-01,877000.0,Contractor_021,"Kolkata, West Bengal",,"Document for project P00009. Type: Sanction Letter. Amount: 877000.0. Contractor: Contractor_021. Location: Kolkata, West Bengal.",In Progress
DOC00010,P00010,Utilization Certificate,2026-02-11,2075000.0,Contractor_027,"Aurangabad, Maharashtra",,"Document for project P00010. Type: Utilization Certificate. Amount: 2075000.0. Contractor: Contractor_027. Location: Aurangabad, Maharashtra.",Completed
DOC00011,P00011,Completion Certificate,2024-06-21,435000.0,Contractor_009,"Krishna, Andhra Pradesh",,"Document for project P00011. Type: Completion Certificate. Amount: 435000.0. Contractor: Contractor_009. Location: Krishna, Andhra Pradesh.",In Progress
DOC00012,P00012,Inspection Report,2024-03-12,454000.0,Contractor_018,"Nizamabad, Telangana",,"Document for project P00012. Type: Inspection Report. Amount: 454000.0. Contractor: Contractor_018. Location: Nizamabad, Telangana.",Completed
DOC00013,P00013,Sanction Letter,2024-10-21,663000.0,Contractor_027,"Vadodara, Gujarat",,"Document for project P00013. Type: Sanction Letter. Amount: 663000.0. Contractor: Contractor_027. Location: Vadodara, Gujarat.",In Progress
DOC00014,P00014,Utilization Certificate,2025-02-06,638000.0,Contractor_019,"Visakhapatnam, Andhra Pradesh",,"Document for project P00014. Type: Utilization Certificate. Amount: 638000.0. Contractor: Contractor_019. Location: Visakhapatnam, Andhra Pradesh.",Delayed
DOC00015,P00015,Completion Certificate,2025-07-25,539000.0,Contractor_009,"Pune, Maharashtra",,"Document for project P00015. Type: Completion Certificate. Amount: 539000.0. Contractor: Contractor_009. Location: Pune, Maharashtra.",Completed
DOC00016,P00016,Inspection Report,2025-12-06,2034000.0,Contractor_032,"Kozhikode, Kerala",,"Document for project P00016. Type: Inspection Report. Amount: 2034000.0. Contractor: Contractor_032. Location: Kozhikode, Kerala.",In Progress
DOC00017,P00017,Sanction Letter,2026-04-23,2323000.0,Contractor_025,"Mysuru, Karnataka",,"Document for project P00017. Type: Sanction Letter. Amount: 2323000.0. Contractor: Contractor_025. Location: Mysuru, Karnataka.",Delayed
DOC00018,P00018,Utilization Certificate,2025-09-26,762000.0,Contractor_044,"Jaipur, Rajasthan",,"Document for project P00018. Type: Utilization Certificate. Amount: 762000.0. Contractor: Contractor_044. Location: Jaipur, Rajasthan.",In Progress
DOC00019,P00019,Completion Certificate,2024-09-20,3209000.0,Contractor_059,"Hyderabad, Telangana",,"Document for project P00019. Type: Completion Certificate. Amount: 3209000.0. Contractor: Contractor_059. Location: Hyderabad, Telangana.",Delayed
DOC00020,P00020,Inspection Report,2025-08-13,1303000.0,Contractor_005,"Belagavi, Karnataka",,"Document for project P00020. Type: Inspection Report. Amount: 1303000.0. Contractor: Contractor_005. Location: Belagavi, Karnataka.",In Progress
DOC00021,P00021,Sanction Letter,2025-02-19,1746000.0,Contractor_044,"Surat, Gujarat",,"Document for project P00021. Type: Sanction Letter. Amount: 1746000.0. Contractor: Contractor_044. Location: Surat, Gujarat.",In Progress
DOC00022,P00022,Utilization Certificate,2026-04-01,1373000.0,Contractor_016,"Howrah, West Bengal",,"Document for project P00022. Type: Utilization Certificate. Amount: 1373000.0. Contractor: Contractor_016. Location: Howrah, West Bengal.",In Progress
DOC00023,P00023,Completion Certificate,2025-03-27,2650000.0,Contractor_017,"Chennai, Tamil Nadu",,"Document for project P00023. Type: Completion Certificate. Amount: 2650000.0. Contractor: Contractor_017. Location: Chennai, Tamil Nadu.",Completed
DOC00024,P00024,Inspection Report,2024-07-20,4225000.0,Contractor_056,"Ernakulam, Kerala",,"Document for project P00024. Type: Inspection Report. Amount: 4225000.0. Contractor: Contractor_056. Location: Ernakulam, Kerala.",Completed
DOC00025,P00025,Sanction Letter,2024-05-20,230000.0,Contractor_031,"Rajkot, Gujarat",,"Document for project P00025. Type: Sanction Letter. Amount: 230000.0. Contractor: Contractor_031. Location: Rajkot, Gujarat.",In Progress
DOC00026,P00026,Utilization Certificate,2024-09-27,1462000.0,Contractor_057,"Jodhpur, Rajasthan",,"Document for project P00026. Type: Utilization Certificate. Amount: 1462000.0. Contractor: Contractor_057. Location: Jodhpur, Rajasthan.",Delayed
DOC00027,P00027,Completion Certificate,2024-11-13,1163000.0,Contractor_015,"Bengaluru Urban, Karnataka",,"Document for project P00027. Type: Completion Certificate. Amount: 1163000.0. Contractor: Contractor_015. Location: Bengaluru Urban, Karnataka.",Completed
DOC00028,P00028,Inspection Report,2025-10-24,755000.0,Contractor_042,"Aurangabad, Maharashtra",,"Document for project P00028. Type: Inspection Report. Amount: 755000.0. Contractor: Contractor_042. Location: Aurangabad, Maharashtra.",Delayed
DOC00029,P00029,Sanction Letter,2024-04-28,1365000.0,Contractor_015,"Mysuru, Karnataka",,"Document for project P00029. Type: Sanction Letter. Amount: 1365000.0. Contractor: Contractor_015. Location: Mysuru, Karnataka.",Completed
DOC00030,P00030,Utilization Certificate,2026-02-17,612000.0,Contractor_005,"Malda, West Bengal",,"Document for project P00030. Type: Utilization Certificate. Amount: 612000.0. Contractor: Contractor_005. Location: Malda, West Bengal.",In Progress
DOC00031,P00031,Completion Certificate,2024-06-21,1772000.0,Contractor_044,"Visakhapatnam, Andhra Pradesh",,"Document for project P00031. Type: Completion Certificate. Amount: 1772000.0. Contractor: Contractor_044. Location: Visakhapatnam, Andhra Pradesh.",Delayed
DOC00032,P00032,Inspection Report,2025-11-11,2678000.0,Contractor_011,"Rajkot, Gujarat",,"Document for project P00032. Type: Inspection Report. Amount: 2678000.0. Contractor: Contractor_011. Location: Rajkot, Gujarat.",In Progress
DOC00033,P00033,Sanction Letter,2025-05-01,1433000.0,Contractor_048,"Visakhapatnam, Andhra Pradesh",,"Document for project P00033. Type: Sanction Letter. Amount: 1433000.0. Contractor: Contractor_048. Location: Visakhapatnam, Andhra Pradesh.",In Progress
DOC00034,P00034,Utilization Certificate,2025-07-13,1142000.0,Contractor_032,"Kolkata, West Bengal",,"Document for project P00034. Type: Utilization Certificate. Amount: 1142000.0. Contractor: Contractor_032. Location: Kolkata, West Bengal.",In Progress
DOC00035,P00035,Completion Certificate,2024-05-05,2112000.0,Contractor_009,"Pune, Maharashtra",,"Document for project P00035. Type: Completion Certificate. Amount: 2112000.0. Contractor: Contractor_009. Location: Pune, Maharashtra.",In Progress
DOC00036,P00036,Inspection Report,2025-09-02,1745000.0,Contractor_006,"Sambalpur, Odisha",,"Document for project P00036. Type: Inspection Report. Amount: 1745000.0. Contractor: Contractor_006. Location: Sambalpur, Odisha.",Completed
DOC00037,P00037,Sanction Letter,2024-09-08,1061000.0,Contractor_042,"Malda, West Bengal",,"Document for project P00037. Type: Sanction Letter. Amount: 1061000.0. Contractor: Contractor_042. Location: Malda, West Bengal.",In Progress
DOC00038,P00038,Utilization Certificate,2024-03-31,1973000.0,Contractor_052,"Malda, West Bengal",,"Document for project P00038. Type: Utilization Certificate. Amount: 1973000.0. Contractor: Contractor_052. Location: Malda, West Bengal.",In Progress
DOC00039,P00039,Completion Certificate,2026-02-13,1271000.0,Contractor_015,"Jaipur, Rajasthan",,"Document for project P00039. Type: Completion Certificate. Amount: 1271000.0. Contractor: Contractor_015. Location: Jaipur, Rajasthan.",In Progress
DOC00040,P00040,Inspection Report,2026-02-27,2134000.0,Contractor_027,"Sambalpur, Odisha",,"Document for project P00040. Type: Inspection Report. Amount: 2134000.0. Contractor: Contractor_027. Location: Sambalpur, Odisha.",Completed
DOC00041,P00041,Sanction Letter,2024-06-13,1214000.0,Contractor_028,"Udaipur, Rajasthan",,"Document for project P00041. Type: Sanction Letter. Amount: 1214000.0. Contractor: Contractor_028. Location: Udaipur, Rajasthan.",Completed
DOC00042,P00042,Utilization Certificate,2024-03-18,970000.0,Contractor_033,"Chennai, Tamil Nadu",,"Document for project P00042. Type: Utilization Certificate. Amount: 970000.0. Contractor: Contractor_033. Location: Chennai, Tamil Nadu.",In Progress
DOC00043,P00043,Completion Certificate,2025-08-17,1450000.0,Contractor_057,"Madurai, Tamil Nadu",,"Document for project P00043. Type: Completion Certificate. Amount: 1450000.0. Contractor: Contractor_057. Location: Madurai, Tamil Nadu.",Delayed
DOC00044,P00044,Inspection Report,2024-12-29,793000.0,Contractor_018,"Warangal, Telangana",,"Document for project P00044. Type: Inspection Report. Amount: 793000.0. Contractor: Contractor_018. Location: Warangal, Telangana.",In Progress
DOC00045,P00045,Sanction Letter,2024-07-10,2684000.0,Contractor_012,"Coimbatore, Tamil Nadu",,"Document for project P00045. Type: Sanction Letter. Amount: 2684000.0. Contractor: Contractor_012. Location: Coimbatore, Tamil Nadu.",In Progress
DOC00046,P00046,Utilization Certificate,2024-11-02,1271000.0,Contractor_032,"Thrissur, Kerala",,"Document for project P00046. Type: Utilization Certificate. Amount: 1271000.0. Contractor: Contractor_032. Location: Thrissur, Kerala.",In Progress
DOC00047,P00047,Completion Certificate,2024-04-08,6132000.0,Contractor_055,"Nagpur, Maharashtra",,"Document for project P00047. Type: Completion Certificate. Amount: 6132000.0. Contractor: Contractor_055. Location: Nagpur, Maharashtra.",In Progress
DOC00048,P00048,Inspection Report,2025-12-29,372000.0,Contractor_026,"Salem, Tamil Nadu",,"Document for project P00048. Type: Inspection Report. Amount: 372000.0. Contractor: Contractor_026. Location: Salem, Tamil Nadu.",In Progress
DOC00049,P00049,Sanction Letter,2025-08-22,2076000.0,Contractor_056,"Darjeeling, West Bengal",,"Document for project P00049. Type: Sanction Letter. Amount: 2076000.0. Contractor: Contractor_056. Location: Darjeeling, West Bengal.",In Progress
DOC00050,P00050,Utilization Certificate,2025-12-14,3655000.0,Contractor_056,"Vadodara, Gujarat",,"Document for project P00050. Type: Utilization Certificate. Amount: 3655000.0. Contractor: Contractor_056. Location: Vadodara, Gujarat.",Completed
DOC00051,P00051,Completion Certificate,2026-02-10,1392500.0,Contractor_051,"Pune, Maharashtra",,"Document for project P00051. Type: Completion Certificate. Amount: 1392500.0. Contractor: Contractor_051. Location: Pune, Maharashtra.",In Progress
DOC00052,P00052,Inspection Report,2025-07-05,8459000.0,Contractor_032,"Udaipur, Rajasthan",,"Document for project P00052. Type: Inspection Report. Amount: 8459000.0. Contractor: Contractor_032. Location: Udaipur, Rajasthan.",In Progress
DOC00053,P00053,Sanction Letter,2025-03-05,1750000.0,Contractor_060,"Sambalpur, Odisha",,"Document for project P00053. Type: Sanction Letter. Amount: 1750000.0. Contractor: Contractor_060. Location: Sambalpur, Odisha.",In Progress
DOC00054,P00054,Utilization Certificate,2024-05-30,1248000.0,Contractor_025,"Ganjam, Odisha",,"Document for project P00054. Type: Utilization Certificate. Amount: 1248000.0. Contractor: Contractor_025. Location: Ganjam, Odisha.",In Progress
DOC00055,P00055,Completion Certificate,2025-06-22,2043000.0,Contractor_028,"Visakhapatnam, Andhra Pradesh",,"Document for project P00055. Type: Completion Certificate. Amount: 2043000.0. Contractor: Contractor_028. Location: Visakhapatnam, Andhra Pradesh.",Completed
DOC00056,P00056,Inspection Report,2025-09-14,1102000.0,Contractor_041,"Hyderabad, Telangana",,"Document for project P00056. Type: Inspection Report. Amount: 1102000.0. Contractor: Contractor_041. Location: Hyderabad, Telangana.",In Progress
DOC00057,P00057,Sanction Letter,2024-02-04,2567000.0,Contractor_014,"Hyderabad, Telangana",,"Document for project P00057. Type: Sanction Letter. Amount: 2567000.0. Contractor: Contractor_014. Location: Hyderabad, Telangana.",In Progress
DOC00058,P00058,Utilization Certificate,2026-02-24,1570000.0,Contractor_001,"Kollam, Kerala",,"Document for project P00058. Type: Utilization Certificate. Amount: 1570000.0. Contractor: Contractor_001. Location: Kollam, Kerala.",In Progress
DOC00059,P00059,Completion Certificate,2025-11-11,752000.0,Contractor_046,"Darjeeling, West Bengal",,"Document for project P00059. Type: Completion Certificate. Amount: 752000.0. Contractor: Contractor_046. Location: Darjeeling, West Bengal.",Completed
DOC00060,P00060,Inspection Report,2025-07-24,546000.0,Contractor_033,"Sambalpur, Odisha",,"Document for project P00060. Type: Inspection Report. Amount: 546000.0. Contractor: Contractor_033. Location: Sambalpur, Odisha.",Completed
DOC00061,P00061,Sanction Letter,2024-03-13,620000.0,Contractor_031,"Jaipur, Rajasthan",,"Document for project P00061. Type: Sanction Letter. Amount: 620000.0. Contractor: Contractor_031. Location: Jaipur, Rajasthan.",In Progress
DOC00062,P00062,Utilization Certificate,2025-05-20,2287000.0,Contractor_019,"Udaipur, Rajasthan",,"Document for project P00062. Type: Utilization Certificate. Amount: 2287000.0. Contractor: Contractor_019. Location: Udaipur, Rajasthan.",Delayed
DOC00063,P00063,Completion Certificate,2024-10-18,1208000.0,Contractor_054,"Vadodara, Gujarat",,"Document for project P00063. Type: Completion Certificate. Amount: 1208000.0. Contractor: Contractor_054. Location: Vadodara, Gujarat.",In Progress
DOC00064,P00064,Inspection Report,2025-09-22,1069000.0,Contractor_055,"Nashik, Maharashtra",,"Document for project P00064. Type: Inspection Report. Amount: 1069000.0. Contractor: Contractor_055. Location: Nashik, Maharashtra.",In Progress
DOC00065,P00065,Sanction Letter,2025-10-28,631000.0,Contractor_011,"Dharwad, Karnataka",,"Document for project P00065. Type: Sanction Letter. Amount: 631000.0. Contractor: Contractor_011. Location: Dharwad, Karnataka.",Completed
DOC00066,P00066,Utilization Certificate,2025-07-08,2216000.0,Contractor_035,"Pune, Maharashtra",,"Document for project P00066. Type: Utilization Certificate. Amount: 2216000.0. Contractor: Contractor_035. Location: Pune, Maharashtra.",In Progress
DOC00067,P00067,Completion Certificate,2025-03-14,1384000.0,Contractor_030,"Surat, Gujarat",,"Document for project P00067. Type: Completion Certificate. Amount: 1384000.0. Contractor: Contractor_030. Location: Surat, Gujarat.",In Progress
DOC00068,P00068,Inspection Report,2024-01-02,1441000.0,Contractor_029,"Mysuru, Karnataka",,"Document for project P00068. Type: Inspection Report. Amount: 1441000.0. Contractor: Contractor_029. Location: Mysuru, Karnataka.",In Progress
DOC00069,P00069,Sanction Letter,2024-10-01,1230000.0,Contractor_052,"Kozhikode, Kerala",,"Document for project P00069. Type: Sanction Letter. Amount: 1230000.0. Contractor: Contractor_052. Location: Kozhikode, Kerala.",In Progress
DOC00070,P00070,Utilization Certificate,2024-02-10,319000.0,Contractor_006,"Guntur, Andhra Pradesh",,"Document for project P00070. Type: Utilization Certificate. Amount: 319000.0. Contractor: Contractor_006. Location: Guntur, Andhra Pradesh.",In Progress
DOC00071,P00071,Completion Certificate,2025-12-23,275000.0,Contractor_034,"Belagavi, Karnataka",,"Document for project P00071. Type: Completion Certificate. Amount: 275000.0. Contractor: Contractor_034. Location: Belagavi, Karnataka.",Completed
DOC00072,P00072,Inspection Report,2026-04-16,1403000.0,Contractor_050,"Vadodara, Gujarat",,"Document for project P00072. Type: Inspection Report. Amount: 1403000.0. Contractor: Contractor_050. Location: Vadodara, Gujarat.",Delayed
DOC00073,P00073,Sanction Letter,2024-10-21,501000.0,Contractor_015,"Jaipur, Rajasthan",,"Document for project P00073. Type: Sanction Letter. Amount: 501000.0. Contractor: Contractor_015. Location: Jaipur, Rajasthan.",Delayed
DOC00074,P00074,Utilization Certificate,2025-08-12,187000.0,Contractor_035,"Kolkata, West Bengal",,"Document for project P00074. Type: Utilization Certificate. Amount: 187000.0. Contractor: Contractor_035. Location: Kolkata, West Bengal.",Delayed
DOC00075,P00075,Completion Certificate,2025-03-31,1638000.0,Contractor_004,"Karimnagar, Telangana",,"Document for project P00075. Type: Completion Certificate. Amount: 1638000.0. Contractor: Contractor_004. Location: Karimnagar, Telangana.",In Progress
DOC00076,P00076,Inspection Report,2026-01-12,940000.0,Different Contractor,"Guntur, Andhra Pradesh",,"Document for project P00076. Type: Inspection Report. Amount: 940000.0. Contractor: Different Contractor. Location: Guntur, Andhra Pradesh.",Delayed
DOC00077,P00077,Sanction Letter,2025-03-13,550000.0,Contractor_029,"Krishna, Andhra Pradesh",,"Document for project P00077. Type: Sanction Letter. Amount: 550000.0. Contractor: Contractor_029. Location: Krishna, Andhra Pradesh.",In Progress
DOC00078,P00078,Utilization Certificate,2024-05-31,1731000.0,Contractor_025,"Aurangabad, Maharashtra",,"Document for project P00078. Type: Utilization Certificate. Amount: 1731000.0. Contractor: Contractor_025. Location: Aurangabad, Maharashtra.",In Progress
DOC00079,P00079,Completion Certificate,2025-09-13,656000.0,Contractor_026,"Nizamabad, Telangana",,"Document for project P00079. Type: Completion Certificate. Amount: 656000.0. Contractor: Contractor_026. Location: Nizamabad, Telangana.",In Progress
DOC00080,P00080,Inspection Report,2026-04-12,18625000.0,Contractor_001,"Chennai, Tamil Nadu",,"Document for project P00080. Type: Inspection Report. Amount: 18625000.0. Contractor: Contractor_001. Location: Chennai, Tamil Nadu.",Delayed
DOC00081,P00081,Sanction Letter,2025-02-01,8372000.0,Contractor_044,"Kollam, Kerala",,"Document for project P00081. Type: Sanction Letter. Amount: 8372000.0. Contractor: Contractor_044. Location: Kollam, Kerala.",In Progress
DOC00082,P00082,Utilization Certificate,2025-10-02,1527000.0,Contractor_001,"Guntur, Andhra Pradesh",,"Document for project P00082. Type: Utilization Certificate. Amount: 1527000.0. Contractor: Contractor_001. Location: Guntur, Andhra Pradesh.",In Progress
DOC00083,P00083,Completion Certificate,2025-07-08,2237000.0,Contractor_037,"Karimnagar, Telangana",,"Document for project P00083. Type: Completion Certificate. Amount: 2237000.0. Contractor: Contractor_037. Location: Karimnagar, Telangana.",In Progress
DOC00084,P00084,Inspection Report,2024-03-02,256000.0,Contractor_005,"Aurangabad, Maharashtra",,"Document for project P00084. Type: Inspection Report. Amount: 256000.0. Contractor: Contractor_005. Location: Aurangabad, Maharashtra.",In Progress
DOC00085,P00085,Sanction Letter,2025-12-25,1654000.0,Contractor_037,"Chennai, Tamil Nadu",,"Document for project P00085. Type: Sanction Letter. Amount: 1654000.0. Contractor: Contractor_037. Location: Chennai, Tamil Nadu.",In Progress
DOC00086,P00086,Utilization Certificate,2026-01-31,853000.0,Contractor_009,"Chennai, Tamil Nadu",,"Document for project P00086. Type: Utilization Certificate. Amount: 853000.0. Contractor: Contractor_009. Location: Chennai, Tamil Nadu.",In Progress
DOC00087,P00087,Completion Certificate,2024-10-15,859000.0,Contractor_017,"Kollam, Kerala",,"Document for project P00087. Type: Completion Certificate. Amount: 859000.0. Contractor: Contractor_017. Location: Kollam, Kerala.",In Progress
DOC00088,P00088,Inspection Report,2025-04-01,1404000.0,Contractor_058,"Madurai, Tamil Nadu",,"Document for project P00088. Type: Inspection Report. Amount: 1404000.0. Contractor: Contractor_058. Location: Madurai, Tamil Nadu.",Delayed
DOC00089,P00089,Sanction Letter,2024-01-26,920000.0,Contractor_051,"Krishna, Andhra Pradesh",,"Document for project P00089. Type: Sanction Letter. Amount: 920000.0. Contractor: Contractor_051. Location: Krishna, Andhra Pradesh.",In Progress
DOC00090,P00090,Utilization Certificate,2025-09-22,1779000.0,Contractor_004,"Tirupati, Andhra Pradesh",,"Document for project P00090. Type: Utilization Certificate. Amount: 1779000.0. Contractor: Contractor_004. Location: Tirupati, Andhra Pradesh.",Delayed
DOC00091,P00091,Completion Certificate,2024-06-29,2779000.0,Contractor_048,"Sambalpur, Odisha",,"Document for project P00091. Type: Completion Certificate. Amount: 2779000.0. Contractor: Contractor_048. Location: Sambalpur, Odisha.",In Progress
DOC00092,P00092,Inspection Report,2025-06-21,1373000.0,Contractor_037,"Chennai, Tamil Nadu",,"Document for project P00092. Type: Inspection Report. Amount: 1373000.0. Contractor: Contractor_037. Location: Chennai, Tamil Nadu.",In Progress
DOC00093,P00093,Sanction Letter,2024-05-30,1570000.0,Contractor_022,"Kozhikode, Kerala",,"Document for project P00093. Type: Sanction Letter. Amount: 1570000.0. Contractor: Contractor_022. Location: Kozhikode, Kerala.",In Progress
DOC00094,P00094,Utilization Certificate,2025-09-19,2098000.0,Contractor_042,"Howrah, West Bengal",,"Document for project P00094. Type: Utilization Certificate. Amount: 2098000.0. Contractor: Contractor_042. Location: Howrah, West Bengal.",In Progress
DOC00095,P00095,Completion Certificate,2024-04-16,1279000.0,Contractor_057,"Coimbatore, Tamil Nadu",,"Document for project P00095. Type: Completion Certificate. Amount: 1279000.0. Contractor: Contractor_057. Location: Coimbatore, Tamil Nadu.",In Progress
DOC00096,P00096,Inspection Report,2025-07-21,603000.0,Contractor_033,"Kolkata, West Bengal",,"Document for project P00096. Type: Inspection Report. Amount: 603000.0. Contractor: Contractor_033. Location: Kolkata, West Bengal.",In Progress
DOC00097,P00097,Sanction Letter,2025-06-02,504000.0,Contractor_043,"Malda, West Bengal",,"Document for project P00097. Type: Sanction Letter. Amount: 504000.0. Contractor: Contractor_043. Location: Malda, West Bengal.",Completed
DOC00098,P00098,Utilization Certificate,2025-01-12,3269000.0,Contractor_025,"Vadodara, Gujarat",,"Document for project P00098. Type: Utilization Certificate. Amount: 3269000.0. Contractor: Contractor_025. Location: Vadodara, Gujarat.",In Progress
DOC00099,P00099,Completion Certificate,2025-12-17,2866000.0,Contractor_039,"Rajkot, Gujarat",,"Document for project P00099. Type: Completion Certificate. Amount: 2866000.0. Contractor: Contractor_039. Location: Rajkot, Gujarat.",In Progress
DOC00100,P00100,Inspection Report,2025-05-13,856000.0,Contractor_009,"Nagpur, Maharashtra",,"Document for project P00100. Type: Inspection Report. Amount: 856000.0. Contractor: Contractor_009. Location: Nagpur, Maharashtra.",In Progress
DOC00101,P00101,Sanction Letter,2025-10-20,183750.0,Contractor_018,Different Location,,Document for project P00101. Type: Sanction Letter. Amount: 183750.0. Contractor: Contractor_018. Location: Different Location.,Delayed
DOC00102,P00102,Utilization Certificate,2024-04-27,1692000.0,Contractor_031,"Khordha, Odisha",,"Document for project P00102. Type: Utilization Certificate. Amount: 1692000.0. Contractor: Contractor_031. Location: Khordha, Odisha.",In Progress
DOC00103,P00103,Completion Certificate,2025-08-06,2572000.0,Contractor_011,"Belagavi, Karnataka",,"Document for project P00103. Type: Completion Certificate. Amount: 2572000.0. Contractor: Contractor_011. Location: Belagavi, Karnataka.",Completed
DOC00104,P00104,Inspection Report,2025-07-25,952000.0,Contractor_011,"Bengaluru Urban, Karnataka",,"Document for project P00104. Type: Inspection Report. Amount: 952000.0. Contractor: Contractor_011. Location: Bengaluru Urban, Karnataka.",Delayed
DOC00105,P00105,Sanction Letter,2024-05-02,3237000.0,Contractor_052,"Dharwad, Karnataka",,"Document for project P00105. Type: Sanction Letter. Amount: 3237000.0. Contractor: Contractor_052. Location: Dharwad, Karnataka.",In Progress
DOC00106,P00106,Utilization Certificate,2025-07-08,2170000.0,Contractor_026,"Hyderabad, Telangana",,"Document for project P00106. Type: Utilization Certificate. Amount: 2170000.0. Contractor: Contractor_026. Location: Hyderabad, Telangana.",In Progress
DOC00107,P00107,Completion Certificate,2024-08-06,858000.0,Contractor_058,"Thrissur, Kerala",,"Document for project P00107. Type: Completion Certificate. Amount: 858000.0. Contractor: Contractor_058. Location: Thrissur, Kerala.",In Progress
DOC00108,P00108,Inspection Report,2024-05-29,1331000.0,Contractor_012,"Kolkata, West Bengal",,"Document for project P00108. Type: Inspection Report. Amount: 1331000.0. Contractor: Contractor_012. Location: Kolkata, West Bengal.",In Progress
DOC00109,P00109,Sanction Letter,2026-01-11,685000.0,Contractor_023,"Rajkot, Gujarat",,"Document for project P00109. Type: Sanction Letter. Amount: 685000.0. Contractor: Contractor_023. Location: Rajkot, Gujarat.",In Progress
DOC00110,P00110,Utilization Certificate,2024-02-12,1154000.0,Contractor_046,"Chennai, Tamil Nadu",,"Document for project P00110. Type: Utilization Certificate. Amount: 1154000.0. Contractor: Contractor_046. Location: Chennai, Tamil Nadu.",In Progress
DOC00111,P00111,Completion Certificate,2024-09-24,2950000.0,Contractor_051,"Visakhapatnam, Andhra Pradesh",,"Document for project P00111. Type: Completion Certificate. Amount: 2950000.0. Contractor: Contractor_051. Location: Visakhapatnam, Andhra Pradesh.",In Progress
DOC00112,P00112,Inspection Report,2025-02-08,2735000.0,Contractor_025,"Warangal, Telangana",,"Document for project P00112. Type: Inspection Report. Amount: 2735000.0. Contractor: Contractor_025. Location: Warangal, Telangana.",Completed
DOC00113,P00113,Sanction Letter,2024-05-29,421000.0,Contractor_026,"Krishna, Andhra Pradesh",,"Document for project P00113. Type: Sanction Letter. Amount: 421000.0. Contractor: Contractor_026. Location: Krishna, Andhra Pradesh.",Delayed
DOC00114,P00114,Utilization Certificate,2026-03-01,340000.0,Contractor_042,"Kota, Rajasthan",,"Document for project P00114. Type: Utilization Certificate. Amount: 340000.0. Contractor: Contractor_042. Location: Kota, Rajasthan.",Delayed
DOC00115,P00115,Completion Certificate,2024-02-07,791000.0,Contractor_032,"Tirupati, Andhra Pradesh",,"Document for project P00115. Type: Completion Certificate. Amount: 791000.0. Contractor: Contractor_032. Location: Tirupati, Andhra Pradesh.",In Progress
DOC00116,P00116,Inspection Report,2024-11-19,1109000.0,Contractor_035,"Dharwad, Karnataka",,"Document for project P00116. Type: Inspection Report. Amount: 1109000.0. Contractor: Contractor_035. Location: Dharwad, Karnataka.",Delayed
DOC00117,P00117,Sanction Letter,2025-01-01,551000.0,Contractor_018,"Cuttack, Odisha",,"Document for project P00117. Type: Sanction Letter. Amount: 551000.0. Contractor: Contractor_018. Location: Cuttack, Odisha.",In Progress
DOC00118,P00118,Utilization Certificate,2024-09-29,10468000.0,Contractor_046,"Nashik, Maharashtra",,"Document for project P00118. Type: Utilization Certificate. Amount: 10468000.0. Contractor: Contractor_046. Location: Nashik, Maharashtra.",Completed
DOC00119,P00119,Completion Certificate,2025-12-03,1734000.0,Contractor_059,"Kozhikode, Kerala",,"Document for project P00119. Type: Completion Certificate. Amount: 1734000.0. Contractor: Contractor_059. Location: Kozhikode, Kerala.",In Progress
DOC00120,P00120,Inspection Report,2025-08-01,1121000.0,Contractor_057,"Khordha, Odisha",,"Document for project P00120. Type: Inspection Report. Amount: 1121000.0. Contractor: Contractor_057. Location: Khordha, Odisha.",Completed
DOC00121,P00121,Sanction Letter,2024-11-13,1276000.0,Contractor_048,"Kota, Rajasthan",,"Document for project P00121. Type: Sanction Letter. Amount: 1276000.0. Contractor: Contractor_048. Location: Kota, Rajasthan.",In Progress
DOC00122,P00122,Utilization Certificate,2025-05-20,475000.0,Contractor_050,"Jaipur, Rajasthan",,"Document for project P00122. Type: Utilization Certificate. Amount: 475000.0. Contractor: Contractor_050. Location: Jaipur, Rajasthan.",In Progress
DOC00123,P00123,Completion Certificate,2024-12-20,567000.0,Contractor_031,"Surat, Gujarat",,"Document for project P00123. Type: Completion Certificate. Amount: 567000.0. Contractor: Contractor_031. Location: Surat, Gujarat.",Delayed
DOC00124,P00124,Inspection Report,2024-05-18,357000.0,Contractor_035,"Madurai, Tamil Nadu",,"Document for project P00124. Type: Inspection Report. Amount: 357000.0. Contractor: Contractor_035. Location: Madurai, Tamil Nadu.",In Progress
DOC00125,P00125,Sanction Letter,2024-03-23,4220000.0,Contractor_022,"Coimbatore, Tamil Nadu",,"Document for project P00125. Type: Sanction Letter. Amount: 4220000.0. Contractor: Contractor_022. Location: Coimbatore, Tamil Nadu.",In Progress
DOC00126,P00126,Utilization Certificate,2024-01-31,2245000.0,Contractor_019,"Krishna, Andhra Pradesh",,"Document for project P00126. Type: Utilization Certificate. Amount: 2245000.0. Contractor: Contractor_019. Location: Krishna, Andhra Pradesh.",Completed
DOC00127,P00127,Completion Certificate,2024-04-09,697000.0,Contractor_055,"Malda, West Bengal",,"Document for project P00127. Type: Completion Certificate. Amount: 697000.0. Contractor: Contractor_055. Location: Malda, West Bengal.",In Progress
DOC00128,P00128,Inspection Report,2024-09-21,650000.0,Contractor_031,"Tirupati, Andhra Pradesh",,"Document for project P00128. Type: Inspection Report. Amount: 650000.0. Contractor: Contractor_031. Location: Tirupati, Andhra Pradesh.",In Progress
DOC00129,P00129,Sanction Letter,2024-04-17,998000.0,Contractor_052,"Aurangabad, Maharashtra",,"Document for project P00129. Type: Sanction Letter. Amount: 998000.0. Contractor: Contractor_052. Location: Aurangabad, Maharashtra.",Delayed
DOC00130,P00130,Utilization Certificate,2024-11-28,1114000.0,Contractor_052,"Mysuru, Karnataka",,"Document for project P00130. Type: Utilization Certificate. Amount: 1114000.0. Contractor: Contractor_052. Location: Mysuru, Karnataka.",Delayed
DOC00131,P00131,Completion Certificate,2024-07-04,1156000.0,Contractor_009,"Dharwad, Karnataka",,"Document for project P00131. Type: Completion Certificate. Amount: 1156000.0. Contractor: Contractor_009. Location: Dharwad, Karnataka.",In Progress
DOC00132,P00132,Inspection Report,2025-04-01,2767000.0,Contractor_029,"Aurangabad, Maharashtra",,"Document for project P00132. Type: Inspection Report. Amount: 2767000.0. Contractor: Contractor_029. Location: Aurangabad, Maharashtra.",Delayed
DOC00133,P00133,Sanction Letter,2026-03-14,460000.0,Contractor_049,"Coimbatore, Tamil Nadu",,"Document for project P00133. Type: Sanction Letter. Amount: 460000.0. Contractor: Contractor_049. Location: Coimbatore, Tamil Nadu.",In Progress
DOC00134,P00134,Utilization Certificate,2024-05-23,1509000.0,Contractor_006,"Darjeeling, West Bengal",,"Document for project P00134. Type: Utilization Certificate. Amount: 1509000.0. Contractor: Contractor_006. Location: Darjeeling, West Bengal.",In Progress
DOC00135,P00135,Completion Certificate,2024-12-24,698000.0,Contractor_017,"Kozhikode, Kerala",,"Document for project P00135. Type: Completion Certificate. Amount: 698000.0. Contractor: Contractor_017. Location: Kozhikode, Kerala.",Completed
DOC00136,P00136,Inspection Report,2025-11-29,3240000.0,Contractor_041,"Kolkata, West Bengal",,"Document for project P00136. Type: Inspection Report. Amount: 3240000.0. Contractor: Contractor_041. Location: Kolkata, West Bengal.",Completed
DOC00137,P00137,Sanction Letter,2024-11-11,632000.0,Contractor_024,"Rajkot, Gujarat",,"Document for project P00137. Type: Sanction Letter. Amount: 632000.0. Contractor: Contractor_024. Location: Rajkot, Gujarat.",In Progress
DOC00138,P00138,Utilization Certificate,2025-09-27,1862000.0,Contractor_012,"Nashik, Maharashtra",,"Document for project P00138. Type: Utilization Certificate. Amount: 1862000.0. Contractor: Contractor_012. Location: Nashik, Maharashtra.",Completed
DOC00139,P00139,Completion Certificate,2025-08-24,855000.0,Contractor_050,"Malda, West Bengal",,"Document for project P00139. Type: Completion Certificate. Amount: 855000.0. Contractor: Contractor_050. Location: Malda, West Bengal.",In Progress
DOC00140,P00140,Inspection Report,2025-02-12,2889000.0,Contractor_014,"Guntur, Andhra Pradesh",,"Document for project P00140. Type: Inspection Report. Amount: 2889000.0. Contractor: Contractor_014. Location: Guntur, Andhra Pradesh.",In Progress
DOC00141,P00141,Sanction Letter,2024-07-23,2669000.0,Contractor_033,"Nagpur, Maharashtra",,"Document for project P00141. Type: Sanction Letter. Amount: 2669000.0. Contractor: Contractor_033. Location: Nagpur, Maharashtra.",In Progress
DOC00142,P00142,Utilization Certificate,2025-02-27,1336000.0,Contractor_046,"Karimnagar, Telangana",,"Document for project P00142. Type: Utilization Certificate. Amount: 1336000.0. Contractor: Contractor_046. Location: Karimnagar, Telangana.",In Progress
DOC00143,P00143,Completion Certificate,2025-02-09,655000.0,Contractor_005,"Kolkata, West Bengal",,"Document for project P00143. Type: Completion Certificate. Amount: 655000.0. Contractor: Contractor_005. Location: Kolkata, West Bengal.",Delayed
DOC00144,P00144,Inspection Report,2026-01-11,946000.0,Contractor_037,"Malda, West Bengal",,"Document for project P00144. Type: Inspection Report. Amount: 946000.0. Contractor: Contractor_037. Location: Malda, West Bengal.",In Progress
DOC00145,P00145,Sanction Letter,2024-06-14,1239000.0,Contractor_059,"Bengaluru Urban, Karnataka",,"Document for project P00145. Type: Sanction Letter. Amount: 1239000.0. Contractor: Contractor_059. Location: Bengaluru Urban, Karnataka.",In Progress
DOC00146,P00146,Utilization Certificate,2024-04-29,1776000.0,Contractor_042,"Rajkot, Gujarat",,"Document for project P00146. Type: Utilization Certificate. Amount: 1776000.0. Contractor: Contractor_042. Location: Rajkot, Gujarat.",In Progress
DOC00147,P00147,Completion Certificate,2025-10-18,284000.0,Contractor_054,"Malda, West Bengal",,"Document for project P00147. Type: Completion Certificate. Amount: 284000.0. Contractor: Contractor_054. Location: Malda, West Bengal.",In Progress
DOC00148,P00148,Inspection Report,2024-03-16,478000.0,Contractor_032,"Malda, West Bengal",,"Document for project P00148. Type: Inspection Report. Amount: 478000.0. Contractor: Contractor_032. Location: Malda, West Bengal.",In Progress
DOC00149,P00149,Sanction Letter,2026-04-15,1217000.0,Contractor_008,"Darjeeling, West Bengal",,"Document for project P00149. Type: Sanction Letter. Amount: 1217000.0. Contractor: Contractor_008. Location: Darjeeling, West Bengal.",In Progress
DOC00150,P00150,Utilization Certificate,2025-01-29,1370000.0,Contractor_002,"Guntur, Andhra Pradesh",,"Document for project P00150. Type: Utilization Certificate. Amount: 1370000.0. Contractor: Contractor_002. Location: Guntur, Andhra Pradesh.",In Progress
DOC00151,P00151,Completion Certificate,2024-07-09,2097500.0,Different Contractor,"Kozhikode, Kerala",,"Document for project P00151. Type: Completion Certificate. Amount: 2097500.0. Contractor: Different Contractor. Location: Kozhikode, Kerala.",In Progress
DOC00152,P00152,Inspection Report,2024-07-12,426000.0,Contractor_007,"Dharwad, Karnataka",,"Document for project P00152. Type: Inspection Report. Amount: 426000.0. Contractor: Contractor_007. Location: Dharwad, Karnataka.",In Progress
DOC00153,P00153,Sanction Letter,2026-01-15,1735000.0,Contractor_041,"Surat, Gujarat",,"Document for project P00153. Type: Sanction Letter. Amount: 1735000.0. Contractor: Contractor_041. Location: Surat, Gujarat.",In Progress
DOC00154,P00154,Utilization Certificate,2024-12-01,2412000.0,Contractor_028,"Thrissur, Kerala",,"Document for project P00154. Type: Utilization Certificate. Amount: 2412000.0. Contractor: Contractor_028. Location: Thrissur, Kerala.",Completed
DOC00155,P00155,Completion Certificate,2026-02-19,3416000.0,Contractor_006,"Nizamabad, Telangana",,"Document for project P00155. Type: Completion Certificate. Amount: 3416000.0. Contractor: Contractor_006. Location: Nizamabad, Telangana.",In Progress
DOC00156,P00156,Inspection Report,2024-11-21,2907000.0,Contractor_057,"Kollam, Kerala",,"Document for project P00156. Type: Inspection Report. Amount: 2907000.0. Contractor: Contractor_057. Location: Kollam, Kerala.",In Progress
DOC00157,P00157,Sanction Letter,2025-08-28,1104000.0,Contractor_053,"Chennai, Tamil Nadu",,"Document for project P00157. Type: Sanction Letter. Amount: 1104000.0. Contractor: Contractor_053. Location: Chennai, Tamil Nadu.",In Progress
DOC00158,P00158,Utilization Certificate,2024-08-06,1551000.0,Contractor_025,"Nashik, Maharashtra",,"Document for project P00158. Type: Utilization Certificate. Amount: 1551000.0. Contractor: Contractor_025. Location: Nashik, Maharashtra.",In Progress
DOC00159,P00159,Completion Certificate,2025-08-26,1358000.0,Contractor_051,"Aurangabad, Maharashtra",,"Document for project P00159. Type: Completion Certificate. Amount: 1358000.0. Contractor: Contractor_051. Location: Aurangabad, Maharashtra.",In Progress
DOC00160,P00160,Inspection Report,2025-05-06,863000.0,Contractor_012,"Warangal, Telangana",,"Document for project P00160. Type: Inspection Report. Amount: 863000.0. Contractor: Contractor_012. Location: Warangal, Telangana.",In Progress
DOC00161,P00161,Sanction Letter,2026-04-21,506000.0,Contractor_027,"Pune, Maharashtra",,"Document for project P00161. Type: Sanction Letter. Amount: 506000.0. Contractor: Contractor_027. Location: Pune, Maharashtra.",In Progress
DOC00162,P00162,Utilization Certificate,2025-01-15,1505000.0,Contractor_042,"Vadodara, Gujarat",,"Document for project P00162. Type: Utilization Certificate. Amount: 1505000.0. Contractor: Contractor_042. Location: Vadodara, Gujarat.",In Progress
DOC00163,P00163,Completion Certificate,2025-12-28,220000.0,Contractor_015,"Vadodara, Gujarat",,"Document for project P00163. Type: Completion Certificate. Amount: 220000.0. Contractor: Contractor_015. Location: Vadodara, Gujarat.",In Progress
DOC00164,P00164,Inspection Report,2025-06-12,3228000.0,Contractor_004,"Nashik, Maharashtra",,"Document for project P00164. Type: Inspection Report. Amount: 3228000.0. Contractor: Contractor_004. Location: Nashik, Maharashtra.",In Progress
DOC00165,P00165,Sanction Letter,2024-07-08,1147000.0,Contractor_056,"Chennai, Tamil Nadu",,"Document for project P00165. Type: Sanction Letter. Amount: 1147000.0. Contractor: Contractor_056. Location: Chennai, Tamil Nadu.",Delayed
DOC00166,P00166,Utilization Certificate,2025-05-26,690000.0,Contractor_031,"Vadodara, Gujarat",,"Document for project P00166. Type: Utilization Certificate. Amount: 690000.0. Contractor: Contractor_031. Location: Vadodara, Gujarat.",In Progress
DOC00167,P00167,Completion Certificate,2024-07-03,708000.0,Contractor_007,"Ernakulam, Kerala",,"Document for project P00167. Type: Completion Certificate. Amount: 708000.0. Contractor: Contractor_007. Location: Ernakulam, Kerala.",In Progress
DOC00168,P00168,Inspection Report,2025-06-16,1344000.0,Contractor_031,"Ahmedabad, Gujarat",,"Document for project P00168. Type: Inspection Report. Amount: 1344000.0. Contractor: Contractor_031. Location: Ahmedabad, Gujarat.",In Progress
DOC00169,P00169,Sanction Letter,2024-07-09,1423000.0,Contractor_044,"Aurangabad, Maharashtra",,"Document for project P00169. Type: Sanction Letter. Amount: 1423000.0. Contractor: Contractor_044. Location: Aurangabad, Maharashtra.",In Progress
DOC00170,P00170,Utilization Certificate,2024-06-22,2205000.0,Contractor_058,"Salem, Tamil Nadu",,"Document for project P00170. Type: Utilization Certificate. Amount: 2205000.0. Contractor: Contractor_058. Location: Salem, Tamil Nadu.",In Progress
DOC00171,P00171,Completion Certificate,2025-04-10,727000.0,Contractor_026,"Warangal, Telangana",,"Document for project P00171. Type: Completion Certificate. Amount: 727000.0. Contractor: Contractor_026. Location: Warangal, Telangana.",In Progress
DOC00172,P00172,Inspection Report,2025-01-14,497000.0,Contractor_042,"Kollam, Kerala",,"Document for project P00172. Type: Inspection Report. Amount: 497000.0. Contractor: Contractor_042. Location: Kollam, Kerala.",Delayed
DOC00173,P00173,Sanction Letter,2025-05-09,646000.0,Contractor_038,"Hyderabad, Telangana",,"Document for project P00173. Type: Sanction Letter. Amount: 646000.0. Contractor: Contractor_038. Location: Hyderabad, Telangana.",In Progress
DOC00174,P00174,Utilization Certificate,2024-05-31,1623000.0,Contractor_053,"Guntur, Andhra Pradesh",,"Document for project P00174. Type: Utilization Certificate. Amount: 1623000.0. Contractor: Contractor_053. Location: Guntur, Andhra Pradesh.",In Progress
DOC00175,P00175,Completion Certificate,2025-02-09,994000.0,Contractor_015,"Kozhikode, Kerala",,"Document for project P00175. Type: Completion Certificate. Amount: 994000.0. Contractor: Contractor_015. Location: Kozhikode, Kerala.",In Progress
DOC00176,P00176,Inspection Report,2025-11-19,1086000.0,Contractor_010,"Sambalpur, Odisha",,"Document for project P00176. Type: Inspection Report. Amount: 1086000.0. Contractor: Contractor_010. Location: Sambalpur, Odisha.",In Progress
DOC00177,P00177,Sanction Letter,2025-12-01,1817000.0,Contractor_043,"Hyderabad, Telangana",,"Document for project P00177. Type: Sanction Letter. Amount: 1817000.0. Contractor: Contractor_043. Location: Hyderabad, Telangana.",In Progress
DOC00178,P00178,Utilization Certificate,2026-04-05,322000.0,Contractor_040,"Tirupati, Andhra Pradesh",,"Document for project P00178. Type: Utilization Certificate. Amount: 322000.0. Contractor: Contractor_040. Location: Tirupati, Andhra Pradesh.",In Progress
DOC00179,P00179,Completion Certificate,2025-09-12,947000.0,Contractor_023,"Kolkata, West Bengal",,"Document for project P00179. Type: Completion Certificate. Amount: 947000.0. Contractor: Contractor_023. Location: Kolkata, West Bengal.",In Progress
DOC00180,P00180,Inspection Report,2026-03-12,764000.0,Contractor_008,"Howrah, West Bengal",,"Document for project P00180. Type: Inspection Report. Amount: 764000.0. Contractor: Contractor_008. Location: Howrah, West Bengal.",Delayed
DOC00181,P00181,Sanction Letter,2026-04-19,254000.0,Contractor_031,"Nizamabad, Telangana",,"Document for project P00181. Type: Sanction Letter. Amount: 254000.0. Contractor: Contractor_031. Location: Nizamabad, Telangana.",Delayed
DOC00182,P00182,Utilization Certificate,2025-03-18,2081000.0,Contractor_017,"Karimnagar, Telangana",,"Document for project P00182. Type: Utilization Certificate. Amount: 2081000.0. Contractor: Contractor_017. Location: Karimnagar, Telangana.",In Progress
DOC00183,P00183,Completion Certificate,2024-02-10,872000.0,Contractor_019,"Visakhapatnam, Andhra Pradesh",,"Document for project P00183. Type: Completion Certificate. Amount: 872000.0. Contractor: Contractor_019. Location: Visakhapatnam, Andhra Pradesh.",In Progress
DOC00184,P00184,Inspection Report,2024-04-02,698000.0,Contractor_009,"Nashik, Maharashtra",,"Document for project P00184. Type: Inspection Report. Amount: 698000.0. Contractor: Contractor_009. Location: Nashik, Maharashtra.",In Progress
DOC00185,P00185,Sanction Letter,2024-10-20,1598000.0,Contractor_047,"Ganjam, Odisha",,"Document for project P00185. Type: Sanction Letter. Amount: 1598000.0. Contractor: Contractor_047. Location: Ganjam, Odisha.",In Progress
DOC00186,P00186,Utilization Certificate,2026-02-28,3366000.0,Contractor_005,"Thrissur, Kerala",,"Document for project P00186. Type: Utilization Certificate. Amount: 3366000.0. Contractor: Contractor_005. Location: Thrissur, Kerala.",In Progress
DOC00187,P00187,Completion Certificate,2024-10-02,1123000.0,Contractor_003,"Tirupati, Andhra Pradesh",,"Document for project P00187. Type: Completion Certificate. Amount: 1123000.0. Contractor: Contractor_003. Location: Tirupati, Andhra Pradesh.",Delayed
DOC00188,P00188,Inspection Report,2026-03-01,1428000.0,Contractor_052,"Kozhikode, Kerala",,"Document for project P00188. Type: Inspection Report. Amount: 1428000.0. Contractor: Contractor_052. Location: Kozhikode, Kerala.",In Progress
DOC00189,P00189,Sanction Letter,2026-04-10,691000.0,Contractor_023,"Nashik, Maharashtra",,"Document for project P00189. Type: Sanction Letter. Amount: 691000.0. Contractor: Contractor_023. Location: Nashik, Maharashtra.",In Progress
DOC00190,P00190,Utilization Certificate,2024-10-23,1451000.0,Contractor_045,"Kozhikode, Kerala",,"Document for project P00190. Type: Utilization Certificate. Amount: 1451000.0. Contractor: Contractor_045. Location: Kozhikode, Kerala.",In Progress
DOC00191,P00191,Completion Certificate,2024-04-15,781000.0,Contractor_042,"Kozhikode, Kerala",,"Document for project P00191. Type: Completion Certificate. Amount: 781000.0. Contractor: Contractor_042. Location: Kozhikode, Kerala.",In Progress
DOC00192,P00192,Inspection Report,2024-05-18,1084000.0,Contractor_057,"Coimbatore, Tamil Nadu",,"Document for project P00192. Type: Inspection Report. Amount: 1084000.0. Contractor: Contractor_057. Location: Coimbatore, Tamil Nadu.",In Progress
DOC00193,P00193,Sanction Letter,2024-08-20,462000.0,Contractor_037,"Kolkata, West Bengal",,"Document for project P00193. Type: Sanction Letter. Amount: 462000.0. Contractor: Contractor_037. Location: Kolkata, West Bengal.",In Progress
DOC00194,P00194,Utilization Certificate,2025-10-05,2803000.0,Contractor_029,"Bengaluru Urban, Karnataka",,"Document for project P00194. Type: Utilization Certificate. Amount: 2803000.0. Contractor: Contractor_029. Location: Bengaluru Urban, Karnataka.",In Progress
DOC00195,P00195,Completion Certificate,2025-10-13,1228000.0,Contractor_009,"Krishna, Andhra Pradesh",,"Document for project P00195. Type: Completion Certificate. Amount: 1228000.0. Contractor: Contractor_009. Location: Krishna, Andhra Pradesh.",In Progress
DOC00196,P00196,Inspection Report,2025-11-10,1732000.0,Contractor_041,"Sambalpur, Odisha",,"Document for project P00196. Type: Inspection Report. Amount: 1732000.0. Contractor: Contractor_041. Location: Sambalpur, Odisha.",In Progress
DOC00197,P00197,Sanction Letter,2026-01-17,1177000.0,Contractor_003,"Jodhpur, Rajasthan",,"Document for project P00197. Type: Sanction Letter. Amount: 1177000.0. Contractor: Contractor_003. Location: Jodhpur, Rajasthan.",In Progress
DOC00198,P00198,Utilization Certificate,2025-04-25,673000.0,Contractor_056,"Howrah, West Bengal",,"Document for project P00198. Type: Utilization Certificate. Amount: 673000.0. Contractor: Contractor_056. Location: Howrah, West Bengal.",In Progress
DOC00199,P00199,Completion Certificate,2025-11-26,2363000.0,Contractor_011,"Ernakulam, Kerala",,"Document for project P00199. Type: Completion Certificate. Amount: 2363000.0. Contractor: Contractor_011. Location: Ernakulam, Kerala.",In Progress
DOC00200,P00200,Inspection Report,2025-03-11,614000.0,Contractor_021,"Hyderabad, Telangana",,"Document for project P00200. Type: Inspection Report. Amount: 614000.0. Contractor: Contractor_021. Location: Hyderabad, Telangana.",In Progress
DOC00201,P00201,Sanction Letter,2024-05-12,833750.0,Contractor_036,Different Location,,Document for project P00201. Type: Sanction Letter. Amount: 833750.0. Contractor: Contractor_036. Location: Different Location.,In Progress
DOC00202,P00202,Utilization Certificate,2024-09-24,1225000.0,Contractor_036,"Sambalpur, Odisha",,"Document for project P00202. Type: Utilization Certificate. Amount: 1225000.0. Contractor: Contractor_036. Location: Sambalpur, Odisha.",In Progress
DOC00203,P00203,Completion Certificate,2024-10-15,1203000.0,Contractor_053,"Visakhapatnam, Andhra Pradesh",,"Document for project P00203. Type: Completion Certificate. Amount: 1203000.0. Contractor: Contractor_053. Location: Visakhapatnam, Andhra Pradesh.",In Progress
DOC00204,P00204,Inspection Report,2024-02-21,1645000.0,Contractor_042,"Coimbatore, Tamil Nadu",,"Document for project P00204. Type: Inspection Report. Amount: 1645000.0. Contractor: Contractor_042. Location: Coimbatore, Tamil Nadu.",In Progress
DOC00205,P00205,Sanction Letter,2024-11-18,1540000.0,Contractor_033,"Rajkot, Gujarat",,"Document for project P00205. Type: Sanction Letter. Amount: 1540000.0. Contractor: Contractor_033. Location: Rajkot, Gujarat.",In Progress
DOC00206,P00206,Utilization Certificate,2024-03-19,1236000.0,Contractor_027,"Jodhpur, Rajasthan",,"Document for project P00206. Type: Utilization Certificate. Amount: 1236000.0. Contractor: Contractor_027. Location: Jodhpur, Rajasthan.",In Progress
DOC00207,P00207,Completion Certificate,2026-01-08,459000.0,Contractor_043,"Kollam, Kerala",,"Document for project P00207. Type: Completion Certificate. Amount: 459000.0. Contractor: Contractor_043. Location: Kollam, Kerala.",In Progress
DOC00208,P00208,Inspection Report,2024-03-20,668000.0,Contractor_037,"Pune, Maharashtra",,"Document for project P00208. Type: Inspection Report. Amount: 668000.0. Contractor: Contractor_037. Location: Pune, Maharashtra.",In Progress
DOC00209,P00209,Sanction Letter,2025-09-11,494000.0,Contractor_006,"Khordha, Odisha",,"Document for project P00209. Type: Sanction Letter. Amount: 494000.0. Contractor: Contractor_006. Location: Khordha, Odisha.",Completed
DOC00210,P00210,Utilization Certificate,2025-01-01,292000.0,Contractor_017,"Darjeeling, West Bengal",,"Document for project P00210. Type: Utilization Certificate. Amount: 292000.0. Contractor: Contractor_017. Location: Darjeeling, West Bengal.",In Progress
DOC00211,P00211,Completion Certificate,2025-02-25,2180000.0,Contractor_008,"Tirupati, Andhra Pradesh",,"Document for project P00211. Type: Completion Certificate. Amount: 2180000.0. Contractor: Contractor_008. Location: Tirupati, Andhra Pradesh.",In Progress
DOC00212,P00212,Inspection Report,2025-02-27,10279000.0,Contractor_034,"Visakhapatnam, Andhra Pradesh",,"Document for project P00212. Type: Inspection Report. Amount: 10279000.0. Contractor: Contractor_034. Location: Visakhapatnam, Andhra Pradesh.",Completed
DOC00213,P00213,Sanction Letter,2024-05-24,806000.0,Contractor_019,"Khordha, Odisha",,"Document for project P00213. Type: Sanction Letter. Amount: 806000.0. Contractor: Contractor_019. Location: Khordha, Odisha.",Delayed
DOC00214,P00214,Utilization Certificate,2025-12-26,772000.0,Contractor_046,"Jaipur, Rajasthan",,"Document for project P00214. Type: Utilization Certificate. Amount: 772000.0. Contractor: Contractor_046. Location: Jaipur, Rajasthan.",In Progress
DOC00215,P00215,Completion Certificate,2025-02-10,2721000.0,Contractor_041,"Ahmedabad, Gujarat",,"Document for project P00215. Type: Completion Certificate. Amount: 2721000.0. Contractor: Contractor_041. Location: Ahmedabad, Gujarat.",Delayed
DOC00216,P00216,Inspection Report,2024-08-01,587000.0,Contractor_027,"Cuttack, Odisha",,"Document for project P00216. Type: Inspection Report. Amount: 587000.0. Contractor: Contractor_027. Location: Cuttack, Odisha.",In Progress
DOC00217,P00217,Sanction Letter,2024-02-10,2351000.0,Contractor_034,"Ernakulam, Kerala",,"Document for project P00217. Type: Sanction Letter. Amount: 2351000.0. Contractor: Contractor_034. Location: Ernakulam, Kerala.",Delayed
DOC00218,P00218,Utilization Certificate,2026-04-22,1689000.0,Contractor_024,"Nashik, Maharashtra",,"Document for project P00218. Type: Utilization Certificate. Amount: 1689000.0. Contractor: Contractor_024. Location: Nashik, Maharashtra.",Completed
DOC00219,P00219,Completion Certificate,2025-04-17,765000.0,Contractor_021,"Bengaluru Urban, Karnataka",,"Document for project P00219. Type: Completion Certificate. Amount: 765000.0. Contractor: Contractor_021. Location: Bengaluru Urban, Karnataka.",Completed
DOC00220,P00220,Inspection Report,2025-03-24,372000.0,Contractor_007,"Pune, Maharashtra",,"Document for project P00220. Type: Inspection Report. Amount: 372000.0. Contractor: Contractor_007. Location: Pune, Maharashtra.",Delayed
DOC00221,P00221,Sanction Letter,2025-06-20,11070000.0,Contractor_012,"Nizamabad, Telangana",,"Document for project P00221. Type: Sanction Letter. Amount: 11070000.0. Contractor: Contractor_012. Location: Nizamabad, Telangana.",In Progress
DOC00222,P00222,Utilization Certificate,2025-10-04,537000.0,Contractor_052,"Coimbatore, Tamil Nadu",,"Document for project P00222. Type: Utilization Certificate. Amount: 537000.0. Contractor: Contractor_052. Location: Coimbatore, Tamil Nadu.",In Progress
DOC00223,P00223,Completion Certificate,2025-07-12,1858000.0,Contractor_051,"Darjeeling, West Bengal",,"Document for project P00223. Type: Completion Certificate. Amount: 1858000.0. Contractor: Contractor_051. Location: Darjeeling, West Bengal.",In Progress
DOC00224,P00224,Inspection Report,2025-07-31,252000.0,Contractor_044,"Rajkot, Gujarat",,"Document for project P00224. Type: Inspection Report. Amount: 252000.0. Contractor: Contractor_044. Location: Rajkot, Gujarat.",Delayed
DOC00225,P00225,Sanction Letter,2025-09-06,1083000.0,Contractor_060,"Kota, Rajasthan",,"Document for project P00225. Type: Sanction Letter. Amount: 1083000.0. Contractor: Contractor_060. Location: Kota, Rajasthan.",Delayed
DOC00226,P00226,Utilization Certificate,2024-10-14,3736000.0,Different Contractor,"Ahmedabad, Gujarat",,"Document for project P00226. Type: Utilization Certificate. Amount: 3736000.0. Contractor: Different Contractor. Location: Ahmedabad, Gujarat.",In Progress
DOC00227,P00227,Completion Certificate,2026-01-21,1518000.0,Contractor_030,"Rajkot, Gujarat",,"Document for project P00227. Type: Completion Certificate. Amount: 1518000.0. Contractor: Contractor_030. Location: Rajkot, Gujarat.",In Progress
DOC00228,P00228,Inspection Report,2024-02-15,3126000.0,Contractor_043,"Howrah, West Bengal",,"Document for project P00228. Type: Inspection Report. Amount: 3126000.0. Contractor: Contractor_043. Location: Howrah, West Bengal.",In Progress
DOC00229,P00229,Sanction Letter,2024-05-03,10625000.0,Contractor_027,"Aurangabad, Maharashtra",,"Document for project P00229. Type: Sanction Letter. Amount: 10625000.0. Contractor: Contractor_027. Location: Aurangabad, Maharashtra.",In Progress
DOC00230,P00230,Utilization Certificate,2026-02-06,746000.0,Contractor_011,"Rajkot, Gujarat",,"Document for project P00230. Type: Utilization Certificate. Amount: 746000.0. Contractor: Contractor_011. Location: Rajkot, Gujarat.",Delayed
DOC00231,P00231,Completion Certificate,2024-01-11,1968000.0,Contractor_027,"Krishna, Andhra Pradesh",,"Document for project P00231. Type: Completion Certificate. Amount: 1968000.0. Contractor: Contractor_027. Location: Krishna, Andhra Pradesh.",In Progress
DOC00232,P00232,Inspection Report,2024-09-06,1511000.0,Contractor_016,"Cuttack, Odisha",,"Document for project P00232. Type: Inspection Report. Amount: 1511000.0. Contractor: Contractor_016. Location: Cuttack, Odisha.",Delayed
DOC00233,P00233,Sanction Letter,2025-06-09,3059000.0,Contractor_005,"Jaipur, Rajasthan",,"Document for project P00233. Type: Sanction Letter. Amount: 3059000.0. Contractor: Contractor_005. Location: Jaipur, Rajasthan.",In Progress
DOC00234,P00234,Utilization Certificate,2025-04-18,1048000.0,Contractor_023,"Pune, Maharashtra",,"Document for project P00234. Type: Utilization Certificate. Amount: 1048000.0. Contractor: Contractor_023. Location: Pune, Maharashtra.",Delayed
DOC00235,P00235,Completion Certificate,2024-03-06,874000.0,Contractor_039,"Dharwad, Karnataka",,"Document for project P00235. Type: Completion Certificate. Amount: 874000.0. Contractor: Contractor_039. Location: Dharwad, Karnataka.",Delayed
DOC00236,P00236,Inspection Report,2024-04-15,487000.0,Contractor_032,"Darjeeling, West Bengal",,"Document for project P00236. Type: Inspection Report. Amount: 487000.0. Contractor: Contractor_032. Location: Darjeeling, West Bengal.",In Progress
DOC00237,P00237,Sanction Letter,2024-01-27,280000.0,Contractor_019,"Malda, West Bengal",,"Document for project P00237. Type: Sanction Letter. Amount: 280000.0. Contractor: Contractor_019. Location: Malda, West Bengal.",In Progress
DOC00238,P00238,Utilization Certificate,2025-02-24,1157000.0,Contractor_055,"Warangal, Telangana",,"Document for project P00238. Type: Utilization Certificate. Amount: 1157000.0. Contractor: Contractor_055. Location: Warangal, Telangana.",Completed
DOC00239,P00239,Completion Certificate,2025-04-21,483000.0,Contractor_012,"Krishna, Andhra Pradesh",,"Document for project P00239. Type: Completion Certificate. Amount: 483000.0. Contractor: Contractor_012. Location: Krishna, Andhra Pradesh.",Delayed
DOC00240,P00240,Inspection Report,2024-06-26,823000.0,Contractor_021,"Mysuru, Karnataka",,"Document for project P00240. Type: Inspection Report. Amount: 823000.0. Contractor: Contractor_021. Location: Mysuru, Karnataka.",In Progress
DOC00241,P00241,Sanction Letter,2025-07-18,2398000.0,Contractor_025,"Rajkot, Gujarat",,"Document for project P00241. Type: Sanction Letter. Amount: 2398000.0. Contractor: Contractor_025. Location: Rajkot, Gujarat.",In Progress
DOC00242,P00242,Utilization Certificate,2024-07-10,3083000.0,Contractor_045,"Ernakulam, Kerala",,"Document for project P00242. Type: Utilization Certificate. Amount: 3083000.0. Contractor: Contractor_045. Location: Ernakulam, Kerala.",In Progress
DOC00243,P00243,Completion Certificate,2025-06-06,747000.0,Contractor_004,"Nagpur, Maharashtra",,"Document for project P00243. Type: Completion Certificate. Amount: 747000.0. Contractor: Contractor_004. Location: Nagpur, Maharashtra.",In Progress
DOC00244,P00244,Inspection Report,2025-12-26,356000.0,Contractor_010,"Sambalpur, Odisha",,"Document for project P00244. Type: Inspection Report. Amount: 356000.0. Contractor: Contractor_010. Location: Sambalpur, Odisha.",In Progress
DOC00245,P00245,Sanction Letter,2026-01-14,2804000.0,Contractor_041,"Nagpur, Maharashtra",,"Document for project P00245. Type: Sanction Letter. Amount: 2804000.0. Contractor: Contractor_041. Location: Nagpur, Maharashtra.",In Progress
DOC00246,P00246,Utilization Certificate,2025-11-21,2418000.0,Contractor_019,"Warangal, Telangana",,"Document for project P00246. Type: Utilization Certificate. Amount: 2418000.0. Contractor: Contractor_019. Location: Warangal, Telangana.",In Progress
DOC00247,P00247,Completion Certificate,2026-01-01,965000.0,Contractor_041,"Jaipur, Rajasthan",,"Document for project P00247. Type: Completion Certificate. Amount: 965000.0. Contractor: Contractor_041. Location: Jaipur, Rajasthan.",In Progress
DOC00248,P00248,Inspection Report,2025-09-21,3076000.0,Contractor_034,"Chennai, Tamil Nadu",,"Document for project P00248. Type: Inspection Report. Amount: 3076000.0. Contractor: Contractor_034. Location: Chennai, Tamil Nadu.",In Progress
DOC00249,P00249,Sanction Letter,2024-06-03,2278000.0,Contractor_029,"Kozhikode, Kerala",,"Document for project P00249. Type: Sanction Letter. Amount: 2278000.0. Contractor: Contractor_029. Location: Kozhikode, Kerala.",Delayed
DOC00250,P00250,Utilization Certificate,2024-06-07,1688000.0,Contractor_055,"Guntur, Andhra Pradesh",,"Document for project P00250. Type: Utilization Certificate. Amount: 1688000.0. Contractor: Contractor_055. Location: Guntur, Andhra Pradesh.",Completed
DOC00251,P00251,Completion Certificate,2025-07-27,905000.0,Contractor_006,"Thrissur, Kerala",,"Document for project P00251. Type: Completion Certificate. Amount: 905000.0. Contractor: Contractor_006. Location: Thrissur, Kerala.",In Progress
DOC00252,P00252,Inspection Report,2026-04-22,15857000.0,Contractor_007,"Karimnagar, Telangana",,"Document for project P00252. Type: Inspection Report. Amount: 15857000.0. Contractor: Contractor_007. Location: Karimnagar, Telangana.",In Progress
DOC00253,P00253,Sanction Letter,2024-04-09,592000.0,Contractor_028,"Ernakulam, Kerala",,"Document for project P00253. Type: Sanction Letter. Amount: 592000.0. Contractor: Contractor_028. Location: Ernakulam, Kerala.",Completed
DOC00254,P00254,Utilization Certificate,2024-03-04,1182000.0,Contractor_021,"Kollam, Kerala",,"Document for project P00254. Type: Utilization Certificate. Amount: 1182000.0. Contractor: Contractor_021. Location: Kollam, Kerala.",Completed
DOC00255,P00255,Completion Certificate,2024-02-22,317000.0,Contractor_013,"Warangal, Telangana",,"Document for project P00255. Type: Completion Certificate. Amount: 317000.0. Contractor: Contractor_013. Location: Warangal, Telangana.",Delayed
DOC00256,P00256,Inspection Report,2024-02-03,835000.0,Contractor_037,"Belagavi, Karnataka",,"Document for project P00256. Type: Inspection Report. Amount: 835000.0. Contractor: Contractor_037. Location: Belagavi, Karnataka.",In Progress
DOC00257,P00257,Sanction Letter,2026-04-13,1577000.0,Contractor_013,"Kota, Rajasthan",,"Document for project P00257. Type: Sanction Letter. Amount: 1577000.0. Contractor: Contractor_013. Location: Kota, Rajasthan.",Delayed
DOC00258,P00258,Utilization Certificate,2025-06-30,1981000.0,Contractor_046,"Darjeeling, West Bengal",,"Document for project P00258. Type: Utilization Certificate. Amount: 1981000.0. Contractor: Contractor_046. Location: Darjeeling, West Bengal.",Completed
DOC00259,P00259,Completion Certificate,2024-07-16,591000.0,Contractor_017,"Nashik, Maharashtra",,"Document for project P00259. Type: Completion Certificate. Amount: 591000.0. Contractor: Contractor_017. Location: Nashik, Maharashtra.",In Progress
DOC00260,P00260,Inspection Report,2025-01-01,1830000.0,Contractor_051,"Madurai, Tamil Nadu",,"Document for project P00260. Type: Inspection Report. Amount: 1830000.0. Contractor: Contractor_051. Location: Madurai, Tamil Nadu.",In Progress
DOC00261,P00261,Sanction Letter,2026-03-02,283000.0,Contractor_009,"Ganjam, Odisha",,"Document for project P00261. Type: Sanction Letter. Amount: 283000.0. Contractor: Contractor_009. Location: Ganjam, Odisha.",In Progress
DOC00262,P00262,Utilization Certificate,2024-01-01,5078000.0,Contractor_024,"Nashik, Maharashtra",,"Document for project P00262. Type: Utilization Certificate. Amount: 5078000.0. Contractor: Contractor_024. Location: Nashik, Maharashtra.",In Progress
DOC00263,P00263,Completion Certificate,2024-05-04,2399000.0,Contractor_034,"Kolkata, West Bengal",,"Document for project P00263. Type: Completion Certificate. Amount: 2399000.0. Contractor: Contractor_034. Location: Kolkata, West Bengal.",In Progress
DOC00264,P00264,Inspection Report,2026-03-02,614000.0,Contractor_037,"Krishna, Andhra Pradesh",,"Document for project P00264. Type: Inspection Report. Amount: 614000.0. Contractor: Contractor_037. Location: Krishna, Andhra Pradesh.",In Progress
DOC00265,P00265,Sanction Letter,2025-03-29,1170000.0,Contractor_034,"Jaipur, Rajasthan",,"Document for project P00265. Type: Sanction Letter. Amount: 1170000.0. Contractor: Contractor_034. Location: Jaipur, Rajasthan.",In Progress
DOC00266,P00266,Utilization Certificate,2025-07-27,760000.0,Contractor_055,"Jaipur, Rajasthan",,"Document for project P00266. Type: Utilization Certificate. Amount: 760000.0. Contractor: Contractor_055. Location: Jaipur, Rajasthan.",In Progress
DOC00267,P00267,Completion Certificate,2025-07-20,797000.0,Contractor_060,"Malda, West Bengal",,"Document for project P00267. Type: Completion Certificate. Amount: 797000.0. Contractor: Contractor_060. Location: Malda, West Bengal.",In Progress
DOC00268,P00268,Inspection Report,2024-12-21,2089000.0,Contractor_048,"Cuttack, Odisha",,"Document for project P00268. Type: Inspection Report. Amount: 2089000.0. Contractor: Contractor_048. Location: Cuttack, Odisha.",Completed
DOC00269,P00269,Sanction Letter,2024-05-13,198000.0,Contractor_056,"Krishna, Andhra Pradesh",,"Document for project P00269. Type: Sanction Letter. Amount: 198000.0. Contractor: Contractor_056. Location: Krishna, Andhra Pradesh.",In Progress
DOC00270,P00270,Utilization Certificate,2024-08-28,2073000.0,Contractor_012,"Nagpur, Maharashtra",,"Document for project P00270. Type: Utilization Certificate. Amount: 2073000.0. Contractor: Contractor_012. Location: Nagpur, Maharashtra.",Delayed
DOC00271,P00271,Completion Certificate,2025-08-31,3821000.0,Contractor_058,"Ganjam, Odisha",,"Document for project P00271. Type: Completion Certificate. Amount: 3821000.0. Contractor: Contractor_058. Location: Ganjam, Odisha.",Delayed
DOC00272,P00272,Inspection Report,2025-06-02,4654000.0,Contractor_052,"Ahmedabad, Gujarat",,"Document for project P00272. Type: Inspection Report. Amount: 4654000.0. Contractor: Contractor_052. Location: Ahmedabad, Gujarat.",In Progress
DOC00273,P00273,Sanction Letter,2025-12-05,294000.0,Contractor_046,"Kolkata, West Bengal",,"Document for project P00273. Type: Sanction Letter. Amount: 294000.0. Contractor: Contractor_046. Location: Kolkata, West Bengal.",In Progress
DOC00274,P00274,Utilization Certificate,2026-01-25,2839000.0,Contractor_031,"Mysuru, Karnataka",,"Document for project P00274. Type: Utilization Certificate. Amount: 2839000.0. Contractor: Contractor_031. Location: Mysuru, Karnataka.",In Progress
DOC00275,P00275,Completion Certificate,2025-02-07,681000.0,Contractor_023,"Nashik, Maharashtra",,"Document for project P00275. Type: Completion Certificate. Amount: 681000.0. Contractor: Contractor_023. Location: Nashik, Maharashtra.",In Progress
DOC00276,P00276,Inspection Report,2024-07-14,3369000.0,Contractor_041,"Nagpur, Maharashtra",,"Document for project P00276. Type: Inspection Report. Amount: 3369000.0. Contractor: Contractor_041. Location: Nagpur, Maharashtra.",Completed
DOC00277,P00277,Sanction Letter,2025-09-29,2974000.0,Contractor_002,"Coimbatore, Tamil Nadu",,"Document for project P00277. Type: Sanction Letter. Amount: 2974000.0. Contractor: Contractor_002. Location: Coimbatore, Tamil Nadu.",In Progress
DOC00278,P00278,Utilization Certificate,2025-02-25,1311000.0,Contractor_020,"Ganjam, Odisha",,"Document for project P00278. Type: Utilization Certificate. Amount: 1311000.0. Contractor: Contractor_020. Location: Ganjam, Odisha.",Completed
DOC00279,P00279,Completion Certificate,2024-12-14,860000.0,Contractor_001,"Warangal, Telangana",,"Document for project P00279. Type: Completion Certificate. Amount: 860000.0. Contractor: Contractor_001. Location: Warangal, Telangana.",In Progress
DOC00280,P00280,Inspection Report,2025-06-03,9105000.0,Contractor_056,"Cuttack, Odisha",,"Document for project P00280. Type: Inspection Report. Amount: 9105000.0. Contractor: Contractor_056. Location: Cuttack, Odisha.",In Progress
DOC00281,P00281,Sanction Letter,2025-04-09,3116000.0,Contractor_020,"Coimbatore, Tamil Nadu",,"Document for project P00281. Type: Sanction Letter. Amount: 3116000.0. Contractor: Contractor_020. Location: Coimbatore, Tamil Nadu.",Delayed
DOC00282,P00282,Utilization Certificate,2024-05-24,3339000.0,Contractor_027,"Cuttack, Odisha",,"Document for project P00282. Type: Utilization Certificate. Amount: 3339000.0. Contractor: Contractor_027. Location: Cuttack, Odisha.",Delayed
DOC00283,P00283,Completion Certificate,2024-09-13,1837000.0,Contractor_060,"Karimnagar, Telangana",,"Document for project P00283. Type: Completion Certificate. Amount: 1837000.0. Contractor: Contractor_060. Location: Karimnagar, Telangana.",In Progress
DOC00284,P00284,Inspection Report,2024-10-09,1103000.0,Contractor_008,"Khordha, Odisha",,"Document for project P00284. Type: Inspection Report. Amount: 1103000.0. Contractor: Contractor_008. Location: Khordha, Odisha.",In Progress
DOC00285,P00285,Sanction Letter,2024-03-24,494000.0,Contractor_036,"Dharwad, Karnataka",,"Document for project P00285. Type: Sanction Letter. Amount: 494000.0. Contractor: Contractor_036. Location: Dharwad, Karnataka.",In Progress
DOC00286,P00286,Utilization Certificate,2024-02-24,1043000.0,Contractor_019,"Salem, Tamil Nadu",,"Document for project P00286. Type: Utilization Certificate. Amount: 1043000.0. Contractor: Contractor_019. Location: Salem, Tamil Nadu.",In Progress
DOC00287,P00287,Completion Certificate,2024-06-07,1160000.0,Contractor_004,"Jaipur, Rajasthan",,"Document for project P00287. Type: Completion Certificate. Amount: 1160000.0. Contractor: Contractor_004. Location: Jaipur, Rajasthan.",In Progress
DOC00288,P00288,Inspection Report,2025-08-10,642000.0,Contractor_029,"Nizamabad, Telangana",,"Document for project P00288. Type: Inspection Report. Amount: 642000.0. Contractor: Contractor_029. Location: Nizamabad, Telangana.",Delayed
DOC00289,P00289,Sanction Letter,2026-01-06,884000.0,Contractor_060,"Pune, Maharashtra",,"Document for project P00289. Type: Sanction Letter. Amount: 884000.0. Contractor: Contractor_060. Location: Pune, Maharashtra.",In Progress
DOC00290,P00290,Utilization Certificate,2026-01-04,1055000.0,Contractor_016,"Vadodara, Gujarat",,"Document for project P00290. Type: Utilization Certificate. Amount: 1055000.0. Contractor: Contractor_016. Location: Vadodara, Gujarat.",In Progress
DOC00291,P00291,Completion Certificate,2024-05-11,2110000.0,Contractor_015,"Ernakulam, Kerala",,"Document for project P00291. Type: Completion Certificate. Amount: 2110000.0. Contractor: Contractor_015. Location: Ernakulam, Kerala.",In Progress
DOC00292,P00292,Inspection Report,2024-03-22,1299000.0,Contractor_005,"Bengaluru Urban, Karnataka",,"Document for project P00292. Type: Inspection Report. Amount: 1299000.0. Contractor: Contractor_005. Location: Bengaluru Urban, Karnataka.",Delayed
DOC00293,P00293,Sanction Letter,2025-11-21,1705000.0,Contractor_011,"Jodhpur, Rajasthan",,"Document for project P00293. Type: Sanction Letter. Amount: 1705000.0. Contractor: Contractor_011. Location: Jodhpur, Rajasthan.",In Progress
DOC00294,P00294,Utilization Certificate,2025-03-16,636000.0,Contractor_057,"Bengaluru Urban, Karnataka",,"Document for project P00294. Type: Utilization Certificate. Amount: 636000.0. Contractor: Contractor_057. Location: Bengaluru Urban, Karnataka.",In Progress
DOC00295,P00295,Completion Certificate,2024-09-11,1168000.0,Contractor_025,"Malda, West Bengal",,"Document for project P00295. Type: Completion Certificate. Amount: 1168000.0. Contractor: Contractor_025. Location: Malda, West Bengal.",In Progress
DOC00296,P00296,Inspection Report,2024-02-01,727000.0,Contractor_046,"Surat, Gujarat",,"Document for project P00296. Type: Inspection Report. Amount: 727000.0. Contractor: Contractor_046. Location: Surat, Gujarat.",In Progress
DOC00297,P00297,Sanction Letter,2024-07-12,499000.0,Contractor_035,"Jodhpur, Rajasthan",,"Document for project P00297. Type: Sanction Letter. Amount: 499000.0. Contractor: Contractor_035. Location: Jodhpur, Rajasthan.",In Progress
DOC00298,P00298,Utilization Certificate,2025-02-14,2713000.0,Contractor_051,"Kollam, Kerala",,"Document for project P00298. Type: Utilization Certificate. Amount: 2713000.0. Contractor: Contractor_051. Location: Kollam, Kerala.",Delayed
DOC00299,P00299,Completion Certificate,2024-12-23,744000.0,Contractor_023,"Nizamabad, Telangana",,"Document for project P00299. Type: Completion Certificate. Amount: 744000.0. Contractor: Contractor_023. Location: Nizamabad, Telangana.",Delayed
DOC00300,P00300,Inspection Report,2025-02-11,366000.0,Contractor_013,"Surat, Gujarat",,"Document for project P00300. Type: Inspection Report. Amount: 366000.0. Contractor: Contractor_013. Location: Surat, Gujarat.",In Progress
DOC00301,P00301,Sanction Letter,2024-03-01,4130000.0,Different Contractor,Different Location,,Document for project P00301. Type: Sanction Letter. Amount: 4130000.0. Contractor: Different Contractor. Location: Different Location.,In Progress
DOC00302,P00302,Utilization Certificate,2024-01-11,1269000.0,Contractor_035,"Howrah, West Bengal",,"Document for project P00302. Type: Utilization Certificate. Amount: 1269000.0. Contractor: Contractor_035. Location: Howrah, West Bengal.",In Progress
DOC00303,P00303,Completion Certificate,2024-08-21,364000.0,Contractor_012,"Karimnagar, Telangana",,"Document for project P00303. Type: Completion Certificate. Amount: 364000.0. Contractor: Contractor_012. Location: Karimnagar, Telangana.",Completed
DOC00304,P00304,Inspection Report,2024-05-13,929000.0,Contractor_032,"Malda, West Bengal",,"Document for project P00304. Type: Inspection Report. Amount: 929000.0. Contractor: Contractor_032. Location: Malda, West Bengal.",In Progress
DOC00305,P00305,Sanction Letter,2024-10-06,1232000.0,Contractor_017,"Jaipur, Rajasthan",,"Document for project P00305. Type: Sanction Letter. Amount: 1232000.0. Contractor: Contractor_017. Location: Jaipur, Rajasthan.",In Progress
DOC00306,P00306,Utilization Certificate,2024-09-24,914000.0,Contractor_001,"Udaipur, Rajasthan",,"Document for project P00306. Type: Utilization Certificate. Amount: 914000.0. Contractor: Contractor_001. Location: Udaipur, Rajasthan.",In Progress
DOC00307,P00307,Completion Certificate,2024-12-26,1001000.0,Contractor_032,"Nashik, Maharashtra",,"Document for project P00307. Type: Completion Certificate. Amount: 1001000.0. Contractor: Contractor_032. Location: Nashik, Maharashtra.",Completed
DOC00308,P00308,Inspection Report,2025-04-11,1745000.0,Contractor_055,"Thrissur, Kerala",,"Document for project P00308. Type: Inspection Report. Amount: 1745000.0. Contractor: Contractor_055. Location: Thrissur, Kerala.",In Progress
DOC00309,P00309,Sanction Letter,2024-04-03,3171000.0,Contractor_025,"Jaipur, Rajasthan",,"Document for project P00309. Type: Sanction Letter. Amount: 3171000.0. Contractor: Contractor_025. Location: Jaipur, Rajasthan.",In Progress
DOC00310,P00310,Utilization Certificate,2025-03-06,700000.0,Contractor_004,"Nagpur, Maharashtra",,"Document for project P00310. Type: Utilization Certificate. Amount: 700000.0. Contractor: Contractor_004. Location: Nagpur, Maharashtra.",In Progress
DOC00311,P00311,Completion Certificate,2025-12-23,1749000.0,Contractor_042,"Kolkata, West Bengal",,"Document for project P00311. Type: Completion Certificate. Amount: 1749000.0. Contractor: Contractor_042. Location: Kolkata, West Bengal.",In Progress
DOC00312,P00312,Inspection Report,2025-04-23,1919000.0,Contractor_019,"Salem, Tamil Nadu",,"Document for project P00312. Type: Inspection Report. Amount: 1919000.0. Contractor: Contractor_019. Location: Salem, Tamil Nadu.",In Progress
DOC00313,P00313,Sanction Letter,2024-02-04,1110000.0,Contractor_049,"Kolkata, West Bengal",,"Document for project P00313. Type: Sanction Letter. Amount: 1110000.0. Contractor: Contractor_049. Location: Kolkata, West Bengal.",In Progress
DOC00314,P00314,Utilization Certificate,2024-01-30,1696000.0,Contractor_021,"Khordha, Odisha",,"Document for project P00314. Type: Utilization Certificate. Amount: 1696000.0. Contractor: Contractor_021. Location: Khordha, Odisha.",In Progress
DOC00315,P00315,Completion Certificate,2025-09-30,2391000.0,Contractor_029,"Nagpur, Maharashtra",,"Document for project P00315. Type: Completion Certificate. Amount: 2391000.0. Contractor: Contractor_029. Location: Nagpur, Maharashtra.",In Progress
DOC00316,P00316,Inspection Report,2025-01-02,1064000.0,Contractor_033,"Nashik, Maharashtra",,"Document for project P00316. Type: Inspection Report. Amount: 1064000.0. Contractor: Contractor_033. Location: Nashik, Maharashtra.",Delayed
DOC00317,P00317,Sanction Letter,2025-07-28,3128000.0,Contractor_045,"Visakhapatnam, Andhra Pradesh",,"Document for project P00317. Type: Sanction Letter. Amount: 3128000.0. Contractor: Contractor_045. Location: Visakhapatnam, Andhra Pradesh.",In Progress
DOC00318,P00318,Utilization Certificate,2025-12-27,1689000.0,Contractor_037,"Nagpur, Maharashtra",,"Document for project P00318. Type: Utilization Certificate. Amount: 1689000.0. Contractor: Contractor_037. Location: Nagpur, Maharashtra.",In Progress
DOC00319,P00319,Completion Certificate,2026-03-26,1905000.0,Contractor_049,"Coimbatore, Tamil Nadu",,"Document for project P00319. Type: Completion Certificate. Amount: 1905000.0. Contractor: Contractor_049. Location: Coimbatore, Tamil Nadu.",Completed
DOC00320,P00320,Inspection Report,2026-01-08,311000.0,Contractor_030,"Thrissur, Kerala",,"Document for project P00320. Type: Inspection Report. Amount: 311000.0. Contractor: Contractor_030. Location: Thrissur, Kerala.",In Progress
DOC00321,P00321,Sanction Letter,2025-02-06,938000.0,Contractor_044,"Ahmedabad, Gujarat",,"Document for project P00321. Type: Sanction Letter. Amount: 938000.0. Contractor: Contractor_044. Location: Ahmedabad, Gujarat.",In Progress
DOC00322,P00322,Utilization Certificate,2024-07-10,884000.0,Contractor_017,"Kollam, Kerala",,"Document for project P00322. Type: Utilization Certificate. Amount: 884000.0. Contractor: Contractor_017. Location: Kollam, Kerala.",In Progress
DOC00323,P00323,Completion Certificate,2024-09-05,3945000.0,Contractor_054,"Visakhapatnam, Andhra Pradesh",,"Document for project P00323. Type: Completion Certificate. Amount: 3945000.0. Contractor: Contractor_054. Location: Visakhapatnam, Andhra Pradesh.",Delayed
DOC00324,P00324,Inspection Report,2025-11-21,2748000.0,Contractor_017,"Dharwad, Karnataka",,"Document for project P00324. Type: Inspection Report. Amount: 2748000.0. Contractor: Contractor_017. Location: Dharwad, Karnataka.",In Progress
DOC00325,P00325,Sanction Letter,2025-11-28,1209000.0,Contractor_054,"Kozhikode, Kerala",,"Document for project P00325. Type: Sanction Letter. Amount: 1209000.0. Contractor: Contractor_054. Location: Kozhikode, Kerala.",Completed
DOC00326,P00326,Utilization Certificate,2025-02-15,1714000.0,Contractor_035,"Surat, Gujarat",,"Document for project P00326. Type: Utilization Certificate. Amount: 1714000.0. Contractor: Contractor_035. Location: Surat, Gujarat.",In Progress
DOC00327,P00327,Completion Certificate,2026-03-19,1572000.0,Contractor_015,"Malda, West Bengal",,"Document for project P00327. Type: Completion Certificate. Amount: 1572000.0. Contractor: Contractor_015. Location: Malda, West Bengal.",In Progress
DOC00328,P00328,Inspection Report,2024-07-10,1895000.0,Contractor_051,"Khordha, Odisha",,"Document for project P00328. Type: Inspection Report. Amount: 1895000.0. Contractor: Contractor_051. Location: Khordha, Odisha.",In Progress
DOC00329,P00329,Sanction Letter,2025-06-12,599000.0,Contractor_009,"Dharwad, Karnataka",,"Document for project P00329. Type: Sanction Letter. Amount: 599000.0. Contractor: Contractor_009. Location: Dharwad, Karnataka.",In Progress
DOC00330,P00330,Utilization Certificate,2026-03-31,15306000.0,Contractor_039,"Bengaluru Urban, Karnataka",,"Document for project P00330. Type: Utilization Certificate. Amount: 15306000.0. Contractor: Contractor_039. Location: Bengaluru Urban, Karnataka.",In Progress
DOC00331,P00331,Completion Certificate,2025-11-24,681000.0,Contractor_057,"Kolkata, West Bengal",,"Document for project P00331. Type: Completion Certificate. Amount: 681000.0. Contractor: Contractor_057. Location: Kolkata, West Bengal.",Delayed
DOC00332,P00332,Inspection Report,2024-06-21,667000.0,Contractor_029,"Surat, Gujarat",,"Document for project P00332. Type: Inspection Report. Amount: 667000.0. Contractor: Contractor_029. Location: Surat, Gujarat.",Delayed
DOC00333,P00333,Sanction Letter,2024-07-23,1457000.0,Contractor_003,"Belagavi, Karnataka",,"Document for project P00333. Type: Sanction Letter. Amount: 1457000.0. Contractor: Contractor_003. Location: Belagavi, Karnataka.",Delayed
DOC00334,P00334,Utilization Certificate,2026-01-16,1622000.0,Contractor_006,"Rajkot, Gujarat",,"Document for project P00334. Type: Utilization Certificate. Amount: 1622000.0. Contractor: Contractor_006. Location: Rajkot, Gujarat.",In Progress
DOC00335,P00335,Completion Certificate,2024-10-22,914000.0,Contractor_060,"Kolkata, West Bengal",,"Document for project P00335. Type: Completion Certificate. Amount: 914000.0. Contractor: Contractor_060. Location: Kolkata, West Bengal.",Delayed
DOC00336,P00336,Inspection Report,2024-02-10,228000.0,Contractor_046,"Mysuru, Karnataka",,"Document for project P00336. Type: Inspection Report. Amount: 228000.0. Contractor: Contractor_046. Location: Mysuru, Karnataka.",Delayed
DOC00337,P00337,Sanction Letter,2025-01-08,3190000.0,Contractor_025,"Belagavi, Karnataka",,"Document for project P00337. Type: Sanction Letter. Amount: 3190000.0. Contractor: Contractor_025. Location: Belagavi, Karnataka.",In Progress
DOC00338,P00338,Utilization Certificate,2025-02-07,455000.0,Contractor_034,"Kota, Rajasthan",,"Document for project P00338. Type: Utilization Certificate. Amount: 455000.0. Contractor: Contractor_034. Location: Kota, Rajasthan.",In Progress
DOC00339,P00339,Completion Certificate,2026-03-06,1870000.0,Contractor_048,"Tirupati, Andhra Pradesh",,"Document for project P00339. Type: Completion Certificate. Amount: 1870000.0. Contractor: Contractor_048. Location: Tirupati, Andhra Pradesh.",Completed
DOC00340,P00340,Inspection Report,2024-06-09,1726000.0,Contractor_052,"Khordha, Odisha",,"Document for project P00340. Type: Inspection Report. Amount: 1726000.0. Contractor: Contractor_052. Location: Khordha, Odisha.",Completed
DOC00341,P00341,Sanction Letter,2025-01-18,1259000.0,Contractor_029,"Darjeeling, West Bengal",,"Document for project P00341. Type: Sanction Letter. Amount: 1259000.0. Contractor: Contractor_029. Location: Darjeeling, West Bengal.",In Progress
DOC00342,P00342,Utilization Certificate,2024-07-30,824000.0,Contractor_025,"Chennai, Tamil Nadu",,"Document for project P00342. Type: Utilization Certificate. Amount: 824000.0. Contractor: Contractor_025. Location: Chennai, Tamil Nadu.",In Progress
DOC00343,P00343,Completion Certificate,2025-11-04,1286000.0,Contractor_026,"Sambalpur, Odisha",,"Document for project P00343. Type: Completion Certificate. Amount: 1286000.0. Contractor: Contractor_026. Location: Sambalpur, Odisha.",In Progress
DOC00344,P00344,Inspection Report,2026-02-27,806000.0,Contractor_007,"Nashik, Maharashtra",,"Document for project P00344. Type: Inspection Report. Amount: 806000.0. Contractor: Contractor_007. Location: Nashik, Maharashtra.",In Progress
DOC00345,P00345,Sanction Letter,2025-07-05,6180000.0,Contractor_004,"Visakhapatnam, Andhra Pradesh",,"Document for project P00345. Type: Sanction Letter. Amount: 6180000.0. Contractor: Contractor_004. Location: Visakhapatnam, Andhra Pradesh.",In Progress
DOC00346,P00346,Utilization Certificate,2025-06-19,3891000.0,Contractor_060,"Madurai, Tamil Nadu",,"Document for project P00346. Type: Utilization Certificate. Amount: 3891000.0. Contractor: Contractor_060. Location: Madurai, Tamil Nadu.",In Progress
DOC00347,P00347,Completion Certificate,2025-08-05,3932000.0,Contractor_008,"Warangal, Telangana",,"Document for project P00347. Type: Completion Certificate. Amount: 3932000.0. Contractor: Contractor_008. Location: Warangal, Telangana.",Delayed
DOC00348,P00348,Inspection Report,2025-06-14,552000.0,Contractor_046,"Kota, Rajasthan",,"Document for project P00348. Type: Inspection Report. Amount: 552000.0. Contractor: Contractor_046. Location: Kota, Rajasthan.",In Progress
DOC00349,P00349,Sanction Letter,2025-08-03,2118000.0,Contractor_031,"Coimbatore, Tamil Nadu",,"Document for project P00349. Type: Sanction Letter. Amount: 2118000.0. Contractor: Contractor_031. Location: Coimbatore, Tamil Nadu.",In Progress
DOC00350,P00350,Utilization Certificate,2024-11-28,2216000.0,Contractor_054,"Surat, Gujarat",,"Document for project P00350. Type: Utilization Certificate. Amount: 2216000.0. Contractor: Contractor_054. Location: Surat, Gujarat.",In Progress
DOC00351,P00351,Completion Certificate,2026-03-17,2698750.0,Contractor_050,"Warangal, Telangana",,"Document for project P00351. Type: Completion Certificate. Amount: 2698750.0. Contractor: Contractor_050. Location: Warangal, Telangana.",In Progress
DOC00352,P00352,Inspection Report,2024-12-16,180000.0,Contractor_018,"Kollam, Kerala",,"Document for project P00352. Type: Inspection Report. Amount: 180000.0. Contractor: Contractor_018. Location: Kollam, Kerala.",In Progress
DOC00353,P00353,Sanction Letter,2026-04-18,835000.0,Contractor_057,"Bengaluru Urban, Karnataka",,"Document for project P00353. Type: Sanction Letter. Amount: 835000.0. Contractor: Contractor_057. Location: Bengaluru Urban, Karnataka.",Delayed
DOC00354,P00354,Utilization Certificate,2024-12-06,696000.0,Contractor_006,"Howrah, West Bengal",,"Document for project P00354. Type: Utilization Certificate. Amount: 696000.0. Contractor: Contractor_006. Location: Howrah, West Bengal.",In Progress
DOC00355,P00355,Completion Certificate,2025-04-09,1669000.0,Contractor_056,"Salem, Tamil Nadu",,"Document for project P00355. Type: Completion Certificate. Amount: 1669000.0. Contractor: Contractor_056. Location: Salem, Tamil Nadu.",In Progress
DOC00356,P00356,Inspection Report,2024-12-31,1759000.0,Contractor_006,"Nashik, Maharashtra",,"Document for project P00356. Type: Inspection Report. Amount: 1759000.0. Contractor: Contractor_006. Location: Nashik, Maharashtra.",Completed
DOC00357,P00357,Sanction Letter,2025-03-27,782000.0,Contractor_048,"Karimnagar, Telangana",,"Document for project P00357. Type: Sanction Letter. Amount: 782000.0. Contractor: Contractor_048. Location: Karimnagar, Telangana.",In Progress
DOC00358,P00358,Utilization Certificate,2024-06-06,817000.0,Contractor_007,"Pune, Maharashtra",,"Document for project P00358. Type: Utilization Certificate. Amount: 817000.0. Contractor: Contractor_007. Location: Pune, Maharashtra.",In Progress
DOC00359,P00359,Completion Certificate,2026-03-13,455000.0,Contractor_032,"Aurangabad, Maharashtra",,"Document for project P00359. Type: Completion Certificate. Amount: 455000.0. Contractor: Contractor_032. Location: Aurangabad, Maharashtra.",Delayed
DOC00360,P00360,Inspection Report,2024-08-20,882000.0,Contractor_044,"Visakhapatnam, Andhra Pradesh",,"Document for project P00360. Type: Inspection Report. Amount: 882000.0. Contractor: Contractor_044. Location: Visakhapatnam, Andhra Pradesh.",In Progress
DOC00361,P00361,Sanction Letter,2024-06-20,193000.0,Contractor_001,"Ernakulam, Kerala",,"Document for project P00361. Type: Sanction Letter. Amount: 193000.0. Contractor: Contractor_001. Location: Ernakulam, Kerala.",In Progress
DOC00362,P00362,Utilization Certificate,2024-07-06,1428000.0,Contractor_015,"Bengaluru Urban, Karnataka",,"Document for project P00362. Type: Utilization Certificate. Amount: 1428000.0. Contractor: Contractor_015. Location: Bengaluru Urban, Karnataka.",Completed
DOC00363,P00363,Completion Certificate,2025-01-20,10088000.0,Contractor_004,"Khordha, Odisha",,"Document for project P00363. Type: Completion Certificate. Amount: 10088000.0. Contractor: Contractor_004. Location: Khordha, Odisha.",Delayed
DOC00364,P00364,Inspection Report,2024-05-17,1897000.0,Contractor_049,"Kolkata, West Bengal",,"Document for project P00364. Type: Inspection Report. Amount: 1897000.0. Contractor: Contractor_049. Location: Kolkata, West Bengal.",In Progress
DOC00365,P00365,Sanction Letter,2025-09-05,910000.0,Contractor_037,"Ahmedabad, Gujarat",,"Document for project P00365. Type: Sanction Letter. Amount: 910000.0. Contractor: Contractor_037. Location: Ahmedabad, Gujarat.",Delayed
DOC00366,P00366,Utilization Certificate,2025-03-10,1196000.0,Contractor_003,"Sambalpur, Odisha",,"Document for project P00366. Type: Utilization Certificate. Amount: 1196000.0. Contractor: Contractor_003. Location: Sambalpur, Odisha.",In Progress
DOC00367,P00367,Completion Certificate,2025-10-02,715000.0,Contractor_011,"Jodhpur, Rajasthan",,"Document for project P00367. Type: Completion Certificate. Amount: 715000.0. Contractor: Contractor_011. Location: Jodhpur, Rajasthan.",Delayed
DOC00368,P00368,Inspection Report,2025-01-16,2010000.0,Contractor_046,"Visakhapatnam, Andhra Pradesh",,"Document for project P00368. Type: Inspection Report. Amount: 2010000.0. Contractor: Contractor_046. Location: Visakhapatnam, Andhra Pradesh.",In Progress
DOC00369,P00369,Sanction Letter,2024-04-10,3417000.0,Contractor_060,"Madurai, Tamil Nadu",,"Document for project P00369. Type: Sanction Letter. Amount: 3417000.0. Contractor: Contractor_060. Location: Madurai, Tamil Nadu.",Completed
DOC00370,P00370,Utilization Certificate,2024-12-11,1923000.0,Contractor_029,"Hyderabad, Telangana",,"Document for project P00370. Type: Utilization Certificate. Amount: 1923000.0. Contractor: Contractor_029. Location: Hyderabad, Telangana.",In Progress
DOC00371,P00371,Completion Certificate,2025-04-03,1432000.0,Contractor_013,"Kota, Rajasthan",,"Document for project P00371. Type: Completion Certificate. Amount: 1432000.0. Contractor: Contractor_013. Location: Kota, Rajasthan.",In Progress
DOC00372,P00372,Inspection Report,2025-06-12,3126000.0,Contractor_058,"Belagavi, Karnataka",,"Document for project P00372. Type: Inspection Report. Amount: 3126000.0. Contractor: Contractor_058. Location: Belagavi, Karnataka.",Delayed
DOC00373,P00373,Sanction Letter,2026-02-17,641000.0,Contractor_022,"Nizamabad, Telangana",,"Document for project P00373. Type: Sanction Letter. Amount: 641000.0. Contractor: Contractor_022. Location: Nizamabad, Telangana.",In Progress
DOC00374,P00374,Utilization Certificate,2025-02-15,1584000.0,Contractor_034,"Surat, Gujarat",,"Document for project P00374. Type: Utilization Certificate. Amount: 1584000.0. Contractor: Contractor_034. Location: Surat, Gujarat.",In Progress
DOC00375,P00375,Completion Certificate,2025-09-13,719000.0,Contractor_011,"Kollam, Kerala",,"Document for project P00375. Type: Completion Certificate. Amount: 719000.0. Contractor: Contractor_011. Location: Kollam, Kerala.",In Progress
DOC00376,P00376,Inspection Report,2025-03-25,631000.0,Different Contractor,"Cuttack, Odisha",,"Document for project P00376. Type: Inspection Report. Amount: 631000.0. Contractor: Different Contractor. Location: Cuttack, Odisha.",In Progress
DOC00377,P00377,Sanction Letter,2025-01-07,1898000.0,Contractor_039,"Madurai, Tamil Nadu",,"Document for project P00377. Type: Sanction Letter. Amount: 1898000.0. Contractor: Contractor_039. Location: Madurai, Tamil Nadu.",In Progress
DOC00378,P00378,Utilization Certificate,2024-12-02,1902000.0,Contractor_019,"Kollam, Kerala",,"Document for project P00378. Type: Utilization Certificate. Amount: 1902000.0. Contractor: Contractor_019. Location: Kollam, Kerala.",Delayed
DOC00379,P00379,Completion Certificate,2025-11-01,798000.0,Contractor_021,"Mysuru, Karnataka",,"Document for project P00379. Type: Completion Certificate. Amount: 798000.0. Contractor: Contractor_021. Location: Mysuru, Karnataka.",Delayed
DOC00380,P00380,Inspection Report,2025-11-16,517000.0,Contractor_055,"Salem, Tamil Nadu",,"Document for project P00380. Type: Inspection Report. Amount: 517000.0. Contractor: Contractor_055. Location: Salem, Tamil Nadu.",In Progress
DOC00381,P00381,Sanction Letter,2024-04-09,1720000.0,Contractor_055,"Vadodara, Gujarat",,"Document for project P00381. Type: Sanction Letter. Amount: 1720000.0. Contractor: Contractor_055. Location: Vadodara, Gujarat.",Completed
DOC00382,P00382,Utilization Certificate,2024-02-22,435000.0,Contractor_005,"Bengaluru Urban, Karnataka",,"Document for project P00382. Type: Utilization Certificate. Amount: 435000.0. Contractor: Contractor_005. Location: Bengaluru Urban, Karnataka.",In Progress
DOC00383,P00383,Completion Certificate,2026-04-09,2894000.0,Contractor_054,"Pune, Maharashtra",,"Document for project P00383. Type: Completion Certificate. Amount: 2894000.0. Contractor: Contractor_054. Location: Pune, Maharashtra.",In Progress
DOC00384,P00384,Inspection Report,2024-08-05,2219000.0,Contractor_028,"Vadodara, Gujarat",,"Document for project P00384. Type: Inspection Report. Amount: 2219000.0. Contractor: Contractor_028. Location: Vadodara, Gujarat.",Completed
DOC00385,P00385,Sanction Letter,2025-10-27,989000.0,Contractor_037,"Ganjam, Odisha",,"Document for project P00385. Type: Sanction Letter. Amount: 989000.0. Contractor: Contractor_037. Location: Ganjam, Odisha.",In Progress
DOC00386,P00386,Utilization Certificate,2024-05-07,1846000.0,Contractor_035,"Mysuru, Karnataka",,"Document for project P00386. Type: Utilization Certificate. Amount: 1846000.0. Contractor: Contractor_035. Location: Mysuru, Karnataka.",Completed
DOC00387,P00387,Completion Certificate,2024-08-28,1458000.0,Contractor_029,"Malda, West Bengal",,"Document for project P00387. Type: Completion Certificate. Amount: 1458000.0. Contractor: Contractor_029. Location: Malda, West Bengal.",In Progress
DOC00388,P00388,Inspection Report,2026-01-03,315000.0,Contractor_008,"Tirupati, Andhra Pradesh",,"Document for project P00388. Type: Inspection Report. Amount: 315000.0. Contractor: Contractor_008. Location: Tirupati, Andhra Pradesh.",Delayed
DOC00389,P00389,Sanction Letter,2026-02-01,736000.0,Contractor_046,"Kolkata, West Bengal",,"Document for project P00389. Type: Sanction Letter. Amount: 736000.0. Contractor: Contractor_046. Location: Kolkata, West Bengal.",In Progress
DOC00390,P00390,Utilization Certificate,2024-12-08,1903000.0,Contractor_044,"Kollam, Kerala",,"Document for project P00390. Type: Utilization Certificate. Amount: 1903000.0. Contractor: Contractor_044. Location: Kollam, Kerala.",In Progress
DOC00391,P00391,Completion Certificate,2025-04-15,1488000.0,Contractor_027,"Bengaluru Urban, Karnataka",,"Document for project P00391. Type: Completion Certificate. Amount: 1488000.0. Contractor: Contractor_027. Location: Bengaluru Urban, Karnataka.",In Progress
DOC00392,P00392,Inspection Report,2025-10-31,3217000.0,Contractor_020,"Salem, Tamil Nadu",,"Document for project P00392. Type: Inspection Report. Amount: 3217000.0. Contractor: Contractor_020. Location: Salem, Tamil Nadu.",Completed
DOC00393,P00393,Sanction Letter,2025-12-15,2241000.0,Contractor_058,"Nizamabad, Telangana",,"Document for project P00393. Type: Sanction Letter. Amount: 2241000.0. Contractor: Contractor_058. Location: Nizamabad, Telangana.",Delayed
DOC00394,P00394,Utilization Certificate,2025-11-20,197000.0,Contractor_044,"Darjeeling, West Bengal",,"Document for project P00394. Type: Utilization Certificate. Amount: 197000.0. Contractor: Contractor_044. Location: Darjeeling, West Bengal.",In Progress
DOC00395,P00395,Completion Certificate,2024-06-04,445000.0,Contractor_038,"Salem, Tamil Nadu",,"Document for project P00395. Type: Completion Certificate. Amount: 445000.0. Contractor: Contractor_038. Location: Salem, Tamil Nadu.",In Progress
DOC00396,P00396,Inspection Report,2025-04-05,2229000.0,Contractor_053,"Kolkata, West Bengal",,"Document for project P00396. Type: Inspection Report. Amount: 2229000.0. Contractor: Contractor_053. Location: Kolkata, West Bengal.",In Progress
DOC00397,P00397,Sanction Letter,2024-05-20,1315000.0,Contractor_018,"Madurai, Tamil Nadu",,"Document for project P00397. Type: Sanction Letter. Amount: 1315000.0. Contractor: Contractor_018. Location: Madurai, Tamil Nadu.",Completed
DOC00398,P00398,Utilization Certificate,2025-12-16,1889000.0,Contractor_015,"Mysuru, Karnataka",,"Document for project P00398. Type: Utilization Certificate. Amount: 1889000.0. Contractor: Contractor_015. Location: Mysuru, Karnataka.",In Progress
DOC00399,P00399,Completion Certificate,2025-01-08,764000.0,Contractor_047,"Warangal, Telangana",,"Document for project P00399. Type: Completion Certificate. Amount: 764000.0. Contractor: Contractor_047. Location: Warangal, Telangana.",Delayed
DOC00400,P00400,Inspection Report,2026-02-20,935000.0,Contractor_057,"Vadodara, Gujarat",,"Document for project P00400. Type: Inspection Report. Amount: 935000.0. Contractor: Contractor_057. Location: Vadodara, Gujarat.",In Progress
DOC00401,P00401,Sanction Letter,2024-01-12,681250.0,Contractor_033,Different Location,,Document for project P00401. Type: Sanction Letter. Amount: 681250.0. Contractor: Contractor_033. Location: Different Location.,Delayed
DOC00402,P00402,Utilization Certificate,2024-07-20,596000.0,Contractor_024,"Ernakulam, Kerala",,"Document for project P00402. Type: Utilization Certificate. Amount: 596000.0. Contractor: Contractor_024. Location: Ernakulam, Kerala.",Delayed
DOC00403,P00403,Completion Certificate,2024-09-13,777000.0,Contractor_018,"Nagpur, Maharashtra",,"Document for project P00403. Type: Completion Certificate. Amount: 777000.0. Contractor: Contractor_018. Location: Nagpur, Maharashtra.",Delayed
DOC00404,P00404,Inspection Report,2025-12-16,2475000.0,Contractor_043,"Kolkata, West Bengal",,"Document for project P00404. Type: Inspection Report. Amount: 2475000.0. Contractor: Contractor_043. Location: Kolkata, West Bengal.",In Progress
DOC00405,P00405,Sanction Letter,2024-12-18,495000.0,Contractor_006,"Howrah, West Bengal",,"Document for project P00405. Type: Sanction Letter. Amount: 495000.0. Contractor: Contractor_006. Location: Howrah, West Bengal.",In Progress
DOC00406,P00406,Utilization Certificate,2025-07-04,618000.0,Contractor_054,"Surat, Gujarat",,"Document for project P00406. Type: Utilization Certificate. Amount: 618000.0. Contractor: Contractor_054. Location: Surat, Gujarat.",In Progress
DOC00407,P00407,Completion Certificate,2024-07-24,904000.0,Contractor_013,"Kota, Rajasthan",,"Document for project P00407. Type: Completion Certificate. Amount: 904000.0. Contractor: Contractor_013. Location: Kota, Rajasthan.",In Progress
DOC00408,P00408,Inspection Report,2024-08-18,908000.0,Contractor_048,"Kolkata, West Bengal",,"Document for project P00408. Type: Inspection Report. Amount: 908000.0. Contractor: Contractor_048. Location: Kolkata, West Bengal.",In Progress
DOC00409,P00409,Sanction Letter,2024-12-03,839000.0,Contractor_036,"Hyderabad, Telangana",,"Document for project P00409. Type: Sanction Letter. Amount: 839000.0. Contractor: Contractor_036. Location: Hyderabad, Telangana.",In Progress
DOC00410,P00410,Utilization Certificate,2025-01-01,4708000.0,Contractor_002,"Mysuru, Karnataka",,"Document for project P00410. Type: Utilization Certificate. Amount: 4708000.0. Contractor: Contractor_002. Location: Mysuru, Karnataka.",In Progress
DOC00411,P00411,Completion Certificate,2025-08-02,887000.0,Contractor_002,"Nizamabad, Telangana",,"Document for project P00411. Type: Completion Certificate. Amount: 887000.0. Contractor: Contractor_002. Location: Nizamabad, Telangana.",In Progress
DOC00412,P00412,Inspection Report,2024-04-30,423000.0,Contractor_013,"Salem, Tamil Nadu",,"Document for project P00412. Type: Inspection Report. Amount: 423000.0. Contractor: Contractor_013. Location: Salem, Tamil Nadu.",In Progress
DOC00413,P00413,Sanction Letter,2024-08-29,489000.0,Contractor_024,"Visakhapatnam, Andhra Pradesh",,"Document for project P00413. Type: Sanction Letter. Amount: 489000.0. Contractor: Contractor_024. Location: Visakhapatnam, Andhra Pradesh.",In Progress
DOC00414,P00414,Utilization Certificate,2026-04-21,315000.0,Contractor_056,"Nashik, Maharashtra",,"Document for project P00414. Type: Utilization Certificate. Amount: 315000.0. Contractor: Contractor_056. Location: Nashik, Maharashtra.",In Progress
DOC00415,P00415,Completion Certificate,2026-01-14,568000.0,Contractor_041,"Kozhikode, Kerala",,"Document for project P00415. Type: Completion Certificate. Amount: 568000.0. Contractor: Contractor_041. Location: Kozhikode, Kerala.",Delayed
DOC00416,P00416,Inspection Report,2025-12-23,2273000.0,Contractor_053,"Sambalpur, Odisha",,"Document for project P00416. Type: Inspection Report. Amount: 2273000.0. Contractor: Contractor_053. Location: Sambalpur, Odisha.",In Progress
DOC00417,P00417,Sanction Letter,2024-06-21,596000.0,Contractor_039,"Vadodara, Gujarat",,"Document for project P00417. Type: Sanction Letter. Amount: 596000.0. Contractor: Contractor_039. Location: Vadodara, Gujarat.",In Progress
DOC00418,P00418,Utilization Certificate,2025-08-17,749000.0,Contractor_044,"Nashik, Maharashtra",,"Document for project P00418. Type: Utilization Certificate. Amount: 749000.0. Contractor: Contractor_044. Location: Nashik, Maharashtra.",Delayed
DOC00419,P00419,Completion Certificate,2024-08-31,430000.0,Contractor_031,"Jodhpur, Rajasthan",,"Document for project P00419. Type: Completion Certificate. Amount: 430000.0. Contractor: Contractor_031. Location: Jodhpur, Rajasthan.",In Progress
DOC00420,P00420,Inspection Report,2025-12-23,1906000.0,Contractor_058,"Ganjam, Odisha",,"Document for project P00420. Type: Inspection Report. Amount: 1906000.0. Contractor: Contractor_058. Location: Ganjam, Odisha.",In Progress
DOC00421,P00421,Sanction Letter,2025-08-09,394000.0,Contractor_042,"Jodhpur, Rajasthan",,"Document for project P00421. Type: Sanction Letter. Amount: 394000.0. Contractor: Contractor_042. Location: Jodhpur, Rajasthan.",In Progress
DOC00422,P00422,Utilization Certificate,2024-09-20,2140000.0,Contractor_007,"Guntur, Andhra Pradesh",,"Document for project P00422. Type: Utilization Certificate. Amount: 2140000.0. Contractor: Contractor_007. Location: Guntur, Andhra Pradesh.",In Progress
DOC00423,P00423,Completion Certificate,2024-05-12,1638000.0,Contractor_024,"Vadodara, Gujarat",,"Document for project P00423. Type: Completion Certificate. Amount: 1638000.0. Contractor: Contractor_024. Location: Vadodara, Gujarat.",Completed
DOC00424,P00424,Inspection Report,2024-05-13,378000.0,Contractor_048,"Cuttack, Odisha",,"Document for project P00424. Type: Inspection Report. Amount: 378000.0. Contractor: Contractor_048. Location: Cuttack, Odisha.",In Progress
DOC00425,P00425,Sanction Letter,2024-02-09,1903000.0,Contractor_026,"Malda, West Bengal",,"Document for project P00425. Type: Sanction Letter. Amount: 1903000.0. Contractor: Contractor_026. Location: Malda, West Bengal.",In Progress
DOC00426,P00426,Utilization Certificate,2024-12-05,1341000.0,Contractor_053,"Malda, West Bengal",,"Document for project P00426. Type: Utilization Certificate. Amount: 1341000.0. Contractor: Contractor_053. Location: Malda, West Bengal.",Completed
DOC00427,P00427,Completion Certificate,2024-09-09,842000.0,Contractor_027,"Bengaluru Urban, Karnataka",,"Document for project P00427. Type: Completion Certificate. Amount: 842000.0. Contractor: Contractor_027. Location: Bengaluru Urban, Karnataka.",In Progress
DOC00428,P00428,Inspection Report,2024-10-20,2342000.0,Contractor_047,"Hyderabad, Telangana",,"Document for project P00428. Type: Inspection Report. Amount: 2342000.0. Contractor: Contractor_047. Location: Hyderabad, Telangana.",In Progress
DOC00429,P00429,Sanction Letter,2024-08-08,2724000.0,Contractor_046,"Malda, West Bengal",,"Document for project P00429. Type: Sanction Letter. Amount: 2724000.0. Contractor: Contractor_046. Location: Malda, West Bengal.",In Progress
DOC00430,P00430,Utilization Certificate,2024-04-21,1878000.0,Contractor_035,"Guntur, Andhra Pradesh",,"Document for project P00430. Type: Utilization Certificate. Amount: 1878000.0. Contractor: Contractor_035. Location: Guntur, Andhra Pradesh.",Completed
DOC00431,P00431,Completion Certificate,2024-04-04,523000.0,Contractor_025,"Aurangabad, Maharashtra",,"Document for project P00431. Type: Completion Certificate. Amount: 523000.0. Contractor: Contractor_025. Location: Aurangabad, Maharashtra.",In Progress
DOC00432,P00432,Inspection Report,2025-03-02,1743000.0,Contractor_033,"Rajkot, Gujarat",,"Document for project P00432. Type: Inspection Report. Amount: 1743000.0. Contractor: Contractor_033. Location: Rajkot, Gujarat.",In Progress
DOC00433,P00433,Sanction Letter,2024-12-03,975000.0,Contractor_031,"Nizamabad, Telangana",,"Document for project P00433. Type: Sanction Letter. Amount: 975000.0. Contractor: Contractor_031. Location: Nizamabad, Telangana.",In Progress
DOC00434,P00434,Utilization Certificate,2026-02-17,1935000.0,Contractor_049,"Sambalpur, Odisha",,"Document for project P00434. Type: Utilization Certificate. Amount: 1935000.0. Contractor: Contractor_049. Location: Sambalpur, Odisha.",Completed
DOC00435,P00435,Completion Certificate,2026-03-23,727000.0,Contractor_026,"Howrah, West Bengal",,"Document for project P00435. Type: Completion Certificate. Amount: 727000.0. Contractor: Contractor_026. Location: Howrah, West Bengal.",In Progress
DOC00436,P00436,Inspection Report,2025-11-23,1133000.0,Contractor_024,"Nagpur, Maharashtra",,"Document for project P00436. Type: Inspection Report. Amount: 1133000.0. Contractor: Contractor_024. Location: Nagpur, Maharashtra.",In Progress
DOC00437,P00437,Sanction Letter,2024-01-14,1023000.0,Contractor_059,"Cuttack, Odisha",,"Document for project P00437. Type: Sanction Letter. Amount: 1023000.0. Contractor: Contractor_059. Location: Cuttack, Odisha.",In Progress
DOC00438,P00438,Utilization Certificate,2024-06-01,1629000.0,Contractor_041,"Mysuru, Karnataka",,"Document for project P00438. Type: Utilization Certificate. Amount: 1629000.0. Contractor: Contractor_041. Location: Mysuru, Karnataka.",In Progress
DOC00439,P00439,Completion Certificate,2024-01-10,849000.0,Contractor_036,"Jaipur, Rajasthan",,"Document for project P00439. Type: Completion Certificate. Amount: 849000.0. Contractor: Contractor_036. Location: Jaipur, Rajasthan.",Delayed
DOC00440,P00440,Inspection Report,2024-04-26,824000.0,Contractor_042,"Visakhapatnam, Andhra Pradesh",,"Document for project P00440. Type: Inspection Report. Amount: 824000.0. Contractor: Contractor_042. Location: Visakhapatnam, Andhra Pradesh.",In Progress
DOC00441,P00441,Sanction Letter,2024-08-24,1110000.0,Contractor_013,"Khordha, Odisha",,"Document for project P00441. Type: Sanction Letter. Amount: 1110000.0. Contractor: Contractor_013. Location: Khordha, Odisha.",In Progress
DOC00442,P00442,Utilization Certificate,2025-01-03,1022000.0,Contractor_054,"Vadodara, Gujarat",,"Document for project P00442. Type: Utilization Certificate. Amount: 1022000.0. Contractor: Contractor_054. Location: Vadodara, Gujarat.",In Progress
DOC00443,P00443,Completion Certificate,2025-05-22,1157000.0,Contractor_020,"Ernakulam, Kerala",,"Document for project P00443. Type: Completion Certificate. Amount: 1157000.0. Contractor: Contractor_020. Location: Ernakulam, Kerala.",Delayed
DOC00444,P00444,Inspection Report,2025-01-10,506000.0,Contractor_038,"Surat, Gujarat",,"Document for project P00444. Type: Inspection Report. Amount: 506000.0. Contractor: Contractor_038. Location: Surat, Gujarat.",In Progress
DOC00445,P00445,Sanction Letter,2026-01-16,1495000.0,Contractor_003,"Jaipur, Rajasthan",,"Document for project P00445. Type: Sanction Letter. Amount: 1495000.0. Contractor: Contractor_003. Location: Jaipur, Rajasthan.",In Progress
DOC00446,P00446,Utilization Certificate,2024-10-02,2283000.0,Contractor_040,"Rajkot, Gujarat",,"Document for project P00446. Type: Utilization Certificate. Amount: 2283000.0. Contractor: Contractor_040. Location: Rajkot, Gujarat.",In Progress
DOC00447,P00447,Completion Certificate,2024-07-02,1884000.0,Contractor_039,"Krishna, Andhra Pradesh",,"Document for project P00447. Type: Completion Certificate. Amount: 1884000.0. Contractor: Contractor_039. Location: Krishna, Andhra Pradesh.",In Progress
DOC00448,P00448,Inspection Report,2025-09-07,777000.0,Contractor_003,"Howrah, West Bengal",,"Document for project P00448. Type: Inspection Report. Amount: 777000.0. Contractor: Contractor_003. Location: Howrah, West Bengal.",Delayed
DOC00449,P00449,Sanction Letter,2025-07-11,1494000.0,Contractor_032,"Salem, Tamil Nadu",,"Document for project P00449. Type: Sanction Letter. Amount: 1494000.0. Contractor: Contractor_032. Location: Salem, Tamil Nadu.",In Progress
DOC00450,P00450,Utilization Certificate,2025-08-30,226000.0,Contractor_035,"Warangal, Telangana",,"Document for project P00450. Type: Utilization Certificate. Amount: 226000.0. Contractor: Contractor_035. Location: Warangal, Telangana.",In Progress
DOC00451,P00451,Completion Certificate,2025-06-16,333750.0,Different Contractor,"Ganjam, Odisha",,"Document for project P00451. Type: Completion Certificate. Amount: 333750.0. Contractor: Different Contractor. Location: Ganjam, Odisha.",Completed
DOC00452,P00452,Inspection Report,2024-07-09,1396000.0,Contractor_028,"Tirupati, Andhra Pradesh",,"Document for project P00452. Type: Inspection Report. Amount: 1396000.0. Contractor: Contractor_028. Location: Tirupati, Andhra Pradesh.",In Progress
DOC00453,P00453,Sanction Letter,2025-08-21,1370000.0,Contractor_032,"Aurangabad, Maharashtra",,"Document for project P00453. Type: Sanction Letter. Amount: 1370000.0. Contractor: Contractor_032. Location: Aurangabad, Maharashtra.",In Progress
DOC00454,P00454,Utilization Certificate,2024-05-21,237000.0,Contractor_005,"Dharwad, Karnataka",,"Document for project P00454. Type: Utilization Certificate. Amount: 237000.0. Contractor: Contractor_005. Location: Dharwad, Karnataka.",In Progress
DOC00455,P00455,Completion Certificate,2024-06-16,1684000.0,Contractor_029,"Vadodara, Gujarat",,"Document for project P00455. Type: Completion Certificate. Amount: 1684000.0. Contractor: Contractor_029. Location: Vadodara, Gujarat.",In Progress
DOC00456,P00456,Inspection Report,2025-06-01,1005000.0,Contractor_019,"Nashik, Maharashtra",,"Document for project P00456. Type: Inspection Report. Amount: 1005000.0. Contractor: Contractor_019. Location: Nashik, Maharashtra.",In Progress
DOC00457,P00457,Sanction Letter,2026-01-31,1132000.0,Contractor_010,"Bengaluru Urban, Karnataka",,"Document for project P00457. Type: Sanction Letter. Amount: 1132000.0. Contractor: Contractor_010. Location: Bengaluru Urban, Karnataka.",In Progress
DOC00458,P00458,Utilization Certificate,2025-12-07,1522000.0,Contractor_004,"Ernakulam, Kerala",,"Document for project P00458. Type: Utilization Certificate. Amount: 1522000.0. Contractor: Contractor_004. Location: Ernakulam, Kerala.",Completed
DOC00459,P00459,Completion Certificate,2025-05-27,518000.0,Contractor_003,"Darjeeling, West Bengal",,"Document for project P00459. Type: Completion Certificate. Amount: 518000.0. Contractor: Contractor_003. Location: Darjeeling, West Bengal.",In Progress
DOC00460,P00460,Inspection Report,2025-03-03,1520000.0,Contractor_007,"Nagpur, Maharashtra",,"Document for project P00460. Type: Inspection Report. Amount: 1520000.0. Contractor: Contractor_007. Location: Nagpur, Maharashtra.",Delayed
DOC00461,P00461,Sanction Letter,2024-05-28,2452000.0,Contractor_050,"Vadodara, Gujarat",,"Document for project P00461. Type: Sanction Letter. Amount: 2452000.0. Contractor: Contractor_050. Location: Vadodara, Gujarat.",In Progress
DOC00462,P00462,Utilization Certificate,2025-10-07,186000.0,Contractor_014,"Jodhpur, Rajasthan",,"Document for project P00462. Type: Utilization Certificate. Amount: 186000.0. Contractor: Contractor_014. Location: Jodhpur, Rajasthan.",In Progress
DOC00463,P00463,Completion Certificate,2024-01-20,376000.0,Contractor_026,"Jodhpur, Rajasthan",,"Document for project P00463. Type: Completion Certificate. Amount: 376000.0. Contractor: Contractor_026. Location: Jodhpur, Rajasthan.",In Progress
DOC00464,P00464,Inspection Report,2026-03-06,1305000.0,Contractor_007,"Malda, West Bengal",,"Document for project P00464. Type: Inspection Report. Amount: 1305000.0. Contractor: Contractor_007. Location: Malda, West Bengal.",Completed
DOC00465,P00465,Sanction Letter,2025-04-14,468000.0,Contractor_020,"Belagavi, Karnataka",,"Document for project P00465. Type: Sanction Letter. Amount: 468000.0. Contractor: Contractor_020. Location: Belagavi, Karnataka.",In Progress
DOC00466,P00466,Utilization Certificate,2025-03-01,469000.0,Contractor_016,"Aurangabad, Maharashtra",,"Document for project P00466. Type: Utilization Certificate. Amount: 469000.0. Contractor: Contractor_016. Location: Aurangabad, Maharashtra.",In Progress
DOC00467,P00467,Completion Certificate,2026-01-31,1332000.0,Contractor_022,"Aurangabad, Maharashtra",,"Document for project P00467. Type: Completion Certificate. Amount: 1332000.0. Contractor: Contractor_022. Location: Aurangabad, Maharashtra.",Delayed
DOC00468,P00468,Inspection Report,2025-05-16,569000.0,Contractor_031,"Coimbatore, Tamil Nadu",,"Document for project P00468. Type: Inspection Report. Amount: 569000.0. Contractor: Contractor_031. Location: Coimbatore, Tamil Nadu.",In Progress
DOC00469,P00469,Sanction Letter,2024-04-15,2371000.0,Contractor_037,"Belagavi, Karnataka",,"Document for project P00469. Type: Sanction Letter. Amount: 2371000.0. Contractor: Contractor_037. Location: Belagavi, Karnataka.",In Progress
DOC00470,P00470,Utilization Certificate,2025-03-25,1600000.0,Contractor_028,"Nizamabad, Telangana",,"Document for project P00470. Type: Utilization Certificate. Amount: 1600000.0. Contractor: Contractor_028. Location: Nizamabad, Telangana.",In Progress
DOC00471,P00471,Completion Certificate,2025-06-01,2255000.0,Contractor_013,"Nashik, Maharashtra",,"Document for project P00471. Type: Completion Certificate. Amount: 2255000.0. Contractor: Contractor_013. Location: Nashik, Maharashtra.",In Progress
DOC00472,P00472,Inspection Report,2024-05-26,250000.0,Contractor_054,"Surat, Gujarat",,"Document for project P00472. Type: Inspection Report. Amount: 250000.0. Contractor: Contractor_054. Location: Surat, Gujarat.",In Progress
DOC00473,P00473,Sanction Letter,2026-03-29,1147000.0,Contractor_021,"Jaipur, Rajasthan",,"Document for project P00473. Type: Sanction Letter. Amount: 1147000.0. Contractor: Contractor_021. Location: Jaipur, Rajasthan.",In Progress
DOC00474,P00474,Utilization Certificate,2024-03-28,8545000.0,Contractor_013,"Jaipur, Rajasthan",,"Document for project P00474. Type: Utilization Certificate. Amount: 8545000.0. Contractor: Contractor_013. Location: Jaipur, Rajasthan.",In Progress
DOC00475,P00475,Completion Certificate,2025-08-28,2220000.0,Contractor_055,"Nagpur, Maharashtra",,"Document for project P00475. Type: Completion Certificate. Amount: 2220000.0. Contractor: Contractor_055. Location: Nagpur, Maharashtra.",Completed
DOC00476,P00476,Inspection Report,2025-07-09,1199000.0,Contractor_027,"Surat, Gujarat",,"Document for project P00476. Type: Inspection Report. Amount: 1199000.0. Contractor: Contractor_027. Location: Surat, Gujarat.",Completed
DOC00477,P00477,Sanction Letter,2025-05-26,1241000.0,Contractor_016,"Kollam, Kerala",,"Document for project P00477. Type: Sanction Letter. Amount: 1241000.0. Contractor: Contractor_016. Location: Kollam, Kerala.",In Progress
DOC00478,P00478,Utilization Certificate,2026-01-09,1727000.0,Contractor_056,"Howrah, West Bengal",,"Document for project P00478. Type: Utilization Certificate. Amount: 1727000.0. Contractor: Contractor_056. Location: Howrah, West Bengal.",Delayed
DOC00479,P00479,Completion Certificate,2024-05-31,2621000.0,Contractor_037,"Vadodara, Gujarat",,"Document for project P00479. Type: Completion Certificate. Amount: 2621000.0. Contractor: Contractor_037. Location: Vadodara, Gujarat.",In Progress
DOC00480,P00480,Inspection Report,2025-06-01,875000.0,Contractor_020,"Jodhpur, Rajasthan",,"Document for project P00480. Type: Inspection Report. Amount: 875000.0. Contractor: Contractor_020. Location: Jodhpur, Rajasthan.",Completed
DOC00481,P00481,Sanction Letter,2025-04-15,1688000.0,Contractor_023,"Jaipur, Rajasthan",,"Document for project P00481. Type: Sanction Letter. Amount: 1688000.0. Contractor: Contractor_023. Location: Jaipur, Rajasthan.",Delayed
DOC00482,P00482,Utilization Certificate,2024-10-21,1389000.0,Contractor_048,"Surat, Gujarat",,"Document for project P00482. Type: Utilization Certificate. Amount: 1389000.0. Contractor: Contractor_048. Location: Surat, Gujarat.",Delayed
DOC00483,P00483,Completion Certificate,2024-02-04,884000.0,Contractor_017,"Kota, Rajasthan",,"Document for project P00483. Type: Completion Certificate. Amount: 884000.0. Contractor: Contractor_017. Location: Kota, Rajasthan.",In Progress
DOC00484,P00484,Inspection Report,2024-10-31,2190000.0,Contractor_043,"Chennai, Tamil Nadu",,"Document for project P00484. Type: Inspection Report. Amount: 2190000.0. Contractor: Contractor_043. Location: Chennai, Tamil Nadu.",In Progress
DOC00485,P00485,Sanction Letter,2024-02-29,2329000.0,Contractor_047,"Jodhpur, Rajasthan",,"Document for project P00485. Type: Sanction Letter. Amount: 2329000.0. Contractor: Contractor_047. Location: Jodhpur, Rajasthan.",In Progress
DOC00486,P00486,Utilization Certificate,2025-05-21,486000.0,Contractor_026,"Dharwad, Karnataka",,"Document for project P00486. Type: Utilization Certificate. Amount: 486000.0. Contractor: Contractor_026. Location: Dharwad, Karnataka.",In Progress
DOC00487,P00487,Completion Certificate,2025-10-28,2412000.0,Contractor_018,"Mysuru, Karnataka",,"Document for project P00487. Type: Completion Certificate. Amount: 2412000.0. Contractor: Contractor_018. Location: Mysuru, Karnataka.",Delayed
DOC00488,P00488,Inspection Report,2024-07-02,2519000.0,Contractor_012,"Darjeeling, West Bengal",,"Document for project P00488. Type: Inspection Report. Amount: 2519000.0. Contractor: Contractor_012. Location: Darjeeling, West Bengal.",In Progress
DOC00489,P00489,Sanction Letter,2026-03-01,1032000.0,Contractor_023,"Coimbatore, Tamil Nadu",,"Document for project P00489. Type: Sanction Letter. Amount: 1032000.0. Contractor: Contractor_023. Location: Coimbatore, Tamil Nadu.",In Progress
DOC00490,P00490,Utilization Certificate,2025-08-02,565000.0,Contractor_031,"Hyderabad, Telangana",,"Document for project P00490. Type: Utilization Certificate. Amount: 565000.0. Contractor: Contractor_031. Location: Hyderabad, Telangana.",In Progress
DOC00491,P00491,Completion Certificate,2025-10-20,971000.0,Contractor_059,"Jodhpur, Rajasthan",,"Document for project P00491. Type: Completion Certificate. Amount: 971000.0. Contractor: Contractor_059. Location: Jodhpur, Rajasthan.",In Progress
DOC00492,P00492,Inspection Report,2025-10-29,879000.0,Contractor_001,"Surat, Gujarat",,"Document for project P00492. Type: Inspection Report. Amount: 879000.0. Contractor: Contractor_001. Location: Surat, Gujarat.",In Progress
DOC00493,P00493,Sanction Letter,2024-12-28,1467000.0,Contractor_010,"Udaipur, Rajasthan",,"Document for project P00493. Type: Sanction Letter. Amount: 1467000.0. Contractor: Contractor_010. Location: Udaipur, Rajasthan.",In Progress
DOC00494,P00494,Utilization Certificate,2026-03-27,1055000.0,Contractor_054,"Nizamabad, Telangana",,"Document for project P00494. Type: Utilization Certificate. Amount: 1055000.0. Contractor: Contractor_054. Location: Nizamabad, Telangana.",In Progress
DOC00495,P00495,Completion Certificate,2025-03-26,351000.0,Contractor_018,"Rajkot, Gujarat",,"Document for project P00495. Type: Completion Certificate. Amount: 351000.0. Contractor: Contractor_018. Location: Rajkot, Gujarat.",In Progress
DOC00496,P00496,Inspection Report,2025-11-07,613000.0,Contractor_004,"Aurangabad, Maharashtra",,"Document for project P00496. Type: Inspection Report. Amount: 613000.0. Contractor: Contractor_004. Location: Aurangabad, Maharashtra.",In Progress
DOC00497,P00497,Sanction Letter,2025-01-18,1185000.0,Contractor_047,"Ahmedabad, Gujarat",,"Document for project P00497. Type: Sanction Letter. Amount: 1185000.0. Contractor: Contractor_047. Location: Ahmedabad, Gujarat.",In Progress
DOC00498,P00498,Utilization Certificate,2024-12-16,825000.0,Contractor_019,"Jaipur, Rajasthan",,"Document for project P00498. Type: Utilization Certificate. Amount: 825000.0. Contractor: Contractor_019. Location: Jaipur, Rajasthan.",Delayed
DOC00499,P00499,Completion Certificate,2024-08-04,655000.0,Contractor_053,"Bengaluru Urban, Karnataka",,"Document for project P00499. Type: Completion Certificate. Amount: 655000.0. Contractor: Contractor_053. Location: Bengaluru Urban, Karnataka.",Delayed
DOC00500,P00500,Inspection Report,2024-03-26,1197000.0,Contractor_038,"Visakhapatnam, Andhra Pradesh",,"Document for project P00500. Type: Inspection Report. Amount: 1197000.0. Contractor: Contractor_038. Location: Visakhapatnam, Andhra Pradesh.",Completed
DOC00501,P00501,Sanction Letter,2024-07-31,2440000.0,Contractor_049,Different Location,,Document for project P00501. Type: Sanction Letter. Amount: 2440000.0. Contractor: Contractor_049. Location: Different Location.,Delayed
DOC00502,P00502,Utilization Certificate,2025-12-14,2227000.0,Contractor_041,"Jodhpur, Rajasthan",,"Document for project P00502. Type: Utilization Certificate. Amount: 2227000.0. Contractor: Contractor_041. Location: Jodhpur, Rajasthan.",Completed
DOC00503,P00503,Completion Certificate,2024-09-03,1216000.0,Contractor_014,"Nizamabad, Telangana",,"Document for project P00503. Type: Completion Certificate. Amount: 1216000.0. Contractor: Contractor_014. Location: Nizamabad, Telangana.",In Progress
DOC00504,P00504,Inspection Report,2024-09-14,1228000.0,Contractor_046,"Dharwad, Karnataka",,"Document for project P00504. Type: Inspection Report. Amount: 1228000.0. Contractor: Contractor_046. Location: Dharwad, Karnataka.",In Progress
DOC00505,P00505,Sanction Letter,2024-05-12,776000.0,Contractor_007,"Ganjam, Odisha",,"Document for project P00505. Type: Sanction Letter. Amount: 776000.0. Contractor: Contractor_007. Location: Ganjam, Odisha.",In Progress
DOC00506,P00506,Utilization Certificate,2025-12-24,3496000.0,Contractor_005,"Thrissur, Kerala",,"Document for project P00506. Type: Utilization Certificate. Amount: 3496000.0. Contractor: Contractor_005. Location: Thrissur, Kerala.",Delayed
DOC00507,P00507,Completion Certificate,2025-06-05,1208000.0,Contractor_011,"Kozhikode, Kerala",,"Document for project P00507. Type: Completion Certificate. Amount: 1208000.0. Contractor: Contractor_011. Location: Kozhikode, Kerala.",In Progress
DOC00508,P00508,Inspection Report,2025-03-27,533000.0,Contractor_018,"Kozhikode, Kerala",,"Document for project P00508. Type: Inspection Report. Amount: 533000.0. Contractor: Contractor_018. Location: Kozhikode, Kerala.",In Progress
DOC00509,P00509,Sanction Letter,2025-08-27,713000.0,Contractor_038,"Khordha, Odisha",,"Document for project P00509. Type: Sanction Letter. Amount: 713000.0. Contractor: Contractor_038. Location: Khordha, Odisha.",In Progress
DOC00510,P00510,Utilization Certificate,2025-06-29,959000.0,Contractor_044,"Mysuru, Karnataka",,"Document for project P00510. Type: Utilization Certificate. Amount: 959000.0. Contractor: Contractor_044. Location: Mysuru, Karnataka.",In Progress
DOC00511,P00511,Completion Certificate,2024-03-01,1573000.0,Contractor_038,"Surat, Gujarat",,"Document for project P00511. Type: Completion Certificate. Amount: 1573000.0. Contractor: Contractor_038. Location: Surat, Gujarat.",In Progress
DOC00512,P00512,Inspection Report,2025-06-13,1444000.0,Contractor_012,"Warangal, Telangana",,"Document for project P00512. Type: Inspection Report. Amount: 1444000.0. Contractor: Contractor_012. Location: Warangal, Telangana.",In Progress
DOC00513,P00513,Sanction Letter,2024-06-21,2057000.0,Contractor_003,"Nagpur, Maharashtra",,"Document for project P00513. Type: Sanction Letter. Amount: 2057000.0. Contractor: Contractor_003. Location: Nagpur, Maharashtra.",In Progress
DOC00514,P00514,Utilization Certificate,2024-08-06,1326000.0,Contractor_038,"Vadodara, Gujarat",,"Document for project P00514. Type: Utilization Certificate. Amount: 1326000.0. Contractor: Contractor_038. Location: Vadodara, Gujarat.",In Progress
DOC00515,P00515,Completion Certificate,2025-05-06,1745000.0,Contractor_046,"Ernakulam, Kerala",,"Document for project P00515. Type: Completion Certificate. Amount: 1745000.0. Contractor: Contractor_046. Location: Ernakulam, Kerala.",Completed
DOC00516,P00516,Inspection Report,2025-10-15,2189000.0,Contractor_041,"Khordha, Odisha",,"Document for project P00516. Type: Inspection Report. Amount: 2189000.0. Contractor: Contractor_041. Location: Khordha, Odisha.",Delayed
DOC00517,P00517,Sanction Letter,2025-12-01,747000.0,Contractor_038,"Ernakulam, Kerala",,"Document for project P00517. Type: Sanction Letter. Amount: 747000.0. Contractor: Contractor_038. Location: Ernakulam, Kerala.",In Progress
DOC00518,P00518,Utilization Certificate,2025-04-12,2543000.0,Contractor_045,"Kollam, Kerala",,"Document for project P00518. Type: Utilization Certificate. Amount: 2543000.0. Contractor: Contractor_045. Location: Kollam, Kerala.",Delayed
DOC00519,P00519,Completion Certificate,2024-02-28,2814000.0,Contractor_036,"Pune, Maharashtra",,"Document for project P00519. Type: Completion Certificate. Amount: 2814000.0. Contractor: Contractor_036. Location: Pune, Maharashtra.",In Progress
DOC00520,P00520,Inspection Report,2026-01-31,1589000.0,Contractor_052,"Visakhapatnam, Andhra Pradesh",,"Document for project P00520. Type: Inspection Report. Amount: 1589000.0. Contractor: Contractor_052. Location: Visakhapatnam, Andhra Pradesh.",Completed
DOC00521,P00521,Sanction Letter,2025-08-01,761000.0,Contractor_020,"Aurangabad, Maharashtra",,"Document for project P00521. Type: Sanction Letter. Amount: 761000.0. Contractor: Contractor_020. Location: Aurangabad, Maharashtra.",In Progress
DOC00522,P00522,Utilization Certificate,2025-06-02,432000.0,Contractor_050,"Guntur, Andhra Pradesh",,"Document for project P00522. Type: Utilization Certificate. Amount: 432000.0. Contractor: Contractor_050. Location: Guntur, Andhra Pradesh.",In Progress
DOC00523,P00523,Completion Certificate,2024-10-31,254000.0,Contractor_022,"Cuttack, Odisha",,"Document for project P00523. Type: Completion Certificate. Amount: 254000.0. Contractor: Contractor_022. Location: Cuttack, Odisha.",In Progress
DOC00524,P00524,Inspection Report,2025-04-11,689000.0,Contractor_049,"Ganjam, Odisha",,"Document for project P00524. Type: Inspection Report. Amount: 689000.0. Contractor: Contractor_049. Location: Ganjam, Odisha.",Completed
DOC00525,P00525,Sanction Letter,2025-11-21,1521000.0,Contractor_037,"Rajkot, Gujarat",,"Document for project P00525. Type: Sanction Letter. Amount: 1521000.0. Contractor: Contractor_037. Location: Rajkot, Gujarat.",In Progress
DOC00526,P00526,Utilization Certificate,2024-12-02,946000.0,Different Contractor,"Thrissur, Kerala",,"Document for project P00526. Type: Utilization Certificate. Amount: 946000.0. Contractor: Different Contractor. Location: Thrissur, Kerala.",In Progress
DOC00527,P00527,Completion Certificate,2025-03-12,468000.0,Contractor_019,"Aurangabad, Maharashtra",,"Document for project P00527. Type: Completion Certificate. Amount: 468000.0. Contractor: Contractor_019. Location: Aurangabad, Maharashtra.",In Progress
DOC00528,P00528,Inspection Report,2025-12-19,1987000.0,Contractor_024,"Thrissur, Kerala",,"Document for project P00528. Type: Inspection Report. Amount: 1987000.0. Contractor: Contractor_024. Location: Thrissur, Kerala.",Completed
DOC00529,P00529,Sanction Letter,2024-10-09,2352000.0,Contractor_057,"Jodhpur, Rajasthan",,"Document for project P00529. Type: Sanction Letter. Amount: 2352000.0. Contractor: Contractor_057. Location: Jodhpur, Rajasthan.",Delayed
DOC00530,P00530,Utilization Certificate,2025-04-27,427000.0,Contractor_007,"Cuttack, Odisha",,"Document for project P00530. Type: Utilization Certificate. Amount: 427000.0. Contractor: Contractor_007. Location: Cuttack, Odisha.",In Progress
DOC00531,P00531,Completion Certificate,2024-02-06,2651000.0,Contractor_042,"Surat, Gujarat",,"Document for project P00531. Type: Completion Certificate. Amount: 2651000.0. Contractor: Contractor_042. Location: Surat, Gujarat.",Delayed
DOC00532,P00532,Inspection Report,2024-10-09,854000.0,Contractor_005,"Vadodara, Gujarat",,"Document for project P00532. Type: Inspection Report. Amount: 854000.0. Contractor: Contractor_005. Location: Vadodara, Gujarat.",In Progress
DOC00533,P00533,Sanction Letter,2025-05-31,683000.0,Contractor_023,"Krishna, Andhra Pradesh",,"Document for project P00533. Type: Sanction Letter. Amount: 683000.0. Contractor: Contractor_023. Location: Krishna, Andhra Pradesh.",In Progress
DOC00534,P00534,Utilization Certificate,2024-05-14,1286000.0,Contractor_018,"Nagpur, Maharashtra",,"Document for project P00534. Type: Utilization Certificate. Amount: 1286000.0. Contractor: Contractor_018. Location: Nagpur, Maharashtra.",Completed
DOC00535,P00535,Completion Certificate,2025-03-25,357000.0,Contractor_009,"Tirupati, Andhra Pradesh",,"Document for project P00535. Type: Completion Certificate. Amount: 357000.0. Contractor: Contractor_009. Location: Tirupati, Andhra Pradesh.",Delayed
DOC00536,P00536,Inspection Report,2024-04-23,2893000.0,Contractor_048,"Kozhikode, Kerala",,"Document for project P00536. Type: Inspection Report. Amount: 2893000.0. Contractor: Contractor_048. Location: Kozhikode, Kerala.",Delayed
DOC00537,P00537,Sanction Letter,2025-01-30,443000.0,Contractor_015,"Mysuru, Karnataka",,"Document for project P00537. Type: Sanction Letter. Amount: 443000.0. Contractor: Contractor_015. Location: Mysuru, Karnataka.",Delayed
DOC00538,P00538,Utilization Certificate,2024-07-29,444000.0,Contractor_014,"Tirupati, Andhra Pradesh",,"Document for project P00538. Type: Utilization Certificate. Amount: 444000.0. Contractor: Contractor_014. Location: Tirupati, Andhra Pradesh.",In Progress
DOC00539,P00539,Completion Certificate,2024-05-05,2417000.0,Contractor_015,"Ganjam, Odisha",,"Document for project P00539. Type: Completion Certificate. Amount: 2417000.0. Contractor: Contractor_015. Location: Ganjam, Odisha.",Delayed
DOC00540,P00540,Inspection Report,2024-02-08,1939000.0,Contractor_060,"Kozhikode, Kerala",,"Document for project P00540. Type: Inspection Report. Amount: 1939000.0. Contractor: Contractor_060. Location: Kozhikode, Kerala.",In Progress
DOC00541,P00541,Sanction Letter,2025-08-13,782000.0,Contractor_029,"Krishna, Andhra Pradesh",,"Document for project P00541. Type: Sanction Letter. Amount: 782000.0. Contractor: Contractor_029. Location: Krishna, Andhra Pradesh.",In Progress
DOC00542,P00542,Utilization Certificate,2024-07-06,750000.0,Contractor_038,"Tirupati, Andhra Pradesh",,"Document for project P00542. Type: Utilization Certificate. Amount: 750000.0. Contractor: Contractor_038. Location: Tirupati, Andhra Pradesh.",In Progress
DOC00543,P00543,Completion Certificate,2024-02-06,1060000.0,Contractor_006,"Cuttack, Odisha",,"Document for project P00543. Type: Completion Certificate. Amount: 1060000.0. Contractor: Contractor_006. Location: Cuttack, Odisha.",Completed
DOC00544,P00544,Inspection Report,2025-11-24,1168000.0,Contractor_038,"Darjeeling, West Bengal",,"Document for project P00544. Type: Inspection Report. Amount: 1168000.0. Contractor: Contractor_038. Location: Darjeeling, West Bengal.",In Progress
DOC00545,P00545,Sanction Letter,2025-10-27,3047000.0,Contractor_027,"Rajkot, Gujarat",,"Document for project P00545. Type: Sanction Letter. Amount: 3047000.0. Contractor: Contractor_027. Location: Rajkot, Gujarat.",Completed
DOC00546,P00546,Utilization Certificate,2026-03-17,1164000.0,Contractor_035,"Thrissur, Kerala",,"Document for project P00546. Type: Utilization Certificate. Amount: 1164000.0. Contractor: Contractor_035. Location: Thrissur, Kerala.",Delayed
DOC00547,P00547,Completion Certificate,2024-11-09,1435000.0,Contractor_050,"Bengaluru Urban, Karnataka",,"Document for project P00547. Type: Completion Certificate. Amount: 1435000.0. Contractor: Contractor_050. Location: Bengaluru Urban, Karnataka.",In Progress
DOC00548,P00548,Inspection Report,2024-01-05,2380000.0,Contractor_043,"Coimbatore, Tamil Nadu",,"Document for project P00548. Type: Inspection Report. Amount: 2380000.0. Contractor: Contractor_043. Location: Coimbatore, Tamil Nadu.",Delayed
DOC00549,P00549,Sanction Letter,2025-12-22,729000.0,Contractor_053,"Visakhapatnam, Andhra Pradesh",,"Document for project P00549. Type: Sanction Letter. Amount: 729000.0. Contractor: Contractor_053. Location: Visakhapatnam, Andhra Pradesh.",In Progress
DOC00550,P00550,Utilization Certificate,2024-12-07,612000.0,Contractor_026,"Bengaluru Urban, Karnataka",,"Document for project P00550. Type: Utilization Certificate. Amount: 612000.0. Contractor: Contractor_026. Location: Bengaluru Urban, Karnataka.",In Progress
DOC00551,P00551,Completion Certificate,2025-11-20,788750.0,Contractor_040,"Hyderabad, Telangana",,"Document for project P00551. Type: Completion Certificate. Amount: 788750.0. Contractor: Contractor_040. Location: Hyderabad, Telangana.",Delayed
DOC00552,P00552,Inspection Report,2025-11-11,3715000.0,Contractor_011,"Ahmedabad, Gujarat",,"Document for project P00552. Type: Inspection Report. Amount: 3715000.0. Contractor: Contractor_011. Location: Ahmedabad, Gujarat.",Delayed
DOC00553,P00553,Sanction Letter,2024-02-25,1198000.0,Contractor_053,"Howrah, West Bengal",,"Document for project P00553. Type: Sanction Letter. Amount: 1198000.0. Contractor: Contractor_053. Location: Howrah, West Bengal.",In Progress
DOC00554,P00554,Utilization Certificate,2024-04-19,845000.0,Contractor_029,"Dharwad, Karnataka",,"Document for project P00554. Type: Utilization Certificate. Amount: 845000.0. Contractor: Contractor_029. Location: Dharwad, Karnataka.",Delayed
DOC00555,P00555,Completion Certificate,2026-01-03,288000.0,Contractor_059,"Khordha, Odisha",,"Document for project P00555. Type: Completion Certificate. Amount: 288000.0. Contractor: Contractor_059. Location: Khordha, Odisha.",In Progress
DOC00556,P00556,Inspection Report,2024-04-09,817000.0,Contractor_053,"Vadodara, Gujarat",,"Document for project P00556. Type: Inspection Report. Amount: 817000.0. Contractor: Contractor_053. Location: Vadodara, Gujarat.",In Progress
DOC00557,P00557,Sanction Letter,2024-06-09,289000.0,Contractor_050,"Krishna, Andhra Pradesh",,"Document for project P00557. Type: Sanction Letter. Amount: 289000.0. Contractor: Contractor_050. Location: Krishna, Andhra Pradesh.",In Progress
DOC00558,P00558,Utilization Certificate,2025-09-04,1406000.0,Contractor_010,"Malda, West Bengal",,"Document for project P00558. Type: Utilization Certificate. Amount: 1406000.0. Contractor: Contractor_010. Location: Malda, West Bengal.",In Progress
DOC00559,P00559,Completion Certificate,2024-10-16,1449000.0,Contractor_024,"Nizamabad, Telangana",,"Document for project P00559. Type: Completion Certificate. Amount: 1449000.0. Contractor: Contractor_024. Location: Nizamabad, Telangana.",In Progress
DOC00560,P00560,Inspection Report,2024-12-29,2061000.0,Contractor_024,"Kozhikode, Kerala",,"Document for project P00560. Type: Inspection Report. Amount: 2061000.0. Contractor: Contractor_024. Location: Kozhikode, Kerala.",In Progress
DOC00561,P00561,Sanction Letter,2024-06-17,860000.0,Contractor_033,"Ganjam, Odisha",,"Document for project P00561. Type: Sanction Letter. Amount: 860000.0. Contractor: Contractor_033. Location: Ganjam, Odisha.",In Progress
DOC00562,P00562,Utilization Certificate,2024-12-19,1327000.0,Contractor_024,"Kolkata, West Bengal",,"Document for project P00562. Type: Utilization Certificate. Amount: 1327000.0. Contractor: Contractor_024. Location: Kolkata, West Bengal.",In Progress
DOC00563,P00563,Completion Certificate,2024-01-27,1494000.0,Contractor_033,"Warangal, Telangana",,"Document for project P00563. Type: Completion Certificate. Amount: 1494000.0. Contractor: Contractor_033. Location: Warangal, Telangana.",In Progress
DOC00564,P00564,Inspection Report,2024-07-02,1231000.0,Contractor_028,"Coimbatore, Tamil Nadu",,"Document for project P00564. Type: Inspection Report. Amount: 1231000.0. Contractor: Contractor_028. Location: Coimbatore, Tamil Nadu.",In Progress
DOC00565,P00565,Sanction Letter,2025-11-26,497000.0,Contractor_002,"Surat, Gujarat",,"Document for project P00565. Type: Sanction Letter. Amount: 497000.0. Contractor: Contractor_002. Location: Surat, Gujarat.",Delayed
DOC00566,P00566,Utilization Certificate,2025-11-03,1331000.0,Contractor_028,"Chennai, Tamil Nadu",,"Document for project P00566. Type: Utilization Certificate. Amount: 1331000.0. Contractor: Contractor_028. Location: Chennai, Tamil Nadu.",In Progress
DOC00567,P00567,Completion Certificate,2026-02-14,3168000.0,Contractor_028,"Nagpur, Maharashtra",,"Document for project P00567. Type: Completion Certificate. Amount: 3168000.0. Contractor: Contractor_028. Location: Nagpur, Maharashtra.",Completed
DOC00568,P00568,Inspection Report,2025-12-13,645000.0,Contractor_005,"Howrah, West Bengal",,"Document for project P00568. Type: Inspection Report. Amount: 645000.0. Contractor: Contractor_005. Location: Howrah, West Bengal.",In Progress
DOC00569,P00569,Sanction Letter,2024-06-27,953000.0,Contractor_012,"Nashik, Maharashtra",,"Document for project P00569. Type: Sanction Letter. Amount: 953000.0. Contractor: Contractor_012. Location: Nashik, Maharashtra.",In Progress
DOC00570,P00570,Utilization Certificate,2026-04-03,2857000.0,Contractor_019,"Darjeeling, West Bengal",,"Document for project P00570. Type: Utilization Certificate. Amount: 2857000.0. Contractor: Contractor_019. Location: Darjeeling, West Bengal.",Completed
DOC00571,P00571,Completion Certificate,2024-08-25,13644000.0,Contractor_003,"Vadodara, Gujarat",,"Document for project P00571. Type: Completion Certificate. Amount: 13644000.0. Contractor: Contractor_003. Location: Vadodara, Gujarat.",In Progress
DOC00572,P00572,Inspection Report,2025-12-20,2240000.0,Contractor_060,"Jaipur, Rajasthan",,"Document for project P00572. Type: Inspection Report. Amount: 2240000.0. Contractor: Contractor_060. Location: Jaipur, Rajasthan.",Delayed
DOC00573,P00573,Sanction Letter,2026-01-05,1035000.0,Contractor_005,"Mysuru, Karnataka",,"Document for project P00573. Type: Sanction Letter. Amount: 1035000.0. Contractor: Contractor_005. Location: Mysuru, Karnataka.",In Progress
DOC00574,P00574,Utilization Certificate,2025-02-03,1436000.0,Contractor_006,"Belagavi, Karnataka",,"Document for project P00574. Type: Utilization Certificate. Amount: 1436000.0. Contractor: Contractor_006. Location: Belagavi, Karnataka.",In Progress
DOC00575,P00575,Completion Certificate,2024-08-29,1246000.0,Contractor_024,"Nagpur, Maharashtra",,"Document for project P00575. Type: Completion Certificate. Amount: 1246000.0. Contractor: Contractor_024. Location: Nagpur, Maharashtra.",In Progress
DOC00576,P00576,Inspection Report,2025-02-28,1082000.0,Contractor_057,"Howrah, West Bengal",,"Document for project P00576. Type: Inspection Report. Amount: 1082000.0. Contractor: Contractor_057. Location: Howrah, West Bengal.",In Progress
DOC00577,P00577,Sanction Letter,2025-01-02,364000.0,Contractor_041,"Surat, Gujarat",,"Document for project P00577. Type: Sanction Letter. Amount: 364000.0. Contractor: Contractor_041. Location: Surat, Gujarat.",In Progress
DOC00578,P00578,Utilization Certificate,2025-01-28,2676000.0,Contractor_056,"Mysuru, Karnataka",,"Document for project P00578. Type: Utilization Certificate. Amount: 2676000.0. Contractor: Contractor_056. Location: Mysuru, Karnataka.",In Progress
DOC00579,P00579,Completion Certificate,2024-04-26,1996000.0,Contractor_033,"Pune, Maharashtra",,"Document for project P00579. Type: Completion Certificate. Amount: 1996000.0. Contractor: Contractor_033. Location: Pune, Maharashtra.",In Progress
DOC00580,P00580,Inspection Report,2024-06-25,792000.0,Contractor_026,"Jaipur, Rajasthan",,"Document for project P00580. Type: Inspection Report. Amount: 792000.0. Contractor: Contractor_026. Location: Jaipur, Rajasthan.",Completed
DOC00581,P00581,Sanction Letter,2025-01-03,1812000.0,Contractor_038,"Aurangabad, Maharashtra",,"Document for project P00581. Type: Sanction Letter. Amount: 1812000.0. Contractor: Contractor_038. Location: Aurangabad, Maharashtra.",In Progress
DOC00582,P00582,Utilization Certificate,2025-10-27,562000.0,Contractor_019,"Ganjam, Odisha",,"Document for project P00582. Type: Utilization Certificate. Amount: 562000.0. Contractor: Contractor_019. Location: Ganjam, Odisha.",In Progress
DOC00583,P00583,Completion Certificate,2025-05-24,994000.0,Contractor_049,"Kollam, Kerala",,"Document for project P00583. Type: Completion Certificate. Amount: 994000.0. Contractor: Contractor_049. Location: Kollam, Kerala.",In Progress
DOC00584,P00584,Inspection Report,2024-05-10,1274000.0,Contractor_016,"Jaipur, Rajasthan",,"Document for project P00584. Type: Inspection Report. Amount: 1274000.0. Contractor: Contractor_016. Location: Jaipur, Rajasthan.",In Progress
DOC00585,P00585,Sanction Letter,2025-02-05,3037000.0,Contractor_025,"Vadodara, Gujarat",,"Document for project P00585. Type: Sanction Letter. Amount: 3037000.0. Contractor: Contractor_025. Location: Vadodara, Gujarat.",In Progress
DOC00586,P00586,Utilization Certificate,2025-09-17,2455000.0,Contractor_055,"Pune, Maharashtra",,"Document for project P00586. Type: Utilization Certificate. Amount: 2455000.0. Contractor: Contractor_055. Location: Pune, Maharashtra.",In Progress
DOC00587,P00587,Completion Certificate,2024-07-28,800000.0,Contractor_001,"Mysuru, Karnataka",,"Document for project P00587. Type: Completion Certificate. Amount: 800000.0. Contractor: Contractor_001. Location: Mysuru, Karnataka.",In Progress
DOC00588,P00588,Inspection Report,2026-04-22,2266000.0,Contractor_012,"Chennai, Tamil Nadu",,"Document for project P00588. Type: Inspection Report. Amount: 2266000.0. Contractor: Contractor_012. Location: Chennai, Tamil Nadu.",In Progress
DOC00589,P00589,Sanction Letter,2026-02-16,544000.0,Contractor_054,"Belagavi, Karnataka",,"Document for project P00589. Type: Sanction Letter. Amount: 544000.0. Contractor: Contractor_054. Location: Belagavi, Karnataka.",In Progress
DOC00590,P00590,Utilization Certificate,2024-05-06,952000.0,Contractor_004,"Malda, West Bengal",,"Document for project P00590. Type: Utilization Certificate. Amount: 952000.0. Contractor: Contractor_004. Location: Malda, West Bengal.",In Progress
DOC00591,P00591,Completion Certificate,2024-02-07,1168000.0,Contractor_019,"Mysuru, Karnataka",,"Document for project P00591. Type: Completion Certificate. Amount: 1168000.0. Contractor: Contractor_019. Location: Mysuru, Karnataka.",Completed
DOC00592,P00592,Inspection Report,2025-01-16,510000.0,Contractor_044,"Kolkata, West Bengal",,"Document for project P00592. Type: Inspection Report. Amount: 510000.0. Contractor: Contractor_044. Location: Kolkata, West Bengal.",In Progress
DOC00593,P00593,Sanction Letter,2025-12-19,379000.0,Contractor_049,"Cuttack, Odisha",,"Document for project P00593. Type: Sanction Letter. Amount: 379000.0. Contractor: Contractor_049. Location: Cuttack, Odisha.",Delayed
DOC00594,P00594,Utilization Certificate,2025-12-26,745000.0,Contractor_056,"Krishna, Andhra Pradesh",,"Document for project P00594. Type: Utilization Certificate. Amount: 745000.0. Contractor: Contractor_056. Location: Krishna, Andhra Pradesh.",Completed
DOC00595,P00595,Completion Certificate,2025-03-02,3164000.0,Contractor_055,"Darjeeling, West Bengal",,"Document for project P00595. Type: Completion Certificate. Amount: 3164000.0. Contractor: Contractor_055. Location: Darjeeling, West Bengal.",In Progress
DOC00596,P00596,Inspection Report,2026-04-03,2072000.0,Contractor_002,"Rajkot, Gujarat",,"Document for project P00596. Type: Inspection Report. Amount: 2072000.0. Contractor: Contractor_002. Location: Rajkot, Gujarat.",Delayed
DOC00597,P00597,Sanction Letter,2025-03-12,1519000.0,Contractor_025,"Kota, Rajasthan",,"Document for project P00597. Type: Sanction Letter. Amount: 1519000.0. Contractor: Contractor_025. Location: Kota, Rajasthan.",In Progress
DOC00598,P00598,Utilization Certificate,2024-01-15,490000.0,Contractor_019,"Warangal, Telangana",,"Document for project P00598. Type: Utilization Certificate. Amount: 490000.0. Contractor: Contractor_019. Location: Warangal, Telangana.",In Progress
DOC00599,P00599,Completion Certificate,2024-08-06,1517000.0,Contractor_035,"Madurai, Tamil Nadu",,"Document for project P00599. Type: Completion Certificate. Amount: 1517000.0. Contractor: Contractor_035. Location: Madurai, Tamil Nadu.",Completed
DOC00600,P00600,Inspection Report,2024-01-03,1904000.0,Contractor_037,"Nagpur, Maharashtra",,"Document for project P00600. Type: Inspection Report. Amount: 1904000.0. Contractor: Contractor_037. Location: Nagpur, Maharashtra.",Delayed
DOC00601,P00601,Sanction Letter,2025-05-07,1045000.0,Different Contractor,Different Location,,Document for project P00601. Type: Sanction Letter. Amount: 1045000.0. Contractor: Different Contractor. Location: Different Location.,Completed
DOC00602,P00602,Utilization Certificate,2025-06-17,815000.0,Contractor_031,"Howrah, West Bengal",,"Document for project P00602. Type: Utilization Certificate. Amount: 815000.0. Contractor: Contractor_031. Location: Howrah, West Bengal.",In Progress
DOC00603,P00603,Completion Certificate,2024-11-16,1915000.0,Contractor_057,"Belagavi, Karnataka",,"Document for project P00603. Type: Completion Certificate. Amount: 1915000.0. Contractor: Contractor_057. Location: Belagavi, Karnataka.",In Progress
DOC00604,P00604,Inspection Report,2025-11-16,1851000.0,Contractor_003,"Darjeeling, West Bengal",,"Document for project P00604. Type: Inspection Report. Amount: 1851000.0. Contractor: Contractor_003. Location: Darjeeling, West Bengal.",Completed
DOC00605,P00605,Sanction Letter,2026-01-27,592000.0,Contractor_002,"Nagpur, Maharashtra",,"Document for project P00605. Type: Sanction Letter. Amount: 592000.0. Contractor: Contractor_002. Location: Nagpur, Maharashtra.",In Progress
DOC00606,P00606,Utilization Certificate,2025-04-19,1588000.0,Contractor_029,"Kota, Rajasthan",,"Document for project P00606. Type: Utilization Certificate. Amount: 1588000.0. Contractor: Contractor_029. Location: Kota, Rajasthan.",In Progress
DOC00607,P00607,Completion Certificate,2025-04-18,207000.0,Contractor_036,"Madurai, Tamil Nadu",,"Document for project P00607. Type: Completion Certificate. Amount: 207000.0. Contractor: Contractor_036. Location: Madurai, Tamil Nadu.",In Progress
DOC00608,P00608,Inspection Report,2024-05-11,3695000.0,Contractor_022,"Chennai, Tamil Nadu",,"Document for project P00608. Type: Inspection Report. Amount: 3695000.0. Contractor: Contractor_022. Location: Chennai, Tamil Nadu.",In Progress
DOC00609,P00609,Sanction Letter,2024-11-18,1046000.0,Contractor_040,"Jodhpur, Rajasthan",,"Document for project P00609. Type: Sanction Letter. Amount: 1046000.0. Contractor: Contractor_040. Location: Jodhpur, Rajasthan.",In Progress
DOC00610,P00610,Utilization Certificate,2025-12-26,1779000.0,Contractor_009,"Thrissur, Kerala",,"Document for project P00610. Type: Utilization Certificate. Amount: 1779000.0. Contractor: Contractor_009. Location: Thrissur, Kerala.",In Progress
DOC00611,P00611,Completion Certificate,2024-01-08,510000.0,Contractor_002,"Pune, Maharashtra",,"Document for project P00611. Type: Completion Certificate. Amount: 510000.0. Contractor: Contractor_002. Location: Pune, Maharashtra.",In Progress
DOC00612,P00612,Inspection Report,2025-01-07,470000.0,Contractor_058,"Kollam, Kerala",,"Document for project P00612. Type: Inspection Report. Amount: 470000.0. Contractor: Contractor_058. Location: Kollam, Kerala.",In Progress
DOC00613,P00613,Sanction Letter,2025-06-30,3307000.0,Contractor_004,"Cuttack, Odisha",,"Document for project P00613. Type: Sanction Letter. Amount: 3307000.0. Contractor: Contractor_004. Location: Cuttack, Odisha.",In Progress
DOC00614,P00614,Utilization Certificate,2024-12-01,1484000.0,Contractor_006,"Kozhikode, Kerala",,"Document for project P00614. Type: Utilization Certificate. Amount: 1484000.0. Contractor: Contractor_006. Location: Kozhikode, Kerala.",Delayed
DOC00615,P00615,Completion Certificate,2025-09-03,1126000.0,Contractor_059,"Warangal, Telangana",,"Document for project P00615. Type: Completion Certificate. Amount: 1126000.0. Contractor: Contractor_059. Location: Warangal, Telangana.",Completed
DOC00616,P00616,Inspection Report,2024-05-14,672000.0,Contractor_041,"Visakhapatnam, Andhra Pradesh",,"Document for project P00616. Type: Inspection Report. Amount: 672000.0. Contractor: Contractor_041. Location: Visakhapatnam, Andhra Pradesh.",In Progress
DOC00617,P00617,Sanction Letter,2024-05-22,1264000.0,Contractor_002,"Kota, Rajasthan",,"Document for project P00617. Type: Sanction Letter. Amount: 1264000.0. Contractor: Contractor_002. Location: Kota, Rajasthan.",In Progress
DOC00618,P00618,Utilization Certificate,2026-03-06,1032000.0,Contractor_046,"Nashik, Maharashtra",,"Document for project P00618. Type: Utilization Certificate. Amount: 1032000.0. Contractor: Contractor_046. Location: Nashik, Maharashtra.",Completed
DOC00619,P00619,Completion Certificate,2024-08-06,1601000.0,Contractor_031,"Thrissur, Kerala",,"Document for project P00619. Type: Completion Certificate. Amount: 1601000.0. Contractor: Contractor_031. Location: Thrissur, Kerala.",In Progress
DOC00620,P00620,Inspection Report,2024-10-15,1244000.0,Contractor_035,"Nizamabad, Telangana",,"Document for project P00620. Type: Inspection Report. Amount: 1244000.0. Contractor: Contractor_035. Location: Nizamabad, Telangana.",Completed
DOC00621,P00621,Sanction Letter,2024-04-28,885000.0,Contractor_006,"Coimbatore, Tamil Nadu",,"Document for project P00621. Type: Sanction Letter. Amount: 885000.0. Contractor: Contractor_006. Location: Coimbatore, Tamil Nadu.",In Progress
DOC00622,P00622,Utilization Certificate,2024-10-28,1454000.0,Contractor_009,"Madurai, Tamil Nadu",,"Document for project P00622. Type: Utilization Certificate. Amount: 1454000.0. Contractor: Contractor_009. Location: Madurai, Tamil Nadu.",Delayed
DOC00623,P00623,Completion Certificate,2024-01-23,1244000.0,Contractor_044,"Madurai, Tamil Nadu",,"Document for project P00623. Type: Completion Certificate. Amount: 1244000.0. Contractor: Contractor_044. Location: Madurai, Tamil Nadu.",Completed
DOC00624,P00624,Inspection Report,2024-08-12,858000.0,Contractor_050,"Jodhpur, Rajasthan",,"Document for project P00624. Type: Inspection Report. Amount: 858000.0. Contractor: Contractor_050. Location: Jodhpur, Rajasthan.",Completed
DOC00625,P00625,Sanction Letter,2025-05-26,2050000.0,Contractor_050,"Ernakulam, Kerala",,"Document for project P00625. Type: Sanction Letter. Amount: 2050000.0. Contractor: Contractor_050. Location: Ernakulam, Kerala.",In Progress
DOC00626,P00626,Utilization Certificate,2024-11-10,704000.0,Contractor_006,"Kota, Rajasthan",,"Document for project P00626. Type: Utilization Certificate. Amount: 704000.0. Contractor: Contractor_006. Location: Kota, Rajasthan.",In Progress
DOC00627,P00627,Completion Certificate,2025-09-30,817000.0,Contractor_003,"Darjeeling, West Bengal",,"Document for project P00627. Type: Completion Certificate. Amount: 817000.0. Contractor: Contractor_003. Location: Darjeeling, West Bengal.",In Progress
DOC00628,P00628,Inspection Report,2025-09-06,1890000.0,Contractor_016,"Kolkata, West Bengal",,"Document for project P00628. Type: Inspection Report. Amount: 1890000.0. Contractor: Contractor_016. Location: Kolkata, West Bengal.",In Progress
DOC00629,P00629,Sanction Letter,2025-04-11,1196000.0,Contractor_043,"Surat, Gujarat",,"Document for project P00629. Type: Sanction Letter. Amount: 1196000.0. Contractor: Contractor_043. Location: Surat, Gujarat.",In Progress
DOC00630,P00630,Utilization Certificate,2025-06-21,1525000.0,Contractor_047,"Pune, Maharashtra",,"Document for project P00630. Type: Utilization Certificate. Amount: 1525000.0. Contractor: Contractor_047. Location: Pune, Maharashtra.",In Progress
DOC00631,P00631,Completion Certificate,2024-03-22,614000.0,Contractor_051,"Coimbatore, Tamil Nadu",,"Document for project P00631. Type: Completion Certificate. Amount: 614000.0. Contractor: Contractor_051. Location: Coimbatore, Tamil Nadu.",In Progress
DOC00632,P00632,Inspection Report,2024-01-24,2735000.0,Contractor_060,"Belagavi, Karnataka",,"Document for project P00632. Type: Inspection Report. Amount: 2735000.0. Contractor: Contractor_060. Location: Belagavi, Karnataka.",In Progress
DOC00633,P00633,Sanction Letter,2025-05-23,932000.0,Contractor_010,"Vadodara, Gujarat",,"Document for project P00633. Type: Sanction Letter. Amount: 932000.0. Contractor: Contractor_010. Location: Vadodara, Gujarat.",In Progress
DOC00634,P00634,Utilization Certificate,2024-11-28,393000.0,Contractor_051,"Udaipur, Rajasthan",,"Document for project P00634. Type: Utilization Certificate. Amount: 393000.0. Contractor: Contractor_051. Location: Udaipur, Rajasthan.",In Progress
DOC00635,P00635,Completion Certificate,2024-01-02,2261000.0,Contractor_032,"Guntur, Andhra Pradesh",,"Document for project P00635. Type: Completion Certificate. Amount: 2261000.0. Contractor: Contractor_032. Location: Guntur, Andhra Pradesh.",Completed
DOC00636,P00636,Inspection Report,2025-04-15,2944000.0,Contractor_040,"Ernakulam, Kerala",,"Document for project P00636. Type: Inspection Report. Amount: 2944000.0. Contractor: Contractor_040. Location: Ernakulam, Kerala.",Completed
DOC00637,P00637,Sanction Letter,2024-01-01,1235000.0,Contractor_014,"Rajkot, Gujarat",,"Document for project P00637. Type: Sanction Letter. Amount: 1235000.0. Contractor: Contractor_014. Location: Rajkot, Gujarat.",Completed
DOC00638,P00638,Utilization Certificate,2024-06-16,453000.0,Contractor_059,"Visakhapatnam, Andhra Pradesh",,"Document for project P00638. Type: Utilization Certificate. Amount: 453000.0. Contractor: Contractor_059. Location: Visakhapatnam, Andhra Pradesh.",Delayed
DOC00639,P00639,Completion Certificate,2024-11-09,796000.0,Contractor_053,"Pune, Maharashtra",,"Document for project P00639. Type: Completion Certificate. Amount: 796000.0. Contractor: Contractor_053. Location: Pune, Maharashtra.",In Progress
DOC00640,P00640,Inspection Report,2024-02-22,1771000.0,Contractor_037,"Warangal, Telangana",,"Document for project P00640. Type: Inspection Report. Amount: 1771000.0. Contractor: Contractor_037. Location: Warangal, Telangana.",In Progress
DOC00641,P00641,Sanction Letter,2025-11-08,1536000.0,Contractor_053,"Nashik, Maharashtra",,"Document for project P00641. Type: Sanction Letter. Amount: 1536000.0. Contractor: Contractor_053. Location: Nashik, Maharashtra.",In Progress
DOC00642,P00642,Utilization Certificate,2025-10-05,2227000.0,Contractor_055,"Vadodara, Gujarat",,"Document for project P00642. Type: Utilization Certificate. Amount: 2227000.0. Contractor: Contractor_055. Location: Vadodara, Gujarat.",In Progress
DOC00643,P00643,Completion Certificate,2025-02-11,452000.0,Contractor_022,"Warangal, Telangana",,"Document for project P00643. Type: Completion Certificate. Amount: 452000.0. Contractor: Contractor_022. Location: Warangal, Telangana.",In Progress
DOC00644,P00644,Inspection Report,2025-04-27,910000.0,Contractor_036,"Vadodara, Gujarat",,"Document for project P00644. Type: Inspection Report. Amount: 910000.0. Contractor: Contractor_036. Location: Vadodara, Gujarat.",In Progress
DOC00645,P00645,Sanction Letter,2024-07-14,6827000.0,Contractor_049,"Madurai, Tamil Nadu",,"Document for project P00645. Type: Sanction Letter. Amount: 6827000.0. Contractor: Contractor_049. Location: Madurai, Tamil Nadu.",In Progress
DOC00646,P00646,Utilization Certificate,2024-09-15,973000.0,Contractor_017,"Kota, Rajasthan",,"Document for project P00646. Type: Utilization Certificate. Amount: 973000.0. Contractor: Contractor_017. Location: Kota, Rajasthan.",In Progress
DOC00647,P00647,Completion Certificate,2024-12-24,1033000.0,Contractor_019,"Jaipur, Rajasthan",,"Document for project P00647. Type: Completion Certificate. Amount: 1033000.0. Contractor: Contractor_019. Location: Jaipur, Rajasthan.",Completed
DOC00648,P00648,Inspection Report,2025-09-16,2429000.0,Contractor_060,"Belagavi, Karnataka",,"Document for project P00648. Type: Inspection Report. Amount: 2429000.0. Contractor: Contractor_060. Location: Belagavi, Karnataka.",Delayed
DOC00649,P00649,Sanction Letter,2025-04-30,3114000.0,Contractor_016,"Nagpur, Maharashtra",,"Document for project P00649. Type: Sanction Letter. Amount: 3114000.0. Contractor: Contractor_016. Location: Nagpur, Maharashtra.",In Progress
DOC00650,P00650,Utilization Certificate,2025-07-06,1531000.0,Contractor_024,"Visakhapatnam, Andhra Pradesh",,"Document for project P00650. Type: Utilization Certificate. Amount: 1531000.0. Contractor: Contractor_024. Location: Visakhapatnam, Andhra Pradesh.",In Progress
DOC00651,P00651,Completion Certificate,2024-02-27,1488750.0,Contractor_050,"Nagpur, Maharashtra",,"Document for project P00651. Type: Completion Certificate. Amount: 1488750.0. Contractor: Contractor_050. Location: Nagpur, Maharashtra.",In Progress
DOC00652,P00652,Inspection Report,2026-03-23,1319000.0,Contractor_053,"Aurangabad, Maharashtra",,"Document for project P00652. Type: Inspection Report. Amount: 1319000.0. Contractor: Contractor_053. Location: Aurangabad, Maharashtra.",Completed
DOC00653,P00653,Sanction Letter,2025-04-07,219000.0,Contractor_053,"Surat, Gujarat",,"Document for project P00653. Type: Sanction Letter. Amount: 219000.0. Contractor: Contractor_053. Location: Surat, Gujarat.",Completed
DOC00654,P00654,Utilization Certificate,2025-08-31,299000.0,Contractor_045,"Vadodara, Gujarat",,"Document for project P00654. Type: Utilization Certificate. Amount: 299000.0. Contractor: Contractor_045. Location: Vadodara, Gujarat.",In Progress
DOC00655,P00655,Completion Certificate,2024-06-12,3401000.0,Contractor_032,"Mysuru, Karnataka",,"Document for project P00655. Type: Completion Certificate. Amount: 3401000.0. Contractor: Contractor_032. Location: Mysuru, Karnataka.",Completed
DOC00656,P00656,Inspection Report,2025-12-20,1842000.0,Contractor_051,"Jodhpur, Rajasthan",,"Document for project P00656. Type: Inspection Report. Amount: 1842000.0. Contractor: Contractor_051. Location: Jodhpur, Rajasthan.",Completed
DOC00657,P00657,Sanction Letter,2025-03-30,203000.0,Contractor_022,"Vadodara, Gujarat",,"Document for project P00657. Type: Sanction Letter. Amount: 203000.0. Contractor: Contractor_022. Location: Vadodara, Gujarat.",In Progress
DOC00658,P00658,Utilization Certificate,2025-12-03,783000.0,Contractor_016,"Malda, West Bengal",,"Document for project P00658. Type: Utilization Certificate. Amount: 783000.0. Contractor: Contractor_016. Location: Malda, West Bengal.",In Progress
DOC00659,P00659,Completion Certificate,2024-01-18,1181000.0,Contractor_004,"Kollam, Kerala",,"Document for project P00659. Type: Completion Certificate. Amount: 1181000.0. Contractor: Contractor_004. Location: Kollam, Kerala.",Delayed
DOC00660,P00660,Inspection Report,2024-04-22,3550000.0,Contractor_008,"Kolkata, West Bengal",,"Document for project P00660. Type: Inspection Report. Amount: 3550000.0. Contractor: Contractor_008. Location: Kolkata, West Bengal.",In Progress
DOC00661,P00661,Sanction Letter,2025-07-03,1136000.0,Contractor_056,"Kolkata, West Bengal",,"Document for project P00661. Type: Sanction Letter. Amount: 1136000.0. Contractor: Contractor_056. Location: Kolkata, West Bengal.",In Progress
DOC00662,P00662,Utilization Certificate,2025-01-19,905000.0,Contractor_020,"Nashik, Maharashtra",,"Document for project P00662. Type: Utilization Certificate. Amount: 905000.0. Contractor: Contractor_020. Location: Nashik, Maharashtra.",In Progress
DOC00663,P00663,Completion Certificate,2026-01-08,3693000.0,Contractor_033,"Ernakulam, Kerala",,"Document for project P00663. Type: Completion Certificate. Amount: 3693000.0. Contractor: Contractor_033. Location: Ernakulam, Kerala.",In Progress
DOC00664,P00664,Inspection Report,2024-12-30,1358000.0,Contractor_012,"Tirupati, Andhra Pradesh",,"Document for project P00664. Type: Inspection Report. Amount: 1358000.0. Contractor: Contractor_012. Location: Tirupati, Andhra Pradesh.",Completed
DOC00665,P00665,Sanction Letter,2024-04-22,2216000.0,Contractor_045,"Surat, Gujarat",,"Document for project P00665. Type: Sanction Letter. Amount: 2216000.0. Contractor: Contractor_045. Location: Surat, Gujarat.",In Progress
DOC00666,P00666,Utilization Certificate,2024-04-20,690000.0,Contractor_002,"Kozhikode, Kerala",,"Document for project P00666. Type: Utilization Certificate. Amount: 690000.0. Contractor: Contractor_002. Location: Kozhikode, Kerala.",Completed
DOC00667,P00667,Completion Certificate,2025-02-11,945000.0,Contractor_055,"Nashik, Maharashtra",,"Document for project P00667. Type: Completion Certificate. Amount: 945000.0. Contractor: Contractor_055. Location: Nashik, Maharashtra.",In Progress
DOC00668,P00668,Inspection Report,2025-12-15,1052000.0,Contractor_033,"Coimbatore, Tamil Nadu",,"Document for project P00668. Type: Inspection Report. Amount: 1052000.0. Contractor: Contractor_033. Location: Coimbatore, Tamil Nadu.",In Progress
DOC00669,P00669,Sanction Letter,2026-03-14,226000.0,Contractor_013,"Cuttack, Odisha",,"Document for project P00669. Type: Sanction Letter. Amount: 226000.0. Contractor: Contractor_013. Location: Cuttack, Odisha.",In Progress
DOC00670,P00670,Utilization Certificate,2025-09-19,4879000.0,Contractor_011,"Guntur, Andhra Pradesh",,"Document for project P00670. Type: Utilization Certificate. Amount: 4879000.0. Contractor: Contractor_011. Location: Guntur, Andhra Pradesh.",In Progress
DOC00671,P00671,Completion Certificate,2025-04-05,1345000.0,Contractor_010,"Darjeeling, West Bengal",,"Document for project P00671. Type: Completion Certificate. Amount: 1345000.0. Contractor: Contractor_010. Location: Darjeeling, West Bengal.",In Progress
DOC00672,P00672,Inspection Report,2025-12-11,1422000.0,Contractor_010,"Ganjam, Odisha",,"Document for project P00672. Type: Inspection Report. Amount: 1422000.0. Contractor: Contractor_010. Location: Ganjam, Odisha.",Completed
DOC00673,P00673,Sanction Letter,2026-04-23,331000.0,Contractor_026,"Chennai, Tamil Nadu",,"Document for project P00673. Type: Sanction Letter. Amount: 331000.0. Contractor: Contractor_026. Location: Chennai, Tamil Nadu.",In Progress
DOC00674,P00674,Utilization Certificate,2024-10-31,764000.0,Contractor_046,"Ahmedabad, Gujarat",,"Document for project P00674. Type: Utilization Certificate. Amount: 764000.0. Contractor: Contractor_046. Location: Ahmedabad, Gujarat.",In Progress
DOC00675,P00675,Completion Certificate,2025-02-05,584000.0,Contractor_038,"Nagpur, Maharashtra",,"Document for project P00675. Type: Completion Certificate. Amount: 584000.0. Contractor: Contractor_038. Location: Nagpur, Maharashtra.",In Progress
DOC00676,P00676,Inspection Report,2025-07-09,1404000.0,Different Contractor,"Jaipur, Rajasthan",,"Document for project P00676. Type: Inspection Report. Amount: 1404000.0. Contractor: Different Contractor. Location: Jaipur, Rajasthan.",In Progress
DOC00677,P00677,Sanction Letter,2024-05-30,1772000.0,Contractor_022,"Belagavi, Karnataka",,"Document for project P00677. Type: Sanction Letter. Amount: 1772000.0. Contractor: Contractor_022. Location: Belagavi, Karnataka.",In Progress
DOC00678,P00678,Utilization Certificate,2026-02-17,2543000.0,Contractor_012,"Thrissur, Kerala",,"Document for project P00678. Type: Utilization Certificate. Amount: 2543000.0. Contractor: Contractor_012. Location: Thrissur, Kerala.",In Progress
DOC00679,P00679,Completion Certificate,2025-10-09,1003000.0,Contractor_035,"Salem, Tamil Nadu",,"Document for project P00679. Type: Completion Certificate. Amount: 1003000.0. Contractor: Contractor_035. Location: Salem, Tamil Nadu.",In Progress
DOC00680,P00680,Inspection Report,2025-01-12,1354000.0,Contractor_019,"Ernakulam, Kerala",,"Document for project P00680. Type: Inspection Report. Amount: 1354000.0. Contractor: Contractor_019. Location: Ernakulam, Kerala.",Delayed
DOC00681,P00681,Sanction Letter,2025-08-31,935000.0,Contractor_057,"Ganjam, Odisha",,"Document for project P00681. Type: Sanction Letter. Amount: 935000.0. Contractor: Contractor_057. Location: Ganjam, Odisha.",Delayed
DOC00682,P00682,Utilization Certificate,2024-07-14,1660000.0,Contractor_016,"Bengaluru Urban, Karnataka",,"Document for project P00682. Type: Utilization Certificate. Amount: 1660000.0. Contractor: Contractor_016. Location: Bengaluru Urban, Karnataka.",Delayed
DOC00683,P00683,Completion Certificate,2025-03-07,783000.0,Contractor_055,"Malda, West Bengal",,"Document for project P00683. Type: Completion Certificate. Amount: 783000.0. Contractor: Contractor_055. Location: Malda, West Bengal.",In Progress
DOC00684,P00684,Inspection Report,2024-02-16,1110000.0,Contractor_002,"Madurai, Tamil Nadu",,"Document for project P00684. Type: Inspection Report. Amount: 1110000.0. Contractor: Contractor_002. Location: Madurai, Tamil Nadu.",Delayed
DOC00685,P00685,Sanction Letter,2025-12-27,591000.0,Contractor_040,"Kozhikode, Kerala",,"Document for project P00685. Type: Sanction Letter. Amount: 591000.0. Contractor: Contractor_040. Location: Kozhikode, Kerala.",In Progress
DOC00686,P00686,Utilization Certificate,2026-04-10,2161000.0,Contractor_043,"Tirupati, Andhra Pradesh",,"Document for project P00686. Type: Utilization Certificate. Amount: 2161000.0. Contractor: Contractor_043. Location: Tirupati, Andhra Pradesh.",In Progress
DOC00687,P00687,Completion Certificate,2024-08-07,1657000.0,Contractor_020,"Jodhpur, Rajasthan",,"Document for project P00687. Type: Completion Certificate. Amount: 1657000.0. Contractor: Contractor_020. Location: Jodhpur, Rajasthan.",In Progress
DOC00688,P00688,Inspection Report,2026-02-08,159000.0,Contractor_003,"Warangal, Telangana",,"Document for project P00688. Type: Inspection Report. Amount: 159000.0. Contractor: Contractor_003. Location: Warangal, Telangana.",In Progress
DOC00689,P00689,Sanction Letter,2025-03-11,988000.0,Contractor_004,"Tirupati, Andhra Pradesh",,"Document for project P00689. Type: Sanction Letter. Amount: 988000.0. Contractor: Contractor_004. Location: Tirupati, Andhra Pradesh.",Delayed
DOC00690,P00690,Utilization Certificate,2024-12-18,1310000.0,Contractor_028,"Nizamabad, Telangana",,"Document for project P00690. Type: Utilization Certificate. Amount: 1310000.0. Contractor: Contractor_028. Location: Nizamabad, Telangana.",In Progress
DOC00691,P00691,Completion Certificate,2024-12-20,448000.0,Contractor_038,"Khordha, Odisha",,"Document for project P00691. Type: Completion Certificate. Amount: 448000.0. Contractor: Contractor_038. Location: Khordha, Odisha.",In Progress
DOC00692,P00692,Inspection Report,2024-01-03,765000.0,Contractor_045,"Pune, Maharashtra",,"Document for project P00692. Type: Inspection Report. Amount: 765000.0. Contractor: Contractor_045. Location: Pune, Maharashtra.",In Progress
DOC00693,P00693,Sanction Letter,2024-02-24,757000.0,Contractor_013,"Warangal, Telangana",,"Document for project P00693. Type: Sanction Letter. Amount: 757000.0. Contractor: Contractor_013. Location: Warangal, Telangana.",In Progress
DOC00694,P00694,Utilization Certificate,2025-10-21,685000.0,Contractor_048,"Dharwad, Karnataka",,"Document for project P00694. Type: Utilization Certificate. Amount: 685000.0. Contractor: Contractor_048. Location: Dharwad, Karnataka.",In Progress
DOC00695,P00695,Completion Certificate,2025-06-21,1816000.0,Contractor_034,"Coimbatore, Tamil Nadu",,"Document for project P00695. Type: Completion Certificate. Amount: 1816000.0. Contractor: Contractor_034. Location: Coimbatore, Tamil Nadu.",In Progress
DOC00696,P00696,Inspection Report,2026-04-06,2123000.0,Contractor_040,"Dharwad, Karnataka",,"Document for project P00696. Type: Inspection Report. Amount: 2123000.0. Contractor: Contractor_040. Location: Dharwad, Karnataka.",Completed
DOC00697,P00697,Sanction Letter,2024-01-27,897000.0,Contractor_015,"Coimbatore, Tamil Nadu",,"Document for project P00697. Type: Sanction Letter. Amount: 897000.0. Contractor: Contractor_015. Location: Coimbatore, Tamil Nadu.",In Progress
DOC00698,P00698,Utilization Certificate,2025-03-25,1691000.0,Contractor_001,"Ahmedabad, Gujarat",,"Document for project P00698. Type: Utilization Certificate. Amount: 1691000.0. Contractor: Contractor_001. Location: Ahmedabad, Gujarat.",In Progress
DOC00699,P00699,Completion Certificate,2024-12-28,1308000.0,Contractor_035,"Aurangabad, Maharashtra",,"Document for project P00699. Type: Completion Certificate. Amount: 1308000.0. Contractor: Contractor_035. Location: Aurangabad, Maharashtra.",In Progress
DOC00700,P00700,Inspection Report,2024-12-05,892000.0,Contractor_009,"Bengaluru Urban, Karnataka",,"Document for project P00700. Type: Inspection Report. Amount: 892000.0. Contractor: Contractor_009. Location: Bengaluru Urban, Karnataka.",In Progress
DOC00701,P00701,Sanction Letter,2025-11-30,1511250.0,Contractor_040,Different Location,,Document for project P00701. Type: Sanction Letter. Amount: 1511250.0. Contractor: Contractor_040. Location: Different Location.,In Progress
DOC00702,P00702,Utilization Certificate,2025-05-10,798000.0,Contractor_056,"Dharwad, Karnataka",,"Document for project P00702. Type: Utilization Certificate. Amount: 798000.0. Contractor: Contractor_056. Location: Dharwad, Karnataka.",In Progress
DOC00703,P00703,Completion Certificate,2024-04-12,236000.0,Contractor_018,"Karimnagar, Telangana",,"Document for project P00703. Type: Completion Certificate. Amount: 236000.0. Contractor: Contractor_018. Location: Karimnagar, Telangana.",In Progress
DOC00704,P00704,Inspection Report,2024-11-16,2245000.0,Contractor_027,"Udaipur, Rajasthan",,"Document for project P00704. Type: Inspection Report. Amount: 2245000.0. Contractor: Contractor_027. Location: Udaipur, Rajasthan.",In Progress
DOC00705,P00705,Sanction Letter,2024-06-20,722000.0,Contractor_056,"Salem, Tamil Nadu",,"Document for project P00705. Type: Sanction Letter. Amount: 722000.0. Contractor: Contractor_056. Location: Salem, Tamil Nadu.",In Progress
DOC00706,P00706,Utilization Certificate,2024-07-22,1369000.0,Contractor_003,"Ganjam, Odisha",,"Document for project P00706. Type: Utilization Certificate. Amount: 1369000.0. Contractor: Contractor_003. Location: Ganjam, Odisha.",In Progress
DOC00707,P00707,Completion Certificate,2024-06-14,1334000.0,Contractor_059,"Warangal, Telangana",,"Document for project P00707. Type: Completion Certificate. Amount: 1334000.0. Contractor: Contractor_059. Location: Warangal, Telangana.",In Progress
DOC00708,P00708,Inspection Report,2025-05-15,1533000.0,Contractor_043,"Kolkata, West Bengal",,"Document for project P00708. Type: Inspection Report. Amount: 1533000.0. Contractor: Contractor_043. Location: Kolkata, West Bengal.",In Progress
DOC00709,P00709,Sanction Letter,2024-09-26,1206000.0,Contractor_027,"Ganjam, Odisha",,"Document for project P00709. Type: Sanction Letter. Amount: 1206000.0. Contractor: Contractor_027. Location: Ganjam, Odisha.",In Progress
DOC00710,P00710,Utilization Certificate,2025-08-12,1973000.0,Contractor_043,"Pune, Maharashtra",,"Document for project P00710. Type: Utilization Certificate. Amount: 1973000.0. Contractor: Contractor_043. Location: Pune, Maharashtra.",In Progress
DOC00711,P00711,Completion Certificate,2024-04-01,445000.0,Contractor_055,"Madurai, Tamil Nadu",,"Document for project P00711. Type: Completion Certificate. Amount: 445000.0. Contractor: Contractor_055. Location: Madurai, Tamil Nadu.",In Progress
DOC00712,P00712,Inspection Report,2025-11-04,1178000.0,Contractor_006,"Warangal, Telangana",,"Document for project P00712. Type: Inspection Report. Amount: 1178000.0. Contractor: Contractor_006. Location: Warangal, Telangana.",In Progress
DOC00713,P00713,Sanction Letter,2024-01-15,741000.0,Contractor_058,"Howrah, West Bengal",,"Document for project P00713. Type: Sanction Letter. Amount: 741000.0. Contractor: Contractor_058. Location: Howrah, West Bengal.",In Progress
DOC00714,P00714,Utilization Certificate,2025-10-22,1952000.0,Contractor_048,"Nizamabad, Telangana",,"Document for project P00714. Type: Utilization Certificate. Amount: 1952000.0. Contractor: Contractor_048. Location: Nizamabad, Telangana.",In Progress
DOC00715,P00715,Completion Certificate,2025-08-23,2639000.0,Contractor_011,"Pune, Maharashtra",,"Document for project P00715. Type: Completion Certificate. Amount: 2639000.0. Contractor: Contractor_011. Location: Pune, Maharashtra.",In Progress
DOC00716,P00716,Inspection Report,2024-09-16,1268000.0,Contractor_002,"Malda, West Bengal",,"Document for project P00716. Type: Inspection Report. Amount: 1268000.0. Contractor: Contractor_002. Location: Malda, West Bengal.",Completed
DOC00717,P00717,Sanction Letter,2026-04-17,304000.0,Contractor_019,"Krishna, Andhra Pradesh",,"Document for project P00717. Type: Sanction Letter. Amount: 304000.0. Contractor: Contractor_019. Location: Krishna, Andhra Pradesh.",In Progress
DOC00718,P00718,Utilization Certificate,2024-12-01,1032000.0,Contractor_050,"Thrissur, Kerala",,"Document for project P00718. Type: Utilization Certificate. Amount: 1032000.0. Contractor: Contractor_050. Location: Thrissur, Kerala.",Completed
DOC00719,P00719,Completion Certificate,2024-02-29,1031000.0,Contractor_044,"Nizamabad, Telangana",,"Document for project P00719. Type: Completion Certificate. Amount: 1031000.0. Contractor: Contractor_044. Location: Nizamabad, Telangana.",In Progress
DOC00720,P00720,Inspection Report,2025-03-12,2776000.0,Contractor_018,"Nizamabad, Telangana",,"Document for project P00720. Type: Inspection Report. Amount: 2776000.0. Contractor: Contractor_018. Location: Nizamabad, Telangana.",In Progress
DOC00721,P00721,Sanction Letter,2025-12-13,698000.0,Contractor_054,"Hyderabad, Telangana",,"Document for project P00721. Type: Sanction Letter. Amount: 698000.0. Contractor: Contractor_054. Location: Hyderabad, Telangana.",In Progress
DOC00722,P00722,Utilization Certificate,2025-11-23,3275000.0,Contractor_015,"Chennai, Tamil Nadu",,"Document for project P00722. Type: Utilization Certificate. Amount: 3275000.0. Contractor: Contractor_015. Location: Chennai, Tamil Nadu.",Completed
DOC00723,P00723,Completion Certificate,2025-12-14,9701000.0,Contractor_046,"Sambalpur, Odisha",,"Document for project P00723. Type: Completion Certificate. Amount: 9701000.0. Contractor: Contractor_046. Location: Sambalpur, Odisha.",In Progress
DOC00724,P00724,Inspection Report,2026-03-16,1028000.0,Contractor_021,"Kota, Rajasthan",,"Document for project P00724. Type: Inspection Report. Amount: 1028000.0. Contractor: Contractor_021. Location: Kota, Rajasthan.",In Progress
DOC00725,P00725,Sanction Letter,2024-07-16,4353000.0,Contractor_014,"Coimbatore, Tamil Nadu",,"Document for project P00725. Type: Sanction Letter. Amount: 4353000.0. Contractor: Contractor_014. Location: Coimbatore, Tamil Nadu.",In Progress
DOC00726,P00726,Utilization Certificate,2025-05-14,4611000.0,Contractor_018,"Salem, Tamil Nadu",,"Document for project P00726. Type: Utilization Certificate. Amount: 4611000.0. Contractor: Contractor_018. Location: Salem, Tamil Nadu.",In Progress
DOC00727,P00727,Completion Certificate,2024-06-14,356000.0,Contractor_052,"Thrissur, Kerala",,"Document for project P00727. Type: Completion Certificate. Amount: 356000.0. Contractor: Contractor_052. Location: Thrissur, Kerala.",In Progress
DOC00728,P00728,Inspection Report,2024-11-06,678000.0,Contractor_035,"Nizamabad, Telangana",,"Document for project P00728. Type: Inspection Report. Amount: 678000.0. Contractor: Contractor_035. Location: Nizamabad, Telangana.",In Progress
DOC00729,P00729,Sanction Letter,2025-12-15,823000.0,Contractor_024,"Warangal, Telangana",,"Document for project P00729. Type: Sanction Letter. Amount: 823000.0. Contractor: Contractor_024. Location: Warangal, Telangana.",Completed
DOC00730,P00730,Utilization Certificate,2025-08-20,2209000.0,Contractor_012,"Rajkot, Gujarat",,"Document for project P00730. Type: Utilization Certificate. Amount: 2209000.0. Contractor: Contractor_012. Location: Rajkot, Gujarat.",In Progress
DOC00731,P00731,Completion Certificate,2026-03-09,430000.0,Contractor_023,"Sambalpur, Odisha",,"Document for project P00731. Type: Completion Certificate. Amount: 430000.0. Contractor: Contractor_023. Location: Sambalpur, Odisha.",In Progress
DOC00732,P00732,Inspection Report,2025-02-19,438000.0,Contractor_047,"Malda, West Bengal",,"Document for project P00732. Type: Inspection Report. Amount: 438000.0. Contractor: Contractor_047. Location: Malda, West Bengal.",In Progress
DOC00733,P00733,Sanction Letter,2026-03-09,731000.0,Contractor_001,"Kollam, Kerala",,"Document for project P00733. Type: Sanction Letter. Amount: 731000.0. Contractor: Contractor_001. Location: Kollam, Kerala.",In Progress
DOC00734,P00734,Utilization Certificate,2025-03-25,2148000.0,Contractor_046,"Chennai, Tamil Nadu",,"Document for project P00734. Type: Utilization Certificate. Amount: 2148000.0. Contractor: Contractor_046. Location: Chennai, Tamil Nadu.",In Progress
DOC00735,P00735,Completion Certificate,2025-05-25,2876000.0,Contractor_048,"Rajkot, Gujarat",,"Document for project P00735. Type: Completion Certificate. Amount: 2876000.0. Contractor: Contractor_048. Location: Rajkot, Gujarat.",In Progress
DOC00736,P00736,Inspection Report,2025-09-08,561000.0,Contractor_013,"Mysuru, Karnataka",,"Document for project P00736. Type: Inspection Report. Amount: 561000.0. Contractor: Contractor_013. Location: Mysuru, Karnataka.",In Progress
DOC00737,P00737,Sanction Letter,2025-07-06,2290000.0,Contractor_019,"Surat, Gujarat",,"Document for project P00737. Type: Sanction Letter. Amount: 2290000.0. Contractor: Contractor_019. Location: Surat, Gujarat.",In Progress
DOC00738,P00738,Utilization Certificate,2024-08-08,770000.0,Contractor_036,"Krishna, Andhra Pradesh",,"Document for project P00738. Type: Utilization Certificate. Amount: 770000.0. Contractor: Contractor_036. Location: Krishna, Andhra Pradesh.",Delayed
DOC00739,P00739,Completion Certificate,2025-05-03,577000.0,Contractor_035,"Belagavi, Karnataka",,"Document for project P00739. Type: Completion Certificate. Amount: 577000.0. Contractor: Contractor_035. Location: Belagavi, Karnataka.",Delayed
DOC00740,P00740,Inspection Report,2024-07-07,1620000.0,Contractor_015,"Guntur, Andhra Pradesh",,"Document for project P00740. Type: Inspection Report. Amount: 1620000.0. Contractor: Contractor_015. Location: Guntur, Andhra Pradesh.",In Progress
DOC00741,P00741,Sanction Letter,2024-03-05,2973000.0,Contractor_014,"Visakhapatnam, Andhra Pradesh",,"Document for project P00741. Type: Sanction Letter. Amount: 2973000.0. Contractor: Contractor_014. Location: Visakhapatnam, Andhra Pradesh.",In Progress
DOC00742,P00742,Utilization Certificate,2026-02-28,726000.0,Contractor_051,"Kozhikode, Kerala",,"Document for project P00742. Type: Utilization Certificate. Amount: 726000.0. Contractor: Contractor_051. Location: Kozhikode, Kerala.",Delayed
DOC00743,P00743,Completion Certificate,2025-06-15,984000.0,Contractor_060,"Visakhapatnam, Andhra Pradesh",,"Document for project P00743. Type: Completion Certificate. Amount: 984000.0. Contractor: Contractor_060. Location: Visakhapatnam, Andhra Pradesh.",In Progress
DOC00744,P00744,Inspection Report,2024-10-11,648000.0,Contractor_044,"Howrah, West Bengal",,"Document for project P00744. Type: Inspection Report. Amount: 648000.0. Contractor: Contractor_044. Location: Howrah, West Bengal.",Delayed
DOC00745,P00745,Sanction Letter,2024-12-18,1784000.0,Contractor_010,"Visakhapatnam, Andhra Pradesh",,"Document for project P00745. Type: Sanction Letter. Amount: 1784000.0. Contractor: Contractor_010. Location: Visakhapatnam, Andhra Pradesh.",In Progress
DOC00746,P00746,Utilization Certificate,2025-07-11,619000.0,Contractor_035,"Karimnagar, Telangana",,"Document for project P00746. Type: Utilization Certificate. Amount: 619000.0. Contractor: Contractor_035. Location: Karimnagar, Telangana.",Delayed
DOC00747,P00747,Completion Certificate,2024-02-20,1662000.0,Contractor_003,"Howrah, West Bengal",,"Document for project P00747. Type: Completion Certificate. Amount: 1662000.0. Contractor: Contractor_003. Location: Howrah, West Bengal.",In Progress
DOC00748,P00748,Inspection Report,2024-04-27,2191000.0,Contractor_046,"Kozhikode, Kerala",,"Document for project P00748. Type: Inspection Report. Amount: 2191000.0. Contractor: Contractor_046. Location: Kozhikode, Kerala.",Completed
DOC00749,P00749,Sanction Letter,2025-07-20,2831000.0,Contractor_043,"Salem, Tamil Nadu",,"Document for project P00749. Type: Sanction Letter. Amount: 2831000.0. Contractor: Contractor_043. Location: Salem, Tamil Nadu.",Completed
DOC00750,P00750,Utilization Certificate,2024-11-11,427000.0,Contractor_035,"Jodhpur, Rajasthan",,"Document for project P00750. Type: Utilization Certificate. Amount: 427000.0. Contractor: Contractor_035. Location: Jodhpur, Rajasthan.",In Progress
DOC00751,P00751,Completion Certificate,2024-12-06,4965000.0,Different Contractor,"Khordha, Odisha",,"Document for project P00751. Type: Completion Certificate. Amount: 4965000.0. Contractor: Different Contractor. Location: Khordha, Odisha.",Completed
DOC00752,P00752,Inspection Report,2024-10-19,1056000.0,Contractor_039,"Ahmedabad, Gujarat",,"Document for project P00752. Type: Inspection Report. Amount: 1056000.0. Contractor: Contractor_039. Location: Ahmedabad, Gujarat.",In Progress
DOC00753,P00753,Sanction Letter,2026-01-30,1108000.0,Contractor_047,"Tirupati, Andhra Pradesh",,"Document for project P00753. Type: Sanction Letter. Amount: 1108000.0. Contractor: Contractor_047. Location: Tirupati, Andhra Pradesh.",In Progress
DOC00754,P00754,Utilization Certificate,2025-04-07,858000.0,Contractor_018,"Ahmedabad, Gujarat",,"Document for project P00754. Type: Utilization Certificate. Amount: 858000.0. Contractor: Contractor_018. Location: Ahmedabad, Gujarat.",Completed
DOC00755,P00755,Completion Certificate,2024-03-09,1320000.0,Contractor_013,"Nizamabad, Telangana",,"Document for project P00755. Type: Completion Certificate. Amount: 1320000.0. Contractor: Contractor_013. Location: Nizamabad, Telangana.",In Progress
DOC00756,P00756,Inspection Report,2024-10-28,1659000.0,Contractor_044,"Nashik, Maharashtra",,"Document for project P00756. Type: Inspection Report. Amount: 1659000.0. Contractor: Contractor_044. Location: Nashik, Maharashtra.",In Progress
DOC00757,P00757,Sanction Letter,2025-03-22,787000.0,Contractor_026,"Kolkata, West Bengal",,"Document for project P00757. Type: Sanction Letter. Amount: 787000.0. Contractor: Contractor_026. Location: Kolkata, West Bengal.",In Progress
DOC00758,P00758,Utilization Certificate,2026-04-14,406000.0,Contractor_016,"Nashik, Maharashtra",,"Document for project P00758. Type: Utilization Certificate. Amount: 406000.0. Contractor: Contractor_016. Location: Nashik, Maharashtra.",In Progress
DOC00759,P00759,Completion Certificate,2025-09-06,3560000.0,Contractor_021,"Thrissur, Kerala",,"Document for project P00759. Type: Completion Certificate. Amount: 3560000.0. Contractor: Contractor_021. Location: Thrissur, Kerala.",In Progress
DOC00760,P00760,Inspection Report,2025-05-10,1714000.0,Contractor_040,"Tirupati, Andhra Pradesh",,"Document for project P00760. Type: Inspection Report. Amount: 1714000.0. Contractor: Contractor_040. Location: Tirupati, Andhra Pradesh.",In Progress
DOC00761,P00761,Sanction Letter,2026-04-15,1965000.0,Contractor_018,"Malda, West Bengal",,"Document for project P00761. Type: Sanction Letter. Amount: 1965000.0. Contractor: Contractor_018. Location: Malda, West Bengal.",In Progress
DOC00762,P00762,Utilization Certificate,2025-08-01,818000.0,Contractor_011,"Kota, Rajasthan",,"Document for project P00762. Type: Utilization Certificate. Amount: 818000.0. Contractor: Contractor_011. Location: Kota, Rajasthan.",In Progress
DOC00763,P00763,Completion Certificate,2024-08-26,2628000.0,Contractor_035,"Hyderabad, Telangana",,"Document for project P00763. Type: Completion Certificate. Amount: 2628000.0. Contractor: Contractor_035. Location: Hyderabad, Telangana.",In Progress
DOC00764,P00764,Inspection Report,2024-01-22,4376000.0,Contractor_043,"Guntur, Andhra Pradesh",,"Document for project P00764. Type: Inspection Report. Amount: 4376000.0. Contractor: Contractor_043. Location: Guntur, Andhra Pradesh.",In Progress
DOC00765,P00765,Sanction Letter,2024-09-30,1262000.0,Contractor_017,"Cuttack, Odisha",,"Document for project P00765. Type: Sanction Letter. Amount: 1262000.0. Contractor: Contractor_017. Location: Cuttack, Odisha.",In Progress
DOC00766,P00766,Utilization Certificate,2024-03-08,1841000.0,Contractor_014,"Ernakulam, Kerala",,"Document for project P00766. Type: Utilization Certificate. Amount: 1841000.0. Contractor: Contractor_014. Location: Ernakulam, Kerala.",In Progress
DOC00767,P00767,Completion Certificate,2024-11-27,1497000.0,Contractor_024,"Thrissur, Kerala",,"Document for project P00767. Type: Completion Certificate. Amount: 1497000.0. Contractor: Contractor_024. Location: Thrissur, Kerala.",Completed
DOC00768,P00768,Inspection Report,2025-01-16,623000.0,Contractor_031,"Kollam, Kerala",,"Document for project P00768. Type: Inspection Report. Amount: 623000.0. Contractor: Contractor_031. Location: Kollam, Kerala.",In Progress
DOC00769,P00769,Sanction Letter,2025-11-10,1751000.0,Contractor_009,"Kolkata, West Bengal",,"Document for project P00769. Type: Sanction Letter. Amount: 1751000.0. Contractor: Contractor_009. Location: Kolkata, West Bengal.",Delayed
DOC00770,P00770,Utilization Certificate,2024-01-06,677000.0,Contractor_015,"Nizamabad, Telangana",,"Document for project P00770. Type: Utilization Certificate. Amount: 677000.0. Contractor: Contractor_015. Location: Nizamabad, Telangana.",In Progress
DOC00771,P00771,Completion Certificate,2024-09-01,1090000.0,Contractor_002,"Kollam, Kerala",,"Document for project P00771. Type: Completion Certificate. Amount: 1090000.0. Contractor: Contractor_002. Location: Kollam, Kerala.",Delayed
DOC00772,P00772,Inspection Report,2024-11-06,4314000.0,Contractor_036,"Madurai, Tamil Nadu",,"Document for project P00772. Type: Inspection Report. Amount: 4314000.0. Contractor: Contractor_036. Location: Madurai, Tamil Nadu.",Delayed
DOC00773,P00773,Sanction Letter,2024-06-16,2510000.0,Contractor_035,"Chennai, Tamil Nadu",,"Document for project P00773. Type: Sanction Letter. Amount: 2510000.0. Contractor: Contractor_035. Location: Chennai, Tamil Nadu.",Completed
DOC00774,P00774,Utilization Certificate,2026-04-08,680000.0,Contractor_016,"Mysuru, Karnataka",,"Document for project P00774. Type: Utilization Certificate. Amount: 680000.0. Contractor: Contractor_016. Location: Mysuru, Karnataka.",In Progress
DOC00775,P00775,Completion Certificate,2025-11-04,894000.0,Contractor_011,"Thrissur, Kerala",,"Document for project P00775. Type: Completion Certificate. Amount: 894000.0. Contractor: Contractor_011. Location: Thrissur, Kerala.",Delayed
DOC00776,P00776,Inspection Report,2024-11-08,1516000.0,Contractor_027,"Kozhikode, Kerala",,"Document for project P00776. Type: Inspection Report. Amount: 1516000.0. Contractor: Contractor_027. Location: Kozhikode, Kerala.",In Progress
DOC00777,P00777,Sanction Letter,2024-01-20,429000.0,Contractor_036,"Belagavi, Karnataka",,"Document for project P00777. Type: Sanction Letter. Amount: 429000.0. Contractor: Contractor_036. Location: Belagavi, Karnataka.",In Progress
DOC00778,P00778,Utilization Certificate,2025-01-07,2524000.0,Contractor_059,"Chennai, Tamil Nadu",,"Document for project P00778. Type: Utilization Certificate. Amount: 2524000.0. Contractor: Contractor_059. Location: Chennai, Tamil Nadu.",In Progress
DOC00779,P00779,Completion Certificate,2024-12-28,426000.0,Contractor_003,"Udaipur, Rajasthan",,"Document for project P00779. Type: Completion Certificate. Amount: 426000.0. Contractor: Contractor_003. Location: Udaipur, Rajasthan.",In Progress
DOC00780,P00780,Inspection Report,2024-05-18,684000.0,Contractor_051,"Cuttack, Odisha",,"Document for project P00780. Type: Inspection Report. Amount: 684000.0. Contractor: Contractor_051. Location: Cuttack, Odisha.",In Progress
DOC00781,P00781,Sanction Letter,2026-03-06,1354000.0,Contractor_050,"Udaipur, Rajasthan",,"Document for project P00781. Type: Sanction Letter. Amount: 1354000.0. Contractor: Contractor_050. Location: Udaipur, Rajasthan.",In Progress
DOC00782,P00782,Utilization Certificate,2025-03-15,850000.0,Contractor_008,"Belagavi, Karnataka",,"Document for project P00782. Type: Utilization Certificate. Amount: 850000.0. Contractor: Contractor_008. Location: Belagavi, Karnataka.",Completed
DOC00783,P00783,Completion Certificate,2024-02-18,2040000.0,Contractor_037,"Kollam, Kerala",,"Document for project P00783. Type: Completion Certificate. Amount: 2040000.0. Contractor: Contractor_037. Location: Kollam, Kerala.",Delayed
DOC00784,P00784,Inspection Report,2024-04-11,1307000.0,Contractor_056,"Kota, Rajasthan",,"Document for project P00784. Type: Inspection Report. Amount: 1307000.0. Contractor: Contractor_056. Location: Kota, Rajasthan.",Completed
DOC00785,P00785,Sanction Letter,2024-03-05,2740000.0,Contractor_028,"Aurangabad, Maharashtra",,"Document for project P00785. Type: Sanction Letter. Amount: 2740000.0. Contractor: Contractor_028. Location: Aurangabad, Maharashtra.",In Progress
DOC00786,P00786,Utilization Certificate,2025-09-11,1708000.0,Contractor_027,"Pune, Maharashtra",,"Document for project P00786. Type: Utilization Certificate. Amount: 1708000.0. Contractor: Contractor_027. Location: Pune, Maharashtra.",In Progress
DOC00787,P00787,Completion Certificate,2025-10-25,999000.0,Contractor_035,"Kolkata, West Bengal",,"Document for project P00787. Type: Completion Certificate. Amount: 999000.0. Contractor: Contractor_035. Location: Kolkata, West Bengal.",Completed
DOC00788,P00788,Inspection Report,2024-10-31,499000.0,Contractor_035,"Bengaluru Urban, Karnataka",,"Document for project P00788. Type: Inspection Report. Amount: 499000.0. Contractor: Contractor_035. Location: Bengaluru Urban, Karnataka.",Delayed
DOC00789,P00789,Sanction Letter,2024-01-31,572000.0,Contractor_036,"Ernakulam, Kerala",,"Document for project P00789. Type: Sanction Letter. Amount: 572000.0. Contractor: Contractor_036. Location: Ernakulam, Kerala.",In Progress
DOC00790,P00790,Utilization Certificate,2024-02-03,775000.0,Contractor_007,"Nizamabad, Telangana",,"Document for project P00790. Type: Utilization Certificate. Amount: 775000.0. Contractor: Contractor_007. Location: Nizamabad, Telangana.",In Progress
DOC00791,P00791,Completion Certificate,2024-07-08,1418000.0,Contractor_048,"Surat, Gujarat",,"Document for project P00791. Type: Completion Certificate. Amount: 1418000.0. Contractor: Contractor_048. Location: Surat, Gujarat.",Completed
DOC00792,P00792,Inspection Report,2025-07-15,1473000.0,Contractor_032,"Chennai, Tamil Nadu",,"Document for project P00792. Type: Inspection Report. Amount: 1473000.0. Contractor: Contractor_032. Location: Chennai, Tamil Nadu.",Completed
DOC00793,P00793,Sanction Letter,2025-11-01,2640000.0,Contractor_001,"Coimbatore, Tamil Nadu",,"Document for project P00793. Type: Sanction Letter. Amount: 2640000.0. Contractor: Contractor_001. Location: Coimbatore, Tamil Nadu.",Completed
DOC00794,P00794,Utilization Certificate,2025-07-19,2436000.0,Contractor_034,"Jodhpur, Rajasthan",,"Document for project P00794. Type: Utilization Certificate. Amount: 2436000.0. Contractor: Contractor_034. Location: Jodhpur, Rajasthan.",In Progress
DOC00795,P00795,Completion Certificate,2025-07-28,898000.0,Contractor_009,"Salem, Tamil Nadu",,"Document for project P00795. Type: Completion Certificate. Amount: 898000.0. Contractor: Contractor_009. Location: Salem, Tamil Nadu.",In Progress
DOC00796,P00796,Inspection Report,2024-07-15,1186000.0,Contractor_035,"Madurai, Tamil Nadu",,"Document for project P00796. Type: Inspection Report. Amount: 1186000.0. Contractor: Contractor_035. Location: Madurai, Tamil Nadu.",Delayed
DOC00797,P00797,Sanction Letter,2025-02-09,1038000.0,Contractor_013,"Nashik, Maharashtra",,"Document for project P00797. Type: Sanction Letter. Amount: 1038000.0. Contractor: Contractor_013. Location: Nashik, Maharashtra.",In Progress
DOC00798,P00798,Utilization Certificate,2025-11-01,2650000.0,Contractor_032,"Kolkata, West Bengal",,"Document for project P00798. Type: Utilization Certificate. Amount: 2650000.0. Contractor: Contractor_032. Location: Kolkata, West Bengal.",Completed
DOC00799,P00799,Completion Certificate,2025-10-21,3735000.0,Contractor_050,"Kollam, Kerala",,"Document for project P00799. Type: Completion Certificate. Amount: 3735000.0. Contractor: Contractor_050. Location: Kollam, Kerala.",In Progress
DOC00800,P00800,Inspection Report,2026-03-18,762000.0,Contractor_057,"Ernakulam, Kerala",,"Document for project P00800. Type: Inspection Report. Amount: 762000.0. Contractor: Contractor_057. Location: Ernakulam, Kerala.",Delayed
DOC00801,P00801,Sanction Letter,2024-06-01,848750.0,Contractor_011,Different Location,,Document for project P00801. Type: Sanction Letter. Amount: 848750.0. Contractor: Contractor_011. Location: Different Location.,In Progress
DOC00802,P00802,Utilization Certificate,2024-05-07,1183000.0,Contractor_034,"Mysuru, Karnataka",,"Document for project P00802. Type: Utilization Certificate. Amount: 1183000.0. Contractor: Contractor_034. Location: Mysuru, Karnataka.",Delayed
DOC00803,P00803,Completion Certificate,2025-12-26,1202000.0,Contractor_010,"Howrah, West Bengal",,"Document for project P00803. Type: Completion Certificate. Amount: 1202000.0. Contractor: Contractor_010. Location: Howrah, West Bengal.",In Progress
DOC00804,P00804,Inspection Report,2025-10-19,584000.0,Contractor_049,"Bengaluru Urban, Karnataka",,"Document for project P00804. Type: Inspection Report. Amount: 584000.0. Contractor: Contractor_049. Location: Bengaluru Urban, Karnataka.",In Progress
DOC00805,P00805,Sanction Letter,2025-02-28,1001000.0,Contractor_041,"Guntur, Andhra Pradesh",,"Document for project P00805. Type: Sanction Letter. Amount: 1001000.0. Contractor: Contractor_041. Location: Guntur, Andhra Pradesh.",In Progress
DOC00806,P00806,Utilization Certificate,2024-04-11,671000.0,Contractor_021,"Krishna, Andhra Pradesh",,"Document for project P00806. Type: Utilization Certificate. Amount: 671000.0. Contractor: Contractor_021. Location: Krishna, Andhra Pradesh.",In Progress
DOC00807,P00807,Completion Certificate,2024-12-11,1024000.0,Contractor_059,"Kolkata, West Bengal",,"Document for project P00807. Type: Completion Certificate. Amount: 1024000.0. Contractor: Contractor_059. Location: Kolkata, West Bengal.",Delayed
DOC00808,P00808,Inspection Report,2024-07-05,1720000.0,Contractor_016,"Darjeeling, West Bengal",,"Document for project P00808. Type: Inspection Report. Amount: 1720000.0. Contractor: Contractor_016. Location: Darjeeling, West Bengal.",In Progress
DOC00809,P00809,Sanction Letter,2024-11-18,1726000.0,Contractor_052,"Malda, West Bengal",,"Document for project P00809. Type: Sanction Letter. Amount: 1726000.0. Contractor: Contractor_052. Location: Malda, West Bengal.",In Progress
DOC00810,P00810,Utilization Certificate,2026-03-04,853000.0,Contractor_024,"Kozhikode, Kerala",,"Document for project P00810. Type: Utilization Certificate. Amount: 853000.0. Contractor: Contractor_024. Location: Kozhikode, Kerala.",In Progress
DOC00811,P00811,Completion Certificate,2024-09-07,1616000.0,Contractor_039,"Chennai, Tamil Nadu",,"Document for project P00811. Type: Completion Certificate. Amount: 1616000.0. Contractor: Contractor_039. Location: Chennai, Tamil Nadu.",Delayed
DOC00812,P00812,Inspection Report,2024-11-14,1862000.0,Contractor_029,"Chennai, Tamil Nadu",,"Document for project P00812. Type: Inspection Report. Amount: 1862000.0. Contractor: Contractor_029. Location: Chennai, Tamil Nadu.",Delayed
DOC00813,P00813,Sanction Letter,2025-12-04,557000.0,Contractor_052,"Jodhpur, Rajasthan",,"Document for project P00813. Type: Sanction Letter. Amount: 557000.0. Contractor: Contractor_052. Location: Jodhpur, Rajasthan.",In Progress
DOC00814,P00814,Utilization Certificate,2025-12-03,1838000.0,Contractor_050,"Nashik, Maharashtra",,"Document for project P00814. Type: Utilization Certificate. Amount: 1838000.0. Contractor: Contractor_050. Location: Nashik, Maharashtra.",In Progress
DOC00815,P00815,Completion Certificate,2024-12-29,2643000.0,Contractor_030,"Howrah, West Bengal",,"Document for project P00815. Type: Completion Certificate. Amount: 2643000.0. Contractor: Contractor_030. Location: Howrah, West Bengal.",Completed
DOC00816,P00816,Inspection Report,2025-08-22,1039000.0,Contractor_014,"Khordha, Odisha",,"Document for project P00816. Type: Inspection Report. Amount: 1039000.0. Contractor: Contractor_014. Location: Khordha, Odisha.",In Progress
DOC00817,P00817,Sanction Letter,2025-07-07,2540000.0,Contractor_013,"Tirupati, Andhra Pradesh",,"Document for project P00817. Type: Sanction Letter. Amount: 2540000.0. Contractor: Contractor_013. Location: Tirupati, Andhra Pradesh.",In Progress
DOC00818,P00818,Utilization Certificate,2025-12-03,498000.0,Contractor_034,"Dharwad, Karnataka",,"Document for project P00818. Type: Utilization Certificate. Amount: 498000.0. Contractor: Contractor_034. Location: Dharwad, Karnataka.",In Progress
DOC00819,P00819,Completion Certificate,2024-11-02,481000.0,Contractor_006,"Nashik, Maharashtra",,"Document for project P00819. Type: Completion Certificate. Amount: 481000.0. Contractor: Contractor_006. Location: Nashik, Maharashtra.",In Progress
DOC00820,P00820,Inspection Report,2024-11-30,262000.0,Contractor_012,"Salem, Tamil Nadu",,"Document for project P00820. Type: Inspection Report. Amount: 262000.0. Contractor: Contractor_012. Location: Salem, Tamil Nadu.",Delayed
DOC00821,P00821,Sanction Letter,2025-12-29,1542000.0,Contractor_009,"Salem, Tamil Nadu",,"Document for project P00821. Type: Sanction Letter. Amount: 1542000.0. Contractor: Contractor_009. Location: Salem, Tamil Nadu.",In Progress
DOC00822,P00822,Utilization Certificate,2024-09-30,1932000.0,Contractor_048,"Khordha, Odisha",,"Document for project P00822. Type: Utilization Certificate. Amount: 1932000.0. Contractor: Contractor_048. Location: Khordha, Odisha.",Completed
DOC00823,P00823,Completion Certificate,2024-04-09,838000.0,Contractor_003,"Kozhikode, Kerala",,"Document for project P00823. Type: Completion Certificate. Amount: 838000.0. Contractor: Contractor_003. Location: Kozhikode, Kerala.",In Progress
DOC00824,P00824,Inspection Report,2024-07-08,994000.0,Contractor_011,"Pune, Maharashtra",,"Document for project P00824. Type: Inspection Report. Amount: 994000.0. Contractor: Contractor_011. Location: Pune, Maharashtra.",Completed
DOC00825,P00825,Sanction Letter,2025-09-12,753000.0,Contractor_048,"Belagavi, Karnataka",,"Document for project P00825. Type: Sanction Letter. Amount: 753000.0. Contractor: Contractor_048. Location: Belagavi, Karnataka.",In Progress
DOC00826,P00826,Utilization Certificate,2025-12-19,455000.0,Different Contractor,"Warangal, Telangana",,"Document for project P00826. Type: Utilization Certificate. Amount: 455000.0. Contractor: Different Contractor. Location: Warangal, Telangana.",In Progress
DOC00827,P00827,Completion Certificate,2024-08-06,610000.0,Contractor_025,"Salem, Tamil Nadu",,"Document for project P00827. Type: Completion Certificate. Amount: 610000.0. Contractor: Contractor_025. Location: Salem, Tamil Nadu.",In Progress
DOC00828,P00828,Inspection Report,2025-06-15,1393000.0,Contractor_055,"Krishna, Andhra Pradesh",,"Document for project P00828. Type: Inspection Report. Amount: 1393000.0. Contractor: Contractor_055. Location: Krishna, Andhra Pradesh.",In Progress
DOC00829,P00829,Sanction Letter,2024-11-08,174000.0,Contractor_010,"Mysuru, Karnataka",,"Document for project P00829. Type: Sanction Letter. Amount: 174000.0. Contractor: Contractor_010. Location: Mysuru, Karnataka.",Delayed
DOC00830,P00830,Utilization Certificate,2024-12-12,2785000.0,Contractor_055,"Bengaluru Urban, Karnataka",,"Document for project P00830. Type: Utilization Certificate. Amount: 2785000.0. Contractor: Contractor_055. Location: Bengaluru Urban, Karnataka.",In Progress
DOC00831,P00831,Completion Certificate,2024-05-25,2552000.0,Contractor_021,"Howrah, West Bengal",,"Document for project P00831. Type: Completion Certificate. Amount: 2552000.0. Contractor: Contractor_021. Location: Howrah, West Bengal.",Delayed
DOC00832,P00832,Inspection Report,2024-03-25,630000.0,Contractor_037,"Coimbatore, Tamil Nadu",,"Document for project P00832. Type: Inspection Report. Amount: 630000.0. Contractor: Contractor_037. Location: Coimbatore, Tamil Nadu.",Delayed
DOC00833,P00833,Sanction Letter,2025-03-18,996000.0,Contractor_033,"Krishna, Andhra Pradesh",,"Document for project P00833. Type: Sanction Letter. Amount: 996000.0. Contractor: Contractor_033. Location: Krishna, Andhra Pradesh.",In Progress
DOC00834,P00834,Utilization Certificate,2024-10-26,765000.0,Contractor_043,"Howrah, West Bengal",,"Document for project P00834. Type: Utilization Certificate. Amount: 765000.0. Contractor: Contractor_043. Location: Howrah, West Bengal.",In Progress
DOC00835,P00835,Completion Certificate,2024-01-06,2417000.0,Contractor_001,"Chennai, Tamil Nadu",,"Document for project P00835. Type: Completion Certificate. Amount: 2417000.0. Contractor: Contractor_001. Location: Chennai, Tamil Nadu.",Completed
DOC00836,P00836,Inspection Report,2025-12-02,1827000.0,Contractor_046,"Pune, Maharashtra",,"Document for project P00836. Type: Inspection Report. Amount: 1827000.0. Contractor: Contractor_046. Location: Pune, Maharashtra.",In Progress
DOC00837,P00837,Sanction Letter,2024-11-02,1606000.0,Contractor_029,"Mysuru, Karnataka",,"Document for project P00837. Type: Sanction Letter. Amount: 1606000.0. Contractor: Contractor_029. Location: Mysuru, Karnataka.",In Progress
DOC00838,P00838,Utilization Certificate,2025-06-14,1857000.0,Contractor_013,"Surat, Gujarat",,"Document for project P00838. Type: Utilization Certificate. Amount: 1857000.0. Contractor: Contractor_013. Location: Surat, Gujarat.",Delayed
DOC00839,P00839,Completion Certificate,2024-12-31,890000.0,Contractor_030,"Mysuru, Karnataka",,"Document for project P00839. Type: Completion Certificate. Amount: 890000.0. Contractor: Contractor_030. Location: Mysuru, Karnataka.",In Progress
DOC00840,P00840,Inspection Report,2024-02-24,4631000.0,Contractor_059,"Aurangabad, Maharashtra",,"Document for project P00840. Type: Inspection Report. Amount: 4631000.0. Contractor: Contractor_059. Location: Aurangabad, Maharashtra.",Delayed
DOC00841,P00841,Sanction Letter,2026-04-23,439000.0,Contractor_057,"Kollam, Kerala",,"Document for project P00841. Type: Sanction Letter. Amount: 439000.0. Contractor: Contractor_057. Location: Kollam, Kerala.",In Progress
DOC00842,P00842,Utilization Certificate,2025-08-20,770000.0,Contractor_053,"Tirupati, Andhra Pradesh",,"Document for project P00842. Type: Utilization Certificate. Amount: 770000.0. Contractor: Contractor_053. Location: Tirupati, Andhra Pradesh.",In Progress
DOC00843,P00843,Completion Certificate,2025-04-29,388000.0,Contractor_007,"Guntur, Andhra Pradesh",,"Document for project P00843. Type: Completion Certificate. Amount: 388000.0. Contractor: Contractor_007. Location: Guntur, Andhra Pradesh.",In Progress
DOC00844,P00844,Inspection Report,2024-05-25,2776000.0,Contractor_020,"Vadodara, Gujarat",,"Document for project P00844. Type: Inspection Report. Amount: 2776000.0. Contractor: Contractor_020. Location: Vadodara, Gujarat.",In Progress
DOC00845,P00845,Sanction Letter,2025-03-26,1676000.0,Contractor_023,"Surat, Gujarat",,"Document for project P00845. Type: Sanction Letter. Amount: 1676000.0. Contractor: Contractor_023. Location: Surat, Gujarat.",In Progress
DOC00846,P00846,Utilization Certificate,2024-12-23,1856000.0,Contractor_001,"Tirupati, Andhra Pradesh",,"Document for project P00846. Type: Utilization Certificate. Amount: 1856000.0. Contractor: Contractor_001. Location: Tirupati, Andhra Pradesh.",In Progress
DOC00847,P00847,Completion Certificate,2025-12-09,1493000.0,Contractor_047,"Warangal, Telangana",,"Document for project P00847. Type: Completion Certificate. Amount: 1493000.0. Contractor: Contractor_047. Location: Warangal, Telangana.",In Progress
DOC00848,P00848,Inspection Report,2025-05-29,341000.0,Contractor_025,"Nizamabad, Telangana",,"Document for project P00848. Type: Inspection Report. Amount: 341000.0. Contractor: Contractor_025. Location: Nizamabad, Telangana.",In Progress
DOC00849,P00849,Sanction Letter,2025-10-17,1620000.0,Contractor_009,"Rajkot, Gujarat",,"Document for project P00849. Type: Sanction Letter. Amount: 1620000.0. Contractor: Contractor_009. Location: Rajkot, Gujarat.",Delayed
DOC00850,P00850,Utilization Certificate,2025-01-29,2063000.0,Contractor_059,"Guntur, Andhra Pradesh",,"Document for project P00850. Type: Utilization Certificate. Amount: 2063000.0. Contractor: Contractor_059. Location: Guntur, Andhra Pradesh.",In Progress
DOC00851,P00851,Completion Certificate,2025-12-19,1233750.0,Contractor_012,"Nashik, Maharashtra",,"Document for project P00851. Type: Completion Certificate. Amount: 1233750.0. Contractor: Contractor_012. Location: Nashik, Maharashtra.",Delayed
DOC00852,P00852,Inspection Report,2025-03-22,409000.0,Contractor_043,"Ganjam, Odisha",,"Document for project P00852. Type: Inspection Report. Amount: 409000.0. Contractor: Contractor_043. Location: Ganjam, Odisha.",In Progress
DOC00853,P00853,Sanction Letter,2026-03-28,1069000.0,Contractor_021,"Hyderabad, Telangana",,"Document for project P00853. Type: Sanction Letter. Amount: 1069000.0. Contractor: Contractor_021. Location: Hyderabad, Telangana.",Delayed
DOC00854,P00854,Utilization Certificate,2025-05-28,3045000.0,Contractor_039,"Chennai, Tamil Nadu",,"Document for project P00854. Type: Utilization Certificate. Amount: 3045000.0. Contractor: Contractor_039. Location: Chennai, Tamil Nadu.",In Progress
DOC00855,P00855,Completion Certificate,2025-04-17,1907000.0,Contractor_030,"Rajkot, Gujarat",,"Document for project P00855. Type: Completion Certificate. Amount: 1907000.0. Contractor: Contractor_030. Location: Rajkot, Gujarat.",In Progress
DOC00856,P00856,Inspection Report,2025-04-06,1024000.0,Contractor_004,"Nagpur, Maharashtra",,"Document for project P00856. Type: Inspection Report. Amount: 1024000.0. Contractor: Contractor_004. Location: Nagpur, Maharashtra.",In Progress
DOC00857,P00857,Sanction Letter,2024-06-01,1282000.0,Contractor_060,"Ernakulam, Kerala",,"Document for project P00857. Type: Sanction Letter. Amount: 1282000.0. Contractor: Contractor_060. Location: Ernakulam, Kerala.",In Progress
DOC00858,P00858,Utilization Certificate,2025-04-17,462000.0,Contractor_054,"Udaipur, Rajasthan",,"Document for project P00858. Type: Utilization Certificate. Amount: 462000.0. Contractor: Contractor_054. Location: Udaipur, Rajasthan.",In Progress
DOC00859,P00859,Completion Certificate,2025-09-03,833000.0,Contractor_009,"Cuttack, Odisha",,"Document for project P00859. Type: Completion Certificate. Amount: 833000.0. Contractor: Contractor_009. Location: Cuttack, Odisha.",In Progress
DOC00860,P00860,Inspection Report,2024-12-03,638000.0,Contractor_025,"Malda, West Bengal",,"Document for project P00860. Type: Inspection Report. Amount: 638000.0. Contractor: Contractor_025. Location: Malda, West Bengal.",In Progress
DOC00861,P00861,Sanction Letter,2025-06-25,2267000.0,Contractor_010,"Madurai, Tamil Nadu",,"Document for project P00861. Type: Sanction Letter. Amount: 2267000.0. Contractor: Contractor_010. Location: Madurai, Tamil Nadu.",In Progress
DOC00862,P00862,Utilization Certificate,2024-07-31,1621000.0,Contractor_051,"Mysuru, Karnataka",,"Document for project P00862. Type: Utilization Certificate. Amount: 1621000.0. Contractor: Contractor_051. Location: Mysuru, Karnataka.",In Progress
DOC00863,P00863,Completion Certificate,2025-03-10,865000.0,Contractor_030,"Jaipur, Rajasthan",,"Document for project P00863. Type: Completion Certificate. Amount: 865000.0. Contractor: Contractor_030. Location: Jaipur, Rajasthan.",In Progress
DOC00864,P00864,Inspection Report,2026-02-18,517000.0,Contractor_030,"Nagpur, Maharashtra",,"Document for project P00864. Type: Inspection Report. Amount: 517000.0. Contractor: Contractor_030. Location: Nagpur, Maharashtra.",Delayed
DOC00865,P00865,Sanction Letter,2024-08-21,1540000.0,Contractor_039,"Nizamabad, Telangana",,"Document for project P00865. Type: Sanction Letter. Amount: 1540000.0. Contractor: Contractor_039. Location: Nizamabad, Telangana.",In Progress
DOC00866,P00866,Utilization Certificate,2024-11-04,645000.0,Contractor_060,"Hyderabad, Telangana",,"Document for project P00866. Type: Utilization Certificate. Amount: 645000.0. Contractor: Contractor_060. Location: Hyderabad, Telangana.",In Progress
DOC00867,P00867,Completion Certificate,2025-11-20,202000.0,Contractor_037,"Chennai, Tamil Nadu",,"Document for project P00867. Type: Completion Certificate. Amount: 202000.0. Contractor: Contractor_037. Location: Chennai, Tamil Nadu.",In Progress
DOC00868,P00868,Inspection Report,2024-04-11,218000.0,Contractor_012,"Visakhapatnam, Andhra Pradesh",,"Document for project P00868. Type: Inspection Report. Amount: 218000.0. Contractor: Contractor_012. Location: Visakhapatnam, Andhra Pradesh.",In Progress
DOC00869,P00869,Sanction Letter,2024-04-26,1405000.0,Contractor_033,"Kota, Rajasthan",,"Document for project P00869. Type: Sanction Letter. Amount: 1405000.0. Contractor: Contractor_033. Location: Kota, Rajasthan.",In Progress
DOC00870,P00870,Utilization Certificate,2024-06-14,2418000.0,Contractor_039,"Visakhapatnam, Andhra Pradesh",,"Document for project P00870. Type: Utilization Certificate. Amount: 2418000.0. Contractor: Contractor_039. Location: Visakhapatnam, Andhra Pradesh.",In Progress
DOC00871,P00871,Completion Certificate,2025-06-22,593000.0,Contractor_045,"Belagavi, Karnataka",,"Document for project P00871. Type: Completion Certificate. Amount: 593000.0. Contractor: Contractor_045. Location: Belagavi, Karnataka.",In Progress
DOC00872,P00872,Inspection Report,2025-09-23,2168000.0,Contractor_042,"Aurangabad, Maharashtra",,"Document for project P00872. Type: Inspection Report. Amount: 2168000.0. Contractor: Contractor_042. Location: Aurangabad, Maharashtra.",Completed
DOC00873,P00873,Sanction Letter,2025-07-02,866000.0,Contractor_060,"Howrah, West Bengal",,"Document for project P00873. Type: Sanction Letter. Amount: 866000.0. Contractor: Contractor_060. Location: Howrah, West Bengal.",Completed
DOC00874,P00874,Utilization Certificate,2025-02-27,1246000.0,Contractor_002,"Kota, Rajasthan",,"Document for project P00874. Type: Utilization Certificate. Amount: 1246000.0. Contractor: Contractor_002. Location: Kota, Rajasthan.",In Progress
DOC00875,P00875,Completion Certificate,2024-12-27,550000.0,Contractor_052,"Salem, Tamil Nadu",,"Document for project P00875. Type: Completion Certificate. Amount: 550000.0. Contractor: Contractor_052. Location: Salem, Tamil Nadu.",In Progress
DOC00876,P00876,Inspection Report,2026-04-26,1919000.0,Contractor_010,"Dharwad, Karnataka",,"Document for project P00876. Type: Inspection Report. Amount: 1919000.0. Contractor: Contractor_010. Location: Dharwad, Karnataka.",In Progress
DOC00877,P00877,Sanction Letter,2024-12-09,960000.0,Contractor_044,"Belagavi, Karnataka",,"Document for project P00877. Type: Sanction Letter. Amount: 960000.0. Contractor: Contractor_044. Location: Belagavi, Karnataka.",In Progress
DOC00878,P00878,Utilization Certificate,2024-05-09,552000.0,Contractor_005,"Chennai, Tamil Nadu",,"Document for project P00878. Type: Utilization Certificate. Amount: 552000.0. Contractor: Contractor_005. Location: Chennai, Tamil Nadu.",In Progress
DOC00879,P00879,Completion Certificate,2024-02-25,1243000.0,Contractor_026,"Pune, Maharashtra",,"Document for project P00879. Type: Completion Certificate. Amount: 1243000.0. Contractor: Contractor_026. Location: Pune, Maharashtra.",In Progress
DOC00880,P00880,Inspection Report,2024-12-09,1585000.0,Contractor_004,"Kollam, Kerala",,"Document for project P00880. Type: Inspection Report. Amount: 1585000.0. Contractor: Contractor_004. Location: Kollam, Kerala.",In Progress
DOC00881,P00881,Sanction Letter,2025-02-13,673000.0,Contractor_012,"Kota, Rajasthan",,"Document for project P00881. Type: Sanction Letter. Amount: 673000.0. Contractor: Contractor_012. Location: Kota, Rajasthan.",In Progress
DOC00882,P00882,Utilization Certificate,2024-05-29,730000.0,Contractor_008,"Malda, West Bengal",,"Document for project P00882. Type: Utilization Certificate. Amount: 730000.0. Contractor: Contractor_008. Location: Malda, West Bengal.",In Progress
DOC00883,P00883,Completion Certificate,2025-11-13,3504000.0,Contractor_049,"Vadodara, Gujarat",,"Document for project P00883. Type: Completion Certificate. Amount: 3504000.0. Contractor: Contractor_049. Location: Vadodara, Gujarat.",In Progress
DOC00884,P00884,Inspection Report,2025-01-07,755000.0,Contractor_057,"Udaipur, Rajasthan",,"Document for project P00884. Type: Inspection Report. Amount: 755000.0. Contractor: Contractor_057. Location: Udaipur, Rajasthan.",In Progress
DOC00885,P00885,Sanction Letter,2024-07-31,1897000.0,Contractor_046,"Nizamabad, Telangana",,"Document for project P00885. Type: Sanction Letter. Amount: 1897000.0. Contractor: Contractor_046. Location: Nizamabad, Telangana.",In Progress
DOC00886,P00886,Utilization Certificate,2025-07-12,2646000.0,Contractor_027,"Chennai, Tamil Nadu",,"Document for project P00886. Type: Utilization Certificate. Amount: 2646000.0. Contractor: Contractor_027. Location: Chennai, Tamil Nadu.",In Progress
DOC00887,P00887,Completion Certificate,2024-07-02,1448000.0,Contractor_010,"Kozhikode, Kerala",,"Document for project P00887. Type: Completion Certificate. Amount: 1448000.0. Contractor: Contractor_010. Location: Kozhikode, Kerala.",In Progress
DOC00888,P00888,Inspection Report,2024-12-09,1175000.0,Contractor_003,"Ahmedabad, Gujarat",,"Document for project P00888. Type: Inspection Report. Amount: 1175000.0. Contractor: Contractor_003. Location: Ahmedabad, Gujarat.",In Progress
DOC00889,P00889,Sanction Letter,2024-09-21,2105000.0,Contractor_006,"Aurangabad, Maharashtra",,"Document for project P00889. Type: Sanction Letter. Amount: 2105000.0. Contractor: Contractor_006. Location: Aurangabad, Maharashtra.",In Progress
DOC00890,P00890,Utilization Certificate,2026-02-14,1184000.0,Contractor_042,"Malda, West Bengal",,"Document for project P00890. Type: Utilization Certificate. Amount: 1184000.0. Contractor: Contractor_042. Location: Malda, West Bengal.",In Progress
DOC00891,P00891,Completion Certificate,2025-12-23,513000.0,Contractor_060,"Vadodara, Gujarat",,"Document for project P00891. Type: Completion Certificate. Amount: 513000.0. Contractor: Contractor_060. Location: Vadodara, Gujarat.",Delayed
DOC00892,P00892,Inspection Report,2025-04-15,1367000.0,Contractor_029,"Ernakulam, Kerala",,"Document for project P00892. Type: Inspection Report. Amount: 1367000.0. Contractor: Contractor_029. Location: Ernakulam, Kerala.",In Progress
DOC00893,P00893,Sanction Letter,2025-07-14,9114000.0,Contractor_057,"Ernakulam, Kerala",,"Document for project P00893. Type: Sanction Letter. Amount: 9114000.0. Contractor: Contractor_057. Location: Ernakulam, Kerala.",In Progress
DOC00894,P00894,Utilization Certificate,2025-10-30,978000.0,Contractor_041,"Ernakulam, Kerala",,"Document for project P00894. Type: Utilization Certificate. Amount: 978000.0. Contractor: Contractor_041. Location: Ernakulam, Kerala.",In Progress
DOC00895,P00895,Completion Certificate,2024-10-27,1555000.0,Contractor_047,"Ernakulam, Kerala",,"Document for project P00895. Type: Completion Certificate. Amount: 1555000.0. Contractor: Contractor_047. Location: Ernakulam, Kerala.",Delayed
DOC00896,P00896,Inspection Report,2025-05-03,17468000.0,Contractor_020,"Karimnagar, Telangana",,"Document for project P00896. Type: Inspection Report. Amount: 17468000.0. Contractor: Contractor_020. Location: Karimnagar, Telangana.",In Progress
DOC00897,P00897,Sanction Letter,2024-06-20,2434000.0,Contractor_023,"Hyderabad, Telangana",,"Document for project P00897. Type: Sanction Letter. Amount: 2434000.0. Contractor: Contractor_023. Location: Hyderabad, Telangana.",Completed
DOC00898,P00898,Utilization Certificate,2026-01-26,5926000.0,Contractor_039,"Thrissur, Kerala",,"Document for project P00898. Type: Utilization Certificate. Amount: 5926000.0. Contractor: Contractor_039. Location: Thrissur, Kerala.",In Progress
DOC00899,P00899,Completion Certificate,2024-02-04,961000.0,Contractor_025,"Thrissur, Kerala",,"Document for project P00899. Type: Completion Certificate. Amount: 961000.0. Contractor: Contractor_025. Location: Thrissur, Kerala.",In Progress
DOC00900,P00900,Inspection Report,2026-01-16,1906000.0,Contractor_019,"Hyderabad, Telangana",,"Document for project P00900. Type: Inspection Report. Amount: 1906000.0. Contractor: Contractor_019. Location: Hyderabad, Telangana.",In Progress
DOC00901,P00901,Sanction Letter,2024-01-31,4267500.0,Different Contractor,Different Location,,Document for project P00901. Type: Sanction Letter. Amount: 4267500.0. Contractor: Different Contractor. Location: Different Location.,Delayed
DOC00902,P00902,Utilization Certificate,2025-09-24,919000.0,Contractor_034,"Cuttack, Odisha",,"Document for project P00902. Type: Utilization Certificate. Amount: 919000.0. Contractor: Contractor_034. Location: Cuttack, Odisha.",In Progress
DOC00903,P00903,Completion Certificate,2025-06-11,408000.0,Contractor_031,"Warangal, Telangana",,"Document for project P00903. Type: Completion Certificate. Amount: 408000.0. Contractor: Contractor_031. Location: Warangal, Telangana.",In Progress
DOC00904,P00904,Inspection Report,2024-03-30,729000.0,Contractor_031,"Aurangabad, Maharashtra",,"Document for project P00904. Type: Inspection Report. Amount: 729000.0. Contractor: Contractor_031. Location: Aurangabad, Maharashtra.",In Progress
DOC00905,P00905,Sanction Letter,2024-10-11,48000.0,Contractor_010,"Cuttack, Odisha",,"Document for project P00905. Type: Sanction Letter. Amount: 48000.0. Contractor: Contractor_010. Location: Cuttack, Odisha.",In Progress
DOC00906,P00906,Utilization Certificate,2025-09-04,1370000.0,Contractor_033,"Nagpur, Maharashtra",,"Document for project P00906. Type: Utilization Certificate. Amount: 1370000.0. Contractor: Contractor_033. Location: Nagpur, Maharashtra.",In Progress
DOC00907,P00907,Completion Certificate,2025-03-08,456000.0,Contractor_041,"Madurai, Tamil Nadu",,"Document for project P00907. Type: Completion Certificate. Amount: 456000.0. Contractor: Contractor_041. Location: Madurai, Tamil Nadu.",In Progress
DOC00908,P00908,Inspection Report,2024-09-22,3224000.0,Contractor_019,"Surat, Gujarat",,"Document for project P00908. Type: Inspection Report. Amount: 3224000.0. Contractor: Contractor_019. Location: Surat, Gujarat.",In Progress
DOC00909,P00909,Sanction Letter,2024-04-03,2477000.0,Contractor_021,"Udaipur, Rajasthan",,"Document for project P00909. Type: Sanction Letter. Amount: 2477000.0. Contractor: Contractor_021. Location: Udaipur, Rajasthan.",In Progress
DOC00910,P00910,Utilization Certificate,2024-10-09,1536000.0,Contractor_049,"Nashik, Maharashtra",,"Document for project P00910. Type: Utilization Certificate. Amount: 1536000.0. Contractor: Contractor_049. Location: Nashik, Maharashtra.",In Progress
DOC00911,P00911,Completion Certificate,2024-05-27,383000.0,Contractor_017,"Kota, Rajasthan",,"Document for project P00911. Type: Completion Certificate. Amount: 383000.0. Contractor: Contractor_017. Location: Kota, Rajasthan.",Completed
DOC00912,P00912,Inspection Report,2024-12-02,1691000.0,Contractor_042,"Sambalpur, Odisha",,"Document for project P00912. Type: Inspection Report. Amount: 1691000.0. Contractor: Contractor_042. Location: Sambalpur, Odisha.",In Progress
DOC00913,P00913,Sanction Letter,2024-05-28,1206000.0,Contractor_033,"Belagavi, Karnataka",,"Document for project P00913. Type: Sanction Letter. Amount: 1206000.0. Contractor: Contractor_033. Location: Belagavi, Karnataka.",In Progress
DOC00914,P00914,Utilization Certificate,2024-05-18,1474000.0,Contractor_052,"Kota, Rajasthan",,"Document for project P00914. Type: Utilization Certificate. Amount: 1474000.0. Contractor: Contractor_052. Location: Kota, Rajasthan.",In Progress
DOC00915,P00915,Completion Certificate,2024-07-16,1951000.0,Contractor_030,"Ahmedabad, Gujarat",,"Document for project P00915. Type: Completion Certificate. Amount: 1951000.0. Contractor: Contractor_030. Location: Ahmedabad, Gujarat.",In Progress
DOC00916,P00916,Inspection Report,2024-11-13,1319000.0,Contractor_027,"Mysuru, Karnataka",,"Document for project P00916. Type: Inspection Report. Amount: 1319000.0. Contractor: Contractor_027. Location: Mysuru, Karnataka.",Completed
DOC00917,P00917,Sanction Letter,2024-07-09,413000.0,Contractor_055,"Hyderabad, Telangana",,"Document for project P00917. Type: Sanction Letter. Amount: 413000.0. Contractor: Contractor_055. Location: Hyderabad, Telangana.",In Progress
DOC00918,P00918,Utilization Certificate,2025-02-15,1753000.0,Contractor_023,"Kolkata, West Bengal",,"Document for project P00918. Type: Utilization Certificate. Amount: 1753000.0. Contractor: Contractor_023. Location: Kolkata, West Bengal.",Completed
DOC00919,P00919,Completion Certificate,2024-04-27,1271000.0,Contractor_018,"Cuttack, Odisha",,"Document for project P00919. Type: Completion Certificate. Amount: 1271000.0. Contractor: Contractor_018. Location: Cuttack, Odisha.",In Progress
DOC00920,P00920,Inspection Report,2024-10-25,7349000.0,Contractor_031,"Krishna, Andhra Pradesh",,"Document for project P00920. Type: Inspection Report. Amount: 7349000.0. Contractor: Contractor_031. Location: Krishna, Andhra Pradesh.",In Progress
DOC00921,P00921,Sanction Letter,2026-03-21,3191000.0,Contractor_015,"Hyderabad, Telangana",,"Document for project P00921. Type: Sanction Letter. Amount: 3191000.0. Contractor: Contractor_015. Location: Hyderabad, Telangana.",Delayed
DOC00922,P00922,Utilization Certificate,2024-03-16,2144000.0,Contractor_045,"Darjeeling, West Bengal",,"Document for project P00922. Type: Utilization Certificate. Amount: 2144000.0. Contractor: Contractor_045. Location: Darjeeling, West Bengal.",Delayed
DOC00923,P00923,Completion Certificate,2024-10-22,817000.0,Contractor_024,"Ganjam, Odisha",,"Document for project P00923. Type: Completion Certificate. Amount: 817000.0. Contractor: Contractor_024. Location: Ganjam, Odisha.",In Progress
DOC00924,P00924,Inspection Report,2025-06-18,1659000.0,Contractor_026,"Madurai, Tamil Nadu",,"Document for project P00924. Type: Inspection Report. Amount: 1659000.0. Contractor: Contractor_026. Location: Madurai, Tamil Nadu.",Delayed
DOC00925,P00925,Sanction Letter,2024-10-31,598000.0,Contractor_016,"Surat, Gujarat",,"Document for project P00925. Type: Sanction Letter. Amount: 598000.0. Contractor: Contractor_016. Location: Surat, Gujarat.",Delayed
DOC00926,P00926,Utilization Certificate,2025-11-13,2675000.0,Contractor_007,"Nizamabad, Telangana",,"Document for project P00926. Type: Utilization Certificate. Amount: 2675000.0. Contractor: Contractor_007. Location: Nizamabad, Telangana.",Completed
DOC00927,P00927,Completion Certificate,2025-10-10,990000.0,Contractor_060,"Madurai, Tamil Nadu",,"Document for project P00927. Type: Completion Certificate. Amount: 990000.0. Contractor: Contractor_060. Location: Madurai, Tamil Nadu.",In Progress
DOC00928,P00928,Inspection Report,2024-07-19,2087000.0,Contractor_007,"Pune, Maharashtra",,"Document for project P00928. Type: Inspection Report. Amount: 2087000.0. Contractor: Contractor_007. Location: Pune, Maharashtra.",In Progress
DOC00929,P00929,Sanction Letter,2024-09-25,1486000.0,Contractor_007,"Malda, West Bengal",,"Document for project P00929. Type: Sanction Letter. Amount: 1486000.0. Contractor: Contractor_007. Location: Malda, West Bengal.",In Progress
DOC00930,P00930,Utilization Certificate,2024-09-12,2058000.0,Contractor_018,"Hyderabad, Telangana",,"Document for project P00930. Type: Utilization Certificate. Amount: 2058000.0. Contractor: Contractor_018. Location: Hyderabad, Telangana.",In Progress
DOC00931,P00931,Completion Certificate,2024-04-24,2461000.0,Contractor_037,"Chennai, Tamil Nadu",,"Document for project P00931. Type: Completion Certificate. Amount: 2461000.0. Contractor: Contractor_037. Location: Chennai, Tamil Nadu.",In Progress
DOC00932,P00932,Inspection Report,2026-01-26,2483000.0,Contractor_026,"Pune, Maharashtra",,"Document for project P00932. Type: Inspection Report. Amount: 2483000.0. Contractor: Contractor_026. Location: Pune, Maharashtra.",In Progress
DOC00933,P00933,Sanction Letter,2024-12-26,1713000.0,Contractor_026,"Madurai, Tamil Nadu",,"Document for project P00933. Type: Sanction Letter. Amount: 1713000.0. Contractor: Contractor_026. Location: Madurai, Tamil Nadu.",In Progress
DOC00934,P00934,Utilization Certificate,2024-04-22,881000.0,Contractor_024,"Belagavi, Karnataka",,"Document for project P00934. Type: Utilization Certificate. Amount: 881000.0. Contractor: Contractor_024. Location: Belagavi, Karnataka.",Delayed
DOC00935,P00935,Completion Certificate,2025-11-17,583000.0,Contractor_012,"Krishna, Andhra Pradesh",,"Document for project P00935. Type: Completion Certificate. Amount: 583000.0. Contractor: Contractor_012. Location: Krishna, Andhra Pradesh.",In Progress
DOC00936,P00936,Inspection Report,2025-12-19,1119000.0,Contractor_027,"Howrah, West Bengal",,"Document for project P00936. Type: Inspection Report. Amount: 1119000.0. Contractor: Contractor_027. Location: Howrah, West Bengal.",Completed
DOC00937,P00937,Sanction Letter,2024-01-16,2060000.0,Contractor_023,"Salem, Tamil Nadu",,"Document for project P00937. Type: Sanction Letter. Amount: 2060000.0. Contractor: Contractor_023. Location: Salem, Tamil Nadu.",Delayed
DOC00938,P00938,Utilization Certificate,2025-09-23,1528000.0,Contractor_032,"Belagavi, Karnataka",,"Document for project P00938. Type: Utilization Certificate. Amount: 1528000.0. Contractor: Contractor_032. Location: Belagavi, Karnataka.",Completed
DOC00939,P00939,Completion Certificate,2025-11-04,1317000.0,Contractor_054,"Kolkata, West Bengal",,"Document for project P00939. Type: Completion Certificate. Amount: 1317000.0. Contractor: Contractor_054. Location: Kolkata, West Bengal.",Completed
DOC00940,P00940,Inspection Report,2024-08-04,1428000.0,Contractor_007,"Darjeeling, West Bengal",,"Document for project P00940. Type: Inspection Report. Amount: 1428000.0. Contractor: Contractor_007. Location: Darjeeling, West Bengal.",In Progress
DOC00941,P00941,Sanction Letter,2024-05-01,456000.0,Contractor_026,"Udaipur, Rajasthan",,"Document for project P00941. Type: Sanction Letter. Amount: 456000.0. Contractor: Contractor_026. Location: Udaipur, Rajasthan.",In Progress
DOC00942,P00942,Utilization Certificate,2025-11-15,874000.0,Contractor_046,"Sambalpur, Odisha",,"Document for project P00942. Type: Utilization Certificate. Amount: 874000.0. Contractor: Contractor_046. Location: Sambalpur, Odisha.",In Progress
DOC00943,P00943,Completion Certificate,2024-04-20,2089000.0,Contractor_040,"Kolkata, West Bengal",,"Document for project P00943. Type: Completion Certificate. Amount: 2089000.0. Contractor: Contractor_040. Location: Kolkata, West Bengal.",In Progress
DOC00944,P00944,Inspection Report,2024-08-12,519000.0,Contractor_041,"Warangal, Telangana",,"Document for project P00944. Type: Inspection Report. Amount: 519000.0. Contractor: Contractor_041. Location: Warangal, Telangana.",In Progress
DOC00945,P00945,Sanction Letter,2024-09-10,3093000.0,Contractor_019,"Krishna, Andhra Pradesh",,"Document for project P00945. Type: Sanction Letter. Amount: 3093000.0. Contractor: Contractor_019. Location: Krishna, Andhra Pradesh.",In Progress
DOC00946,P00946,Utilization Certificate,2024-01-31,667000.0,Contractor_007,"Vadodara, Gujarat",,"Document for project P00946. Type: Utilization Certificate. Amount: 667000.0. Contractor: Contractor_007. Location: Vadodara, Gujarat.",In Progress
DOC00947,P00947,Completion Certificate,2025-03-24,1237000.0,Contractor_031,"Kollam, Kerala",,"Document for project P00947. Type: Completion Certificate. Amount: 1237000.0. Contractor: Contractor_031. Location: Kollam, Kerala.",In Progress
DOC00948,P00948,Inspection Report,2024-06-18,804000.0,Contractor_030,"Warangal, Telangana",,"Document for project P00948. Type: Inspection Report. Amount: 804000.0. Contractor: Contractor_030. Location: Warangal, Telangana.",Delayed
DOC00949,P00949,Sanction Letter,2024-06-16,4176000.0,Contractor_017,"Coimbatore, Tamil Nadu",,"Document for project P00949. Type: Sanction Letter. Amount: 4176000.0. Contractor: Contractor_017. Location: Coimbatore, Tamil Nadu.",In Progress
DOC00950,P00950,Utilization Certificate,2025-06-24,1987000.0,Contractor_049,"Dharwad, Karnataka",,"Document for project P00950. Type: Utilization Certificate. Amount: 1987000.0. Contractor: Contractor_049. Location: Dharwad, Karnataka.",Delayed
DOC00951,P00951,Completion Certificate,2024-11-07,967500.0,Contractor_033,"Kollam, Kerala",,"Document for project P00951. Type: Completion Certificate. Amount: 967500.0. Contractor: Contractor_033. Location: Kollam, Kerala.",In Progress
DOC00952,P00952,Inspection Report,2025-10-27,838000.0,Contractor_018,"Nizamabad, Telangana",,"Document for project P00952. Type: Inspection Report. Amount: 838000.0. Contractor: Contractor_018. Location: Nizamabad, Telangana.",In Progress
DOC00953,P00953,Sanction Letter,2024-01-17,2208000.0,Contractor_057,"Ganjam, Odisha",,"Document for project P00953. Type: Sanction Letter. Amount: 2208000.0. Contractor: Contractor_057. Location: Ganjam, Odisha.",Delayed
DOC00954,P00954,Utilization Certificate,2025-09-01,1040000.0,Contractor_049,"Jodhpur, Rajasthan",,"Document for project P00954. Type: Utilization Certificate. Amount: 1040000.0. Contractor: Contractor_049. Location: Jodhpur, Rajasthan.",In Progress
DOC00955,P00955,Completion Certificate,2024-07-25,785000.0,Contractor_006,"Rajkot, Gujarat",,"Document for project P00955. Type: Completion Certificate. Amount: 785000.0. Contractor: Contractor_006. Location: Rajkot, Gujarat.",In Progress
DOC00956,P00956,Inspection Report,2026-02-20,425000.0,Contractor_041,"Tirupati, Andhra Pradesh",,"Document for project P00956. Type: Inspection Report. Amount: 425000.0. Contractor: Contractor_041. Location: Tirupati, Andhra Pradesh.",In Progress
DOC00957,P00957,Sanction Letter,2024-05-28,2028000.0,Contractor_034,"Mysuru, Karnataka",,"Document for project P00957. Type: Sanction Letter. Amount: 2028000.0. Contractor: Contractor_034. Location: Mysuru, Karnataka.",In Progress
DOC00958,P00958,Utilization Certificate,2024-12-23,981000.0,Contractor_009,"Salem, Tamil Nadu",,"Document for project P00958. Type: Utilization Certificate. Amount: 981000.0. Contractor: Contractor_009. Location: Salem, Tamil Nadu.",In Progress
DOC00959,P00959,Completion Certificate,2024-04-28,572000.0,Contractor_019,"Tirupati, Andhra Pradesh",,"Document for project P00959. Type: Completion Certificate. Amount: 572000.0. Contractor: Contractor_019. Location: Tirupati, Andhra Pradesh.",In Progress
DOC00960,P00960,Inspection Report,2026-02-02,4013000.0,Contractor_036,"Hyderabad, Telangana",,"Document for project P00960. Type: Inspection Report. Amount: 4013000.0. Contractor: Contractor_036. Location: Hyderabad, Telangana.",Delayed
DOC00961,P00961,Sanction Letter,2026-01-17,1442000.0,Contractor_042,"Jaipur, Rajasthan",,"Document for project P00961. Type: Sanction Letter. Amount: 1442000.0. Contractor: Contractor_042. Location: Jaipur, Rajasthan.",In Progress
DOC00962,P00962,Utilization Certificate,2025-05-06,487000.0,Contractor_048,"Kollam, Kerala",,"Document for project P00962. Type: Utilization Certificate. Amount: 487000.0. Contractor: Contractor_048. Location: Kollam, Kerala.",Delayed
DOC00963,P00963,Completion Certificate,2025-06-24,658000.0,Contractor_036,"Belagavi, Karnataka",,"Document for project P00963. Type: Completion Certificate. Amount: 658000.0. Contractor: Contractor_036. Location: Belagavi, Karnataka.",In Progress
DOC00964,P00964,Inspection Report,2024-09-30,2272000.0,Contractor_037,"Thrissur, Kerala",,"Document for project P00964. Type: Inspection Report. Amount: 2272000.0. Contractor: Contractor_037. Location: Thrissur, Kerala.",In Progress
DOC00965,P00965,Sanction Letter,2025-08-16,1847000.0,Contractor_058,"Jodhpur, Rajasthan",,"Document for project P00965. Type: Sanction Letter. Amount: 1847000.0. Contractor: Contractor_058. Location: Jodhpur, Rajasthan.",Completed
DOC00966,P00966,Utilization Certificate,2024-01-26,576000.0,Contractor_008,"Kozhikode, Kerala",,"Document for project P00966. Type: Utilization Certificate. Amount: 576000.0. Contractor: Contractor_008. Location: Kozhikode, Kerala.",In Progress
DOC00967,P00967,Completion Certificate,2024-03-23,510000.0,Contractor_042,"Karimnagar, Telangana",,"Document for project P00967. Type: Completion Certificate. Amount: 510000.0. Contractor: Contractor_042. Location: Karimnagar, Telangana.",In Progress
DOC00968,P00968,Inspection Report,2026-04-17,1815000.0,Contractor_024,"Howrah, West Bengal",,"Document for project P00968. Type: Inspection Report. Amount: 1815000.0. Contractor: Contractor_024. Location: Howrah, West Bengal.",In Progress
DOC00969,P00969,Sanction Letter,2025-10-11,932000.0,Contractor_028,"Tirupati, Andhra Pradesh",,"Document for project P00969. Type: Sanction Letter. Amount: 932000.0. Contractor: Contractor_028. Location: Tirupati, Andhra Pradesh.",Delayed
DOC00970,P00970,Utilization Certificate,2025-01-04,1160000.0,Contractor_001,"Tirupati, Andhra Pradesh",,"Document for project P00970. Type: Utilization Certificate. Amount: 1160000.0. Contractor: Contractor_001. Location: Tirupati, Andhra Pradesh.",In Progress
DOC00971,P00971,Completion Certificate,2024-01-30,500000.0,Contractor_035,"Coimbatore, Tamil Nadu",,"Document for project P00971. Type: Completion Certificate. Amount: 500000.0. Contractor: Contractor_035. Location: Coimbatore, Tamil Nadu.",Completed
DOC00972,P00972,Inspection Report,2026-04-16,982000.0,Contractor_036,"Nashik, Maharashtra",,"Document for project P00972. Type: Inspection Report. Amount: 982000.0. Contractor: Contractor_036. Location: Nashik, Maharashtra.",Completed
DOC00973,P00973,Sanction Letter,2025-10-18,949000.0,Contractor_034,"Kollam, Kerala",,"Document for project P00973. Type: Sanction Letter. Amount: 949000.0. Contractor: Contractor_034. Location: Kollam, Kerala.",In Progress
DOC00974,P00974,Utilization Certificate,2025-01-31,1464000.0,Contractor_003,"Udaipur, Rajasthan",,"Document for project P00974. Type: Utilization Certificate. Amount: 1464000.0. Contractor: Contractor_003. Location: Udaipur, Rajasthan.",In Progress
DOC00975,P00975,Completion Certificate,2024-07-30,1169000.0,Contractor_005,"Krishna, Andhra Pradesh",,"Document for project P00975. Type: Completion Certificate. Amount: 1169000.0. Contractor: Contractor_005. Location: Krishna, Andhra Pradesh.",Completed
DOC00976,P00976,Inspection Report,2025-02-09,1872000.0,Different Contractor,"Malda, West Bengal",,"Document for project P00976. Type: Inspection Report. Amount: 1872000.0. Contractor: Different Contractor. Location: Malda, West Bengal.",Completed
DOC00977,P00977,Sanction Letter,2026-03-08,1934000.0,Contractor_024,"Jaipur, Rajasthan",,"Document for project P00977. Type: Sanction Letter. Amount: 1934000.0. Contractor: Contractor_024. Location: Jaipur, Rajasthan.",Delayed
DOC00978,P00978,Utilization Certificate,2024-07-31,1951000.0,Contractor_040,"Hyderabad, Telangana",,"Document for project P00978. Type: Utilization Certificate. Amount: 1951000.0. Contractor: Contractor_040. Location: Hyderabad, Telangana.",In Progress
DOC00979,P00979,Completion Certificate,2024-09-13,2270000.0,Contractor_060,"Madurai, Tamil Nadu",,"Document for project P00979. Type: Completion Certificate. Amount: 2270000.0. Contractor: Contractor_060. Location: Madurai, Tamil Nadu.",In Progress
DOC00980,P00980,Inspection Report,2024-12-31,254000.0,Contractor_009,"Guntur, Andhra Pradesh",,"Document for project P00980. Type: Inspection Report. Amount: 254000.0. Contractor: Contractor_009. Location: Guntur, Andhra Pradesh.",In Progress
DOC00981,P00981,Sanction Letter,2024-10-07,278000.0,Contractor_047,"Visakhapatnam, Andhra Pradesh",,"Document for project P00981. Type: Sanction Letter. Amount: 278000.0. Contractor: Contractor_047. Location: Visakhapatnam, Andhra Pradesh.",In Progress
DOC00982,P00982,Utilization Certificate,2026-02-08,660000.0,Contractor_032,"Hyderabad, Telangana",,"Document for project P00982. Type: Utilization Certificate. Amount: 660000.0. Contractor: Contractor_032. Location: Hyderabad, Telangana.",In Progress
DOC00983,P00983,Completion Certificate,2025-06-20,3917000.0,Contractor_043,"Mysuru, Karnataka",,"Document for project P00983. Type: Completion Certificate. Amount: 3917000.0. Contractor: Contractor_043. Location: Mysuru, Karnataka.",Completed
DOC00984,P00984,Inspection Report,2024-02-13,2082000.0,Contractor_004,"Bengaluru Urban, Karnataka",,"Document for project P00984. Type: Inspection Report. Amount: 2082000.0. Contractor: Contractor_004. Location: Bengaluru Urban, Karnataka.",Completed
DOC00985,P00985,Sanction Letter,2024-10-12,2993000.0,Contractor_047,"Howrah, West Bengal",,"Document for project P00985. Type: Sanction Letter. Amount: 2993000.0. Contractor: Contractor_047. Location: Howrah, West Bengal.",Completed
DOC00986,P00986,Utilization Certificate,2024-07-24,2059000.0,Contractor_056,"Howrah, West Bengal",,"Document for project P00986. Type: Utilization Certificate. Amount: 2059000.0. Contractor: Contractor_056. Location: Howrah, West Bengal.",In Progress
DOC00987,P00987,Completion Certificate,2024-12-08,576000.0,Contractor_025,"Kozhikode, Kerala",,"Document for project P00987. Type: Completion Certificate. Amount: 576000.0. Contractor: Contractor_025. Location: Kozhikode, Kerala.",In Progress
DOC00988,P00988,Inspection Report,2025-07-08,2738000.0,Contractor_009,"Nashik, Maharashtra",,"Document for project P00988. Type: Inspection Report. Amount: 2738000.0. Contractor: Contractor_009. Location: Nashik, Maharashtra.",Delayed
DOC00989,P00989,Sanction Letter,2024-09-08,1385000.0,Contractor_007,"Coimbatore, Tamil Nadu",,"Document for project P00989. Type: Sanction Letter. Amount: 1385000.0. Contractor: Contractor_007. Location: Coimbatore, Tamil Nadu.",In Progress
DOC00990,P00990,Utilization Certificate,2024-04-15,2035000.0,Contractor_026,"Jodhpur, Rajasthan",,"Document for project P00990. Type: Utilization Certificate. Amount: 2035000.0. Contractor: Contractor_026. Location: Jodhpur, Rajasthan.",In Progress
DOC00991,P00991,Completion Certificate,2026-03-27,973000.0,Contractor_053,"Dharwad, Karnataka",,"Document for project P00991. Type: Completion Certificate. Amount: 973000.0. Contractor: Contractor_053. Location: Dharwad, Karnataka.",Completed
DOC00992,P00992,Inspection Report,2025-04-16,781000.0,Contractor_031,"Karimnagar, Telangana",,"Document for project P00992. Type: Inspection Report. Amount: 781000.0. Contractor: Contractor_031. Location: Karimnagar, Telangana.",Completed
DOC00993,P00993,Sanction Letter,2025-05-27,2090000.0,Contractor_057,"Kollam, Kerala",,"Document for project P00993. Type: Sanction Letter. Amount: 2090000.0. Contractor: Contractor_057. Location: Kollam, Kerala.",In Progress
DOC00994,P00994,Utilization Certificate,2025-05-06,993000.0,Contractor_019,"Madurai, Tamil Nadu",,"Document for project P00994. Type: Utilization Certificate. Amount: 993000.0. Contractor: Contractor_019. Location: Madurai, Tamil Nadu.",In Progress
DOC00995,P00995,Completion Certificate,2025-06-01,1549000.0,Contractor_010,"Aurangabad, Maharashtra",,"Document for project P00995. Type: Completion Certificate. Amount: 1549000.0. Contractor: Contractor_010. Location: Aurangabad, Maharashtra.",In Progress
DOC00996,P00996,Inspection Report,2024-02-04,509000.0,Contractor_037,"Tirupati, Andhra Pradesh",,"Document for project P00996. Type: Inspection Report. Amount: 509000.0. Contractor: Contractor_037. Location: Tirupati, Andhra Pradesh.",In Progress
DOC00997,P00997,Sanction Letter,2025-07-23,1104000.0,Contractor_025,"Kollam, Kerala",,"Document for project P00997. Type: Sanction Letter. Amount: 1104000.0. Contractor: Contractor_025. Location: Kollam, Kerala.",In Progress
DOC00998,P00998,Utilization Certificate,2025-10-14,1718000.0,Contractor_039,"Sambalpur, Odisha",,"Document for project P00998. Type: Utilization Certificate. Amount: 1718000.0. Contractor: Contractor_039. Location: Sambalpur, Odisha.",Delayed
DOC00999,P00999,Completion Certificate,2026-01-03,1294000.0,Contractor_005,"Udaipur, Rajasthan",,"Document for project P00999. Type: Completion Certificate. Amount: 1294000.0. Contractor: Contractor_005. Location: Udaipur, Rajasthan.",In Progress
DOC01000,P01000,Inspection Report,2025-11-15,721000.0,Contractor_025,"Vadodara, Gujarat",,"Document for project P01000. Type: Inspection Report. Amount: 721000.0. Contractor: Contractor_025. Location: Vadodara, Gujarat.",Delayed
