project_id,project_name,state,district,mp_name,project_type,sanctioned_amount,released_amount,utilized_amount,completion_percentage,sanction_date,start_date,expected_completion_date,actual_completion_date,latitude,longitude,contractor,agency,status,synthetic_scenario,ground_truth_anomaly,financial_progress_ratio,progress_gap,planned_duration_days
P00001,Street Lighting Project 0001,Telangana,Karimnagar,MP_419,Street Lighting,1330000.0,1149000.0,442000.0,29.1,2025-01-08,2025-01-18,2025-12-06,,11.505331723029084,81.61764157033222,Contractor_031,Agency_08,In Progress,normal,0,0.332,4.1,332
P00002,Health Facility Project 0002,Andhra Pradesh,Tirupati,MP_036,Health Facility,4291000.0,3216000.0,2316000.0,53.1,2025-07-01,2025-07-11,2026-07-19,,24.496941497349273,87.7101372536904,Contractor_043,Agency_08,In Progress,normal,0,0.54,0.9,383
P00003,Drinking Water Project 0003,Telangana,Karimnagar,MP_085,Drinking Water,2057000.0,1312000.0,1312000.0,83.7,2026-01-29,2026-02-08,2026-10-26,,27.41486362242168,91.85669270219736,Contractor_025,Agency_07,In Progress,normal,0,0.638,-19.9,270
P00004,Road Project 0004,Gujarat,Surat,MP_369,Road,1217000.0,741000.0,598000.0,53.5,2025-02-03,2025-02-13,2025-11-06,,29.683097458292206,86.56524901964454,Contractor_006,Agency_07,In Progress,normal,0,0.491,-4.4,276
P00005,Drinking Water Project 0005,West Bengal,Malda,MP_110,Drinking Water,1275000.0,867000.0,867000.0,91.2,2025-11-15,2025-11-25,2026-11-14,,28.502648939555172,85.86404696052224,Contractor_029,Agency_15,In Progress,normal,0,0.68,-23.2,364
P00006,Drinking Water Project 0006,Karnataka,Dharwad,MP_260,Drinking Water,1637000.0,1003000.0,1003000.0,100.0,2025-01-25,2025-02-04,2025-11-26,2025-11-26,27.93697052133346,85.2674227360117,Contractor_034,Agency_12,Completed,normal,0,0.613,-38.7,305
P00007,Health Facility Project 0007,Telangana,Nizamabad,MP_470,Health Facility,1123000.0,838000.0,838000.0,90.9,2024-09-15,2024-09-25,2025-11-06,,9.704210735577902,78.27140106203554,Contractor_056,Agency_06,In Progress,normal,0,0.746,-16.3,417
P00008,Road Project 0008,Tamil Nadu,Madurai,MP_092,Road,2525000.0,2144000.0,1801000.0,65.2,2025-04-18,2025-04-28,2025-10-31,,10.523234808011557,87.00271514180972,Contractor_042,Agency_10,In Progress,normal,0,0.713,6.1,196
P00009,Sports Facility Project 0009,West Bengal,Kolkata,MP_166,Sports Facility,1050000.0,907000.0,877000.0,86.6,2025-03-01,2025-03-11,2025-08-16,,17.534765352277475,74.43546840245881,Contractor_021,Agency_03,In Progress,normal,0,0.835,-3.1,168
P00010,Community Hall Project 0010,Maharashtra,Aurangabad,MP_395,Community Hall,3099000.0,2075000.0,2075000.0,100.0,2026-02-11,2026-02-21,2026-08-06,2026-08-06,15.223832295605103,74.60854105063929,Contractor_027,Agency_19,Completed,normal,0,0.67,-33.0,176
P00011,Street Lighting Project 0011,Andhra Pradesh,Krishna,MP_418,Street Lighting,667000.0,541000.0,435000.0,58.9,2024-06-21,2024-07-01,2024-09-25,,19.348000426197675,85.12071504590838,Contractor_009,Agency_12,In Progress,normal,0,0.652,6.3,96
P00012,Street Lighting Project 0012,Telangana,Nizamabad,MP_080,Street Lighting,799000.0,454000.0,454000.0,100.0,2024-03-12,2024-03-22,2025-01-13,2025-05-08,23.36122996218497,76.07774077703034,Contractor_018,Agency_19,Completed,normal,0,0.568,-43.2,307
P00013,Drinking Water Project 0013,Gujarat,Vadodara,MP_431,Drinking Water,1682000.0,942000.0,663000.0,39.6,2024-10-21,2024-10-31,2025-06-22,,20.755784935624536,82.41599848821951,Contractor_027,Agency_19,In Progress,normal,0,0.394,-0.2,244
P00014,Drinking Water Project 0014,Andhra Pradesh,Visakhapatnam,MP_012,Drinking Water,1034000.0,723000.0,638000.0,62.9,2025-02-06,2025-02-16,2025-08-08,,31.320947913465982,75.4769319621725,Contractor_019,Agency_12,Delayed,normal,0,0.617,-1.2,183
P00015,Street Lighting Project 0015,Maharashtra,Pune,MP_060,Street Lighting,637000.0,539000.0,539000.0,100.0,2025-07-25,2025-08-04,2026-02-05,2026-02-12,14.139520965087925,73.44076861228837,Contractor_009,Agency_12,Completed,normal,0,0.846,-15.4,195
P00016,Community Hall Project 0016,Kerala,Kozhikode,MP_284,Community Hall,3425000.0,2373000.0,2034000.0,26.854633489174,2025-12-06,2025-12-16,2026-09-27,,32.34992410726325,75.95923478812396,Contractor_032,Agency_01,In Progress,progress_mismatch,1,0.594,32.5,295
P00017,Sports Facility Project 0017,Karnataka,Mysuru,MP_286,Sports Facility,2751000.0,2440000.0,2323000.0,75.5,2026-04-23,2026-05-03,2026-08-29,,28.11792074846349,85.80089301072167,Contractor_025,Agency_08,Delayed,normal,0,0.844,8.9,128
P00018,Health Facility Project 0018,Rajasthan,Jaipur,MP_458,Health Facility,2050000.0,1992000.0,762000.0,41.9,2025-09-26,2025-10-06,2026-01-16,,12.825122350469668,84.5677792721127,Contractor_044,Agency_18,In Progress,normal,0,0.372,-4.7,112
P00019,School Building Project 0019,Telangana,Hyderabad,MP_008,School Building,4998000.0,4935000.0,3209000.0,71.9,2024-09-20,2024-09-30,2025-10-23,,11.601013218892241,86.11764173753458,Contractor_059,Agency_03,Delayed,normal,0,0.642,-7.7,398
P00020,Sports Facility Project 0020,Karnataka,Belagavi,MP_407,Sports Facility,2037000.0,1303000.0,1303000.0,64.6,2025-08-13,2025-08-23,2025-12-08,,11.392848134178891,91.06573850992885,Contractor_005,Agency_08,In Progress,normal,0,0.64,-0.6,117
P00021,Road Project 0021,Gujarat,Surat,MP_014,Road,2258000.0,2213000.0,1746000.0,68.6,2025-02-19,2025-03-01,2025-10-31,,24.556557881371997,74.79676859426492,Contractor_044,Agency_03,In Progress,normal,0,0.773,8.7,254
P00022,Road Project 0022,West Bengal,Howrah,MP_432,Road,2111000.0,2047000.0,1373000.0,65.7,2026-04-01,2026-04-11,2027-01-25,,11.015915116555961,89.12268657467818,Contractor_016,Agency_16,In Progress,normal,0,0.65,-0.7,299
P00023,Community Hall Project 0023,Tamil Nadu,Chennai,MP_206,Community Hall,2818000.0,2650000.0,2650000.0,100.0,2025-03-27,2025-04-06,2025-08-03,2025-11-07,25.019820459963334,89.87631450869603,Contractor_017,Agency_10,Completed,normal,0,0.94,-6.0,129
P00024,School Building Project 0024,Kerala,Ernakulam,MP_327,School Building,4857000.0,4456000.0,4225000.0,100.0,2024-07-20,2024-07-30,2025-03-23,2025-05-15,29.476336113773606,78.84462654369668,Contractor_056,Agency_03,Completed,normal,0,0.87,-13.0,246
P00025,Street Lighting Project 0025,Gujarat,Rajkot,MP_031,Street Lighting,642000.0,397000.0,230000.0,41.8,2024-05-20,2024-05-30,2025-04-08,,9.577253861781124,84.40464755899723,Contractor_031,Agency_14,In Progress,normal,0,0.358,-6.0,323
P00026,Health Facility Project 0026,Rajasthan,Jodhpur,MP_100,Health Facility,3018000.0,2848000.0,1462000.0,56.1,2024-09-27,2024-10-07,2025-06-06,,14.634199456471064,84.0104065045069,Contractor_057,Agency_09,Delayed,normal,0,0.484,-7.7,252
P00027,Road Project 0027,Karnataka,Bengaluru Urban,MP_509,Road,1952000.0,1163000.0,1163000.0,98.2,2024-11-13,2024-11-23,2025-06-24,2025-06-24,29.96423375122202,90.57253224976682,Contractor_015,Agency_20,Completed,normal,0,0.596,-38.6,223
P00028,Street Lighting Project 0028,Maharashtra,Aurangabad,MP_283,Street Lighting,1071000.0,964000.0,755000.0,69.7,2025-10-24,2025-11-03,2026-05-08,,20.14022363231271,80.324772022787,Contractor_042,Agency_13,Delayed,normal,0,0.705,0.8,196
P00029,Road Project 0029,Karnataka,Mysuru,MP_202,Road,1851000.0,1365000.0,1365000.0,100.0,2024-04-28,2024-05-08,2025-01-09,2025-01-25,17.99017325695477,86.27771824002772,Contractor_015,Agency_06,Completed,normal,0,0.737,-26.3,256
P00030,Street Lighting Project 0030,West Bengal,Malda,MP_359,Street Lighting,877000.0,612000.0,612000.0,81.7,2026-02-17,2026-02-27,2026-10-26,,21.9442347224961,85.23176905949889,Contractor_005,Agency_06,In Progress,normal,0,0.698,-11.9,251
P00031,Road Project 0031,Andhra Pradesh,Visakhapatnam,MP_053,Road,2329000.0,2183000.0,1772000.0,73.5,2024-06-21,2024-07-01,2025-04-16,,10.379925045646822,91.23160848947239,Contractor_044,Agency_03,Delayed,normal,0,0.761,2.6,299
P00032,School Building Project 0032,Gujarat,Rajkot,MP_140,School Building,4172000.0,3764000.0,2678000.0,56.6,2025-11-11,2025-11-21,2026-03-10,,10.652269297161551,84.9000808604776,Contractor_011,Agency_04,In Progress,normal,0,0.642,7.6,119
P00033,Road Project 0033,Andhra Pradesh,Visakhapatnam,MP_271,Road,1825000.0,1433000.0,1433000.0,73.6,2025-05-01,2025-05-11,2026-01-16,,32.22589488080463,75.07072505232223,Contractor_048,Agency_03,In Progress,normal,0,0.785,4.9,260
P00034,Drinking Water Project 0034,West Bengal,Kolkata,MP_495,Drinking Water,1337000.0,1201000.0,1142000.0,89.9,2025-07-13,2025-07-23,2026-06-11,,15.179801475482533,79.91100195188667,Contractor_032,Agency_07,In Progress,normal,0,0.854,-4.5,333
P00035,Sports Facility Project 0035,Maharashtra,Pune,MP_305,Sports Facility,2853000.0,2131000.0,2112000.0,69.2,2024-05-05,2024-05-15,2024-09-30,,28.331778542862317,82.1915173696659,Contractor_009,Agency_08,In Progress,normal,0,0.74,4.8,148
P00036,Road Project 0036,Odisha,Sambalpur,MP_068,Road,2893000.0,1745000.0,1745000.0,100.0,2025-09-02,2025-09-12,2026-01-10,2026-05-13,25.90128621972058,72.94359318059433,Contractor_006,Agency_10,Completed,normal,0,0.603,-39.7,130
P00037,Drinking Water Project 0037,West Bengal,Malda,MP_430,Drinking Water,1417000.0,1061000.0,1061000.0,81.7,2024-09-08,2024-09-18,2025-08-07,,33.92349417220939,90.10816048129335,Contractor_042,Agency_06,In Progress,normal,0,0.749,-6.8,333
P00038,Road Project 0038,West Bengal,Malda,MP_494,Road,2998000.0,2547000.0,1973000.0,75.0,2024-03-31,2024-04-10,2025-02-08,,14.413363897461593,75.53183312829938,Contractor_052,Agency_16,In Progress,normal,0,0.658,-9.2,314
P00039,Road Project 0039,Rajasthan,Jaipur,MP_334,Road,2244000.0,1271000.0,1271000.0,69.4,2026-02-13,2026-02-23,2027-02-08,,14.354662772186622,89.51829508987684,Contractor_015,Agency_02,In Progress,normal,0,0.566,-12.8,360
P00040,Sports Facility Project 0040,Odisha,Sambalpur,MP_111,Sports Facility,2476000.0,2140000.0,2134000.0,100.0,2026-02-27,2026-03-09,2026-10-25,2027-02-11,24.454305590071087,89.55239577528631,Contractor_027,Agency_04,Completed,normal,0,0.862,-13.8,240
P00041,Road Project 0041,Rajasthan,Udaipur,MP_030,Road,1396000.0,1214000.0,1214000.0,100.0,2024-06-13,2024-06-23,2025-02-26,2025-02-26,24.390325733826913,90.98160837517295,Contractor_028,Agency_15,Completed,geo,1,0.87,-13.0,258
P00042,Community Hall Project 0042,Tamil Nadu,Chennai,MP_351,Community Hall,1551000.0,1537000.0,970000.0,57.6,2024-03-18,2024-03-28,2024-09-07,,11.944360570358281,91.43128418045029,Contractor_033,Agency_07,In Progress,normal,0,0.625,4.9,173
P00043,Drinking Water Project 0043,Tamil Nadu,Madurai,MP_223,Drinking Water,1798000.0,1750000.0,1450000.0,80.4,2025-08-17,2025-08-27,2026-06-30,,11.27581217590181,75.35507327548076,Contractor_057,Agency_06,Delayed,normal,0,0.806,0.2,317
P00044,Street Lighting Project 0044,Telangana,Warangal,MP_120,Street Lighting,1033000.0,863000.0,793000.0,78.9,2024-12-29,2025-01-08,2025-12-31,,16.379655511984737,73.41398471869181,Contractor_018,Agency_09,In Progress,normal,0,0.768,-2.1,367
P00045,School Building Project 0045,Tamil Nadu,Coimbatore,MP_359,School Building,4076000.0,3280000.0,2684000.0,63.0,2024-07-10,2024-07-20,2025-04-19,,28.51575132723761,83.57305879527365,Contractor_012,Agency_09,In Progress,normal,0,0.658,2.8,283
P00046,Drinking Water Project 0046,Kerala,Thrissur,MP_277,Drinking Water,1525000.0,1344000.0,1271000.0,74.0,2024-11-02,2024-11-12,2025-11-07,,28.83665659770698,78.92612369653519,Contractor_032,Agency_17,In Progress,normal,0,0.833,9.3,370
P00047,Road Project 0047,Maharashtra,Nagpur,MP_184,Road,6508000.0,6508000.0,6132000.0,80.1,2024-04-08,2024-04-18,2025-01-09,,16.29844894089132,87.4053128211567,Contractor_055,Agency_01,In Progress,financial,1,0.942,14.1,276
P00048,Street Lighting Project 0048,Tamil Nadu,Salem,MP_201,Street Lighting,747000.0,462000.0,372000.0,56.2,2025-12-29,2026-01-08,2026-09-12,,33.882983392657835,87.9876768488208,Contractor_026,Agency_07,In Progress,normal,0,0.498,-6.4,257
P00049,School Building Project 0049,West Bengal,Darjeeling,MP_289,School Building,3245000.0,2721000.0,2076000.0,70.1,2025-08-22,2025-09-01,2026-07-27,,12.480397191214568,89.25882495289471,Contractor_056,Agency_20,In Progress,normal,0,0.64,-6.1,339
P00050,School Building Project 0050,Gujarat,Vadodara,MP_045,School Building,5956000.0,3655000.0,3655000.0,100.0,2025-12-14,2025-12-24,2026-06-30,2026-08-11,19.391498904922898,81.99267329696994,Contractor_056,Agency_04,Completed,normal,0,0.614,-38.6,198
P00051,School Building Project 0051,Maharashtra,Pune,MP_323,School Building,1701000.0,1114000.0,1114000.0,86.0,2026-02-10,2026-02-20,2027-04-04,,10.370175631567555,77.52461559030313,Contractor_051,Agency_17,In Progress,normal,0,0.655,-20.5,418
P00052,Drinking Water Project 0052,Rajasthan,Udaipur,MP_297,Drinking Water,9336000.0,9336000.0,8459000.0,76.5,2025-07-05,2025-07-15,2026-06-05,,29.987554930809413,82.25493567002842,Contractor_032,Agency_16,In Progress,financial,1,0.906,14.1,335
P00053,Community Hall Project 0053,Odisha,Sambalpur,MP_275,Community Hall,3729000.0,3036000.0,1750000.0,49.3,2025-03-05,2025-03-15,2025-12-12,,10.90847667011862,80.5913396326905,Contractor_060,Agency_19,In Progress,normal,0,0.469,-2.4,282
P00054,Community Hall Project 0054,Odisha,Ganjam,MP_247,Community Hall,2017000.0,1283000.0,1248000.0,29.015912367710158,2024-05-30,2024-06-09,2025-04-12,,23.640711542189607,72.84482623460171,Contractor_025,Agency_06,In Progress,progress_mismatch,1,0.619,32.9,317
P00055,Drinking Water Project 0055,Andhra Pradesh,Visakhapatnam,MP_497,Drinking Water,2464000.0,2043000.0,2043000.0,99.5,2025-06-22,2025-07-02,2026-04-22,2026-04-22,33.05084956757399,88.18370238061591,Contractor_028,Agency_18,Completed,normal,0,0.829,-16.6,304
P00056,Drinking Water Project 0056,Telangana,Hyderabad,MP_542,Drinking Water,1380000.0,1102000.0,1102000.0,77.2,2025-09-14,2025-09-24,2026-01-17,,27.130840233898237,87.54967405111832,Contractor_041,Agency_07,In Progress,contractor_pattern,1,0.799,2.7,125
P00057,Community Hall Project 0057,Telangana,Hyderabad,MP_538,Community Hall,3332000.0,2567000.0,2567000.0,89.9,2024-02-04,2024-02-14,2024-08-19,,28.676999484447293,74.37942159177427,Contractor_014,Agency_12,In Progress,normal,0,0.77,-12.9,197
P00058,School Building Project 0058,Kerala,Kollam,MP_061,School Building,5202000.0,2948000.0,1570000.0,34.9,2026-02-24,2026-03-06,2026-09-23,,26.602061464841814,88.0196695184822,Contractor_001,Agency_18,In Progress,normal,0,0.302,-4.7,211
P00059,Community Hall Project 0059,West Bengal,Darjeeling,MP_003,Community Hall,1147000.0,752000.0,752000.0,100.0,2025-11-11,2025-11-21,2026-07-05,2026-08-23,25.674014903601446,73.28622432474654,Contractor_046,Agency_09,Completed,normal,0,0.656,-34.4,236
P00060,Street Lighting Project 0060,Odisha,Sambalpur,MP_165,Street Lighting,585000.0,546000.0,546000.0,100.0,2025-07-24,2025-08-03,2026-08-15,2026-08-15,18.441053747894117,78.14153600495032,Contractor_033,Agency_18,Completed,normal,0,0.933,-6.7,387
P00061,Street Lighting Project 0061,Rajasthan,Jaipur,MP_163,Street Lighting,710000.0,620000.0,620000.0,87.4,2024-03-13,2024-03-23,2025-01-07,,11.729988973164357,84.08246420653606,Contractor_031,Agency_20,In Progress,contractor_pattern,1,0.873,-0.1,300
P00062,Health Facility Project 0062,Rajasthan,Udaipur,MP_201,Health Facility,2569000.0,2471000.0,2287000.0,57.2438460972606,2025-05-20,2025-05-30,2025-09-20,2026-12-02,13.411059172370564,73.04984186379826,Contractor_019,Agency_10,Delayed,delay,1,0.89,31.8,123
P00063,Sports Facility Project 0063,Gujarat,Vadodara,MP_157,Sports Facility,1667000.0,1636000.0,1208000.0,71.6,2024-10-18,2024-10-28,2025-12-05,,14.265505615521015,79.1417860642302,Contractor_054,Agency_19,In Progress,normal,0,0.725,0.9,413
P00064,Sports Facility Project 0064,Maharashtra,Nashik,MP_178,Sports Facility,2059000.0,1738000.0,1069000.0,56.3,2025-09-22,2025-10-02,2026-03-29,,30.757310624502832,78.30828927835226,Contractor_055,Agency_12,In Progress,contractor_pattern,1,0.519,-4.4,188
P00065,Street Lighting Project 0065,Karnataka,Dharwad,MP_449,Street Lighting,826000.0,631000.0,631000.0,99.5,2025-10-28,2025-11-07,2026-04-20,2026-04-27,28.51981777471695,76.36655103008064,Contractor_011,Agency_12,Completed,normal,0,0.764,-23.1,174
P00066,Community Hall Project 0066,Maharashtra,Pune,MP_528,Community Hall,3866000.0,3018000.0,2216000.0,66.6,2025-07-08,2025-07-18,2026-08-11,,9.259840607265051,77.57211890779779,Contractor_035,Agency_02,In Progress,normal,0,0.573,-9.3,399
P00067,School Building Project 0067,Gujarat,Surat,MP_034,School Building,2907000.0,1666000.0,1384000.0,49.3,2025-03-14,2025-03-24,2026-02-23,,13.541129971340148,78.68101706191604,Contractor_030,Agency_08,In Progress,normal,0,0.476,-1.7,346
P00068,School Building Project 0068,Karnataka,Mysuru,MP_270,School Building,2004000.0,1880000.0,1441000.0,71.7,2024-01-02,2024-01-12,2024-06-30,,19.3282371197784,88.15550652302638,Contractor_029,Agency_17,In Progress,normal,0,0.719,0.2,180
P00069,School Building Project 0069,Kerala,Kozhikode,MP_182,School Building,2591000.0,1985000.0,1230000.0,51.7,2024-10-01,2024-10-11,2025-09-01,,9.453087678051517,81.82323818374341,Contractor_052,Agency_15,In Progress,normal,0,0.475,-4.2,335
P00070,Street Lighting Project 0070,Andhra Pradesh,Guntur,MP_018,Street Lighting,466000.0,449000.0,319000.0,75.5,2024-02-10,2024-02-20,2025-02-03,,24.199851595010045,77.4844503930339,Contractor_006,Agency_12,In Progress,normal,0,0.685,-7.0,359
P00071,Street Lighting Project 0071,Karnataka,Belagavi,MP_426,Street Lighting,306000.0,286000.0,275000.0,100.0,2025-12-23,2026-01-02,2027-01-12,2027-01-12,14.759997880857258,90.89211488187308,Contractor_034,Agency_10,Completed,normal,0,0.899,-10.1,385
P00072,Sports Facility Project 0072,Gujarat,Vadodara,MP_331,Sports Facility,1532000.0,1403000.0,1403000.0,90.8,2026-04-16,2026-04-26,2026-08-21,,18.881873219762298,78.98918556039852,Contractor_050,Agency_02,Delayed,normal,0,0.916,0.8,127
P00073,Health Facility Project 0073,Rajasthan,Jaipur,MP_407,Health Facility,1076000.0,672000.0,501000.0,43.8,2024-10-21,2024-10-31,2025-04-28,,31.162501993636543,84.45784485096327,Contractor_015,Agency_03,Delayed,normal,0,0.466,2.8,189
P00074,Street Lighting Project 0074,West Bengal,Kolkata,MP_010,Street Lighting,508000.0,395000.0,187000.0,43.3,2025-08-12,2025-08-22,2026-09-10,,23.283681920661472,75.21281751526656,Contractor_035,Agency_18,Delayed,normal,0,0.368,-6.5,394
P00075,Community Hall Project 0075,Telangana,Karimnagar,MP_163,Community Hall,2865000.0,1928000.0,1638000.0,55.6,2025-03-31,2025-04-10,2025-08-11,,29.775125562539113,73.05957876950441,Contractor_004,Agency_12,In Progress,normal,0,0.572,1.6,133
P00076,Sports Facility Project 0227 - Similar Work,Andhra Pradesh,Guntur,MP_373,Sports Facility,2015000.0,1662000.0,940000.0,48.2,2026-01-12,2026-01-22,2026-12-16,,25.818483910195823,91.52006273811115,Contractor_044,Agency_20,Delayed,duplicate,1,0.467,-1.5,338
P00077,Sports Facility Project 0077,Andhra Pradesh,Krishna,MP_052,Sports Facility,729000.0,662000.0,550000.0,77.6,2025-03-13,2025-03-23,2026-04-17,,18.391186793046355,86.21511564454256,Contractor_029,Agency_03,In Progress,normal,0,0.754,-2.2,400
P00078,School Building Project 0078,Maharashtra,Aurangabad,MP_259,School Building,2398000.0,2246000.0,1731000.0,79.0,2024-05-31,2024-06-10,2024-12-20,,30.861835932318684,80.20524336173864,Contractor_025,Agency_11,In Progress,normal,0,0.722,-6.8,203
P00079,Street Lighting Project 0079,Telangana,Nizamabad,MP_477,Street Lighting,1240000.0,1000000.0,656000.0,47.2,2025-09-13,2025-09-23,2026-07-30,,10.77645191074682,76.7470678682123,Contractor_026,Agency_15,In Progress,normal,0,0.529,5.7,320
P00080,School Building Project 0080,Tamil Nadu,Chennai,MP_176,School Building,22410000.0,22410000.0,18625000.0,69.9,2026-04-12,2026-04-22,2027-02-02,,23.18952584269971,80.80097155697098,Contractor_001,Agency_13,Delayed,financial,1,0.831,13.2,296
P00081,Drinking Water Project 0081,Kerala,Kollam,MP_090,Drinking Water,9772000.0,9772000.0,8372000.0,78.1,2025-02-01,2025-02-11,2025-08-19,,16.95852605858969,91.606988158745,Contractor_044,Agency_05,In Progress,financial,1,0.857,7.6,199
P00082,Drinking Water Project 0082,Andhra Pradesh,Guntur,MP_288,Drinking Water,2262000.0,1527000.0,1527000.0,90.3,2025-10-02,2025-10-12,2026-06-07,,14.893547868246984,73.59442771639064,Contractor_001,Agency_10,In Progress,normal,0,0.675,-22.8,248
P00083,School Building Project 0083,Telangana,Karimnagar,MP_421,School Building,3730000.0,2237000.0,2237000.0,71.7,2025-07-08,2025-07-18,2026-01-17,,31.46235982201411,92.19445844336494,Contractor_037,Agency_20,In Progress,normal,0,0.6,-11.7,193
P00084,Street Lighting Project 0084,Maharashtra,Aurangabad,MP_466,Street Lighting,465000.0,319000.0,256000.0,62.5,2024-03-02,2024-03-12,2025-02-24,,22.193001579396885,75.97316420267236,Contractor_005,Agency_06,In Progress,normal,0,0.551,-7.4,359
P00085,Road Project 0085,Tamil Nadu,Chennai,MP_223,Road,2085000.0,1836000.0,1654000.0,82.5,2025-12-25,2026-01-04,2026-12-25,,28.126707082003854,76.79490784477782,Contractor_037,Agency_19,In Progress,normal,0,0.793,-3.2,365
P00086,School Building Project 0086,Tamil Nadu,Chennai,MP_228,School Building,1952000.0,1306000.0,853000.0,48.3,2026-01-31,2026-02-10,2026-12-01,,14.527681503998808,86.76285498645254,Contractor_009,Agency_18,In Progress,normal,0,0.437,-4.6,304
P00087,Health Facility Project 0087,Kerala,Kollam,MP_518,Health Facility,3123000.0,2067000.0,859000.0,30.6,2024-10-15,2024-10-25,2025-01-25,,28.255854803854458,82.94969812149704,Contractor_017,Agency_10,In Progress,normal,0,0.275,-3.1,102
P00088,Community Hall Project 0088,Tamil Nadu,Madurai,MP_266,Community Hall,2304000.0,1404000.0,1404000.0,72.1,2025-04-01,2025-04-11,2025-07-29,,12.420283444920837,83.67744773039068,Contractor_058,Agency_05,Delayed,normal,0,0.609,-11.2,119
P00089,Sports Facility Project 0089,Andhra Pradesh,Krishna,MP_256,Sports Facility,974000.0,938000.0,920000.0,91.5,2024-01-26,2024-02-05,2024-05-18,,21.92266115672856,76.40733110338377,Contractor_051,Agency_20,In Progress,normal,0,0.945,3.0,113
P00090,Health Facility Project 0090,Andhra Pradesh,Tirupati,MP_028,Health Facility,2875000.0,1779000.0,1779000.0,82.5,2025-09-22,2025-10-02,2026-06-23,,28.696991386793815,85.02963315076653,Contractor_004,Agency_16,Delayed,normal,0,0.619,-20.6,274
P00091,Community Hall Project 0333 - Similar Work,Odisha,Sambalpur,MP_547,Community Hall,4695000.0,3508000.0,2779000.0,69.6,2024-06-29,2024-07-09,2025-03-28,,23.96082459302439,78.56103882772078,Contractor_048,Agency_03,In Progress,duplicate,1,0.592,-10.4,272
P00092,Health Facility Project 0092,Tamil Nadu,Chennai,MP_254,Health Facility,2572000.0,2482000.0,1373000.0,50.0,2025-06-21,2025-07-01,2026-05-14,,23.67214020327255,82.06112266062817,Contractor_037,Agency_20,In Progress,normal,0,0.534,3.4,327
P00093,Drinking Water Project 0093,Kerala,Kozhikode,MP_491,Drinking Water,1856000.0,1727000.0,1570000.0,85.9,2024-05-30,2024-06-09,2024-12-01,,25.2278895450697,78.68910956653097,Contractor_022,Agency_19,In Progress,normal,0,0.846,-1.3,185
P00094,Health Facility Project 0094,West Bengal,Howrah,MP_499,Health Facility,2613000.0,2098000.0,2098000.0,88.9,2025-09-19,2025-09-29,2026-08-14,,24.89445239209779,79.47877617934107,Contractor_042,Agency_09,In Progress,normal,0,0.803,-8.6,329
P00095,School Building Project 0095,Tamil Nadu,Coimbatore,MP_011,School Building,1913000.0,1627000.0,1279000.0,63.8,2024-04-16,2024-04-26,2024-10-23,,13.30349405928728,88.10739816637144,Contractor_057,Agency_18,In Progress,normal,0,0.669,3.1,190
P00096,Sports Facility Project 0096,West Bengal,Kolkata,MP_372,Sports Facility,998000.0,672000.0,603000.0,64.6,2025-07-21,2025-07-31,2026-01-19,,13.425078124443997,83.43316489202424,Contractor_033,Agency_15,In Progress,normal,0,0.604,-4.2,182
P00097,Street Lighting Project 0097,West Bengal,Malda,MP_220,Street Lighting,606000.0,504000.0,504000.0,95.0,2025-06-02,2025-06-12,2026-02-18,2026-02-25,19.17434167006665,91.84577986383212,Contractor_043,Agency_18,Completed,geo,1,0.832,-11.8,261
P00098,Community Hall Project 0098,Gujarat,Vadodara,MP_270,Community Hall,3808000.0,3558000.0,3269000.0,20.92145193912863,2025-01-12,2025-01-22,2025-11-30,,16.820070687535896,77.53525901516458,Contractor_025,Agency_19,In Progress,progress_mismatch,1,0.858,64.9,322
P00099,Community Hall Project 0099,Gujarat,Rajkot,MP_265,Community Hall,3935000.0,3483000.0,2866000.0,67.5,2025-12-17,2025-12-27,2026-04-20,,14.397837924644282,85.46742004831395,Contractor_039,Agency_06,In Progress,normal,0,0.728,5.3,124
P00100,Drinking Water Project 0100,Maharashtra,Nagpur,MP_093,Drinking Water,1320000.0,856000.0,856000.0,62.0,2025-05-13,2025-05-23,2026-02-15,,16.872153188057844,88.4907145464789,Contractor_009,Agency_17,In Progress,normal,0,0.648,2.8,278
P00101,Street Lighting Project 0101,Karnataka,Bengaluru Urban,MP_085,Street Lighting,439000.0,319000.0,147000.0,37.0,2025-10-20,2025-10-30,2026-11-26,,24.187447970022426,91.17143549178242,Contractor_018,Agency_20,Delayed,normal,0,0.335,-3.5,402
P00102,Sports Facility Project 0102,Odisha,Khordha,MP_062,Sports Facility,2519000.0,1692000.0,1692000.0,74.4,2024-04-27,2024-05-07,2024-12-22,,12.749994604208357,81.08520881465715,Contractor_031,Agency_12,In Progress,normal,0,0.672,-7.2,239
P00103,Community Hall Project 0103,Karnataka,Belagavi,MP_401,Community Hall,2958000.0,2947000.0,2572000.0,99.0,2025-08-06,2025-08-16,2026-06-17,2026-09-13,16.412820800828726,81.83193593958396,Contractor_011,Agency_09,Completed,normal,0,0.87,-12.0,315
P00104,Community Hall Project 0104,Karnataka,Bengaluru Urban,MP_230,Community Hall,2060000.0,1863000.0,952000.0,21.591892852589325,2025-07-25,2025-08-04,2026-08-28,2027-11-12,27.519576115410015,88.56751079008592,Contractor_011,Agency_10,Delayed,delay,1,0.462,24.6,399
P00105,School Building Project 0105,Karnataka,Dharwad,MP_038,School Building,5456000.0,3237000.0,3237000.0,64.1,2024-05-02,2024-05-12,2024-10-31,,8.213383599475202,81.33906986194641,Contractor_052,Agency_16,In Progress,normal,0,0.593,-4.8,182
P00106,Community Hall Project 0106,Telangana,Hyderabad,MP_453,Community Hall,3469000.0,2170000.0,2170000.0,66.6,2025-07-08,2025-07-18,2026-01-02,,29.33535688578469,74.536570333005,Contractor_026,Agency_08,In Progress,normal,0,0.626,-4.0,178
P00107,Street Lighting Project 0107,Kerala,Thrissur,MP_203,Street Lighting,1203000.0,935000.0,858000.0,72.1,2024-08-06,2024-08-16,2025-02-14,,13.576187009023387,87.57951804931363,Contractor_058,Agency_03,In Progress,normal,0,0.713,-0.8,192
P00108,Community Hall Project 0108,West Bengal,Kolkata,MP_076,Community Hall,1526000.0,1405000.0,1331000.0,76.0,2024-05-29,2024-06-08,2025-06-04,,19.777221285792265,80.47977989860206,Contractor_012,Agency_18,In Progress,normal,0,0.872,11.2,371
P00109,Sports Facility Project 0109,Gujarat,Rajkot,MP_405,Sports Facility,1142000.0,742000.0,685000.0,64.0,2026-01-11,2026-01-21,2026-07-03,,22.413446227052397,89.10522911180796,Contractor_023,Agency_15,In Progress,normal,0,0.6,-4.0,173
P00110,Drinking Water Project 0110,Tamil Nadu,Chennai,MP_417,Drinking Water,1703000.0,1309000.0,1154000.0,69.4,2024-02-12,2024-02-22,2024-08-05,,22.67955515156314,80.33031572097065,Contractor_046,Agency_06,In Progress,normal,0,0.678,-1.6,175
P00111,School Building Project 0111,Andhra Pradesh,Visakhapatnam,MP_117,School Building,4038000.0,3450000.0,2950000.0,85.9,2024-09-24,2024-10-04,2024-12-26,,24.874301691296825,76.10481496835305,Contractor_051,Agency_18,In Progress,normal,0,0.731,-12.8,93
P00112,Health Facility Project 0112,Telangana,Warangal,MP_108,Health Facility,4742000.0,2735000.0,2735000.0,100.0,2025-02-08,2025-02-18,2025-10-09,2025-10-09,13.72358106488738,74.66330801785652,Contractor_025,Agency_05,Completed,normal,0,0.577,-42.3,243
P00113,Drinking Water Project 0113,Andhra Pradesh,Krishna,MP_031,Drinking Water,769000.0,721000.0,421000.0,57.2,2024-05-29,2024-06-08,2024-11-15,,15.032025174896756,84.78760433336741,Contractor_026,Agency_05,Delayed,normal,0,0.547,-2.5,170
P00114,Road Project 0114,Rajasthan,Kota,MP_068,Road,1020000.0,610000.0,340000.0,32.2,2026-03-01,2026-03-11,2026-10-11,,27.660205085397624,88.93221539311287,Contractor_042,Agency_11,Delayed,normal,0,0.333,1.1,224
P00115,Drinking Water Project 0115,Andhra Pradesh,Tirupati,MP_444,Drinking Water,1303000.0,907000.0,791000.0,59.3,2024-02-07,2024-02-17,2025-03-05,,33.44876091263133,82.57306302815104,Contractor_032,Agency_10,In Progress,normal,0,0.607,1.4,392
P00116,Sports Facility Project 0116,Karnataka,Dharwad,MP_107,Sports Facility,1614000.0,1312000.0,1109000.0,72.6,2024-11-19,2024-11-29,2025-04-29,,30.546530843340317,84.36875708932402,Contractor_035,Agency_08,Delayed,normal,0,0.687,-3.9,161
P00117,Drinking Water Project 0117,Odisha,Cuttack,MP_182,Drinking Water,1766000.0,1708000.0,551000.0,32.2,2025-01-01,2025-01-11,2025-12-12,,22.85270314505511,81.84399464670501,Contractor_018,Agency_14,In Progress,normal,0,0.312,-1.0,345
P00118,Community Hall Project 0118,Maharashtra,Nashik,MP_398,Community Hall,12422000.0,12422000.0,10468000.0,100.0,2024-09-29,2024-10-09,2025-06-11,2025-07-21,13.735105492051705,83.84091372938218,Contractor_046,Agency_16,Completed,financial,1,0.843,-15.7,255
P00119,Drinking Water Project 0119,Kerala,Kozhikode,MP_521,Drinking Water,2355000.0,1928000.0,1734000.0,85.1,2025-12-03,2025-12-13,2026-10-05,,32.036630334072086,84.1637549900548,Contractor_059,Agency_01,In Progress,normal,0,0.736,-11.5,306
P00120,Sports Facility Project 0120,Odisha,Khordha,MP_274,Sports Facility,1994000.0,1121000.0,1121000.0,98.3,2025-08-01,2025-08-11,2026-01-17,2026-04-05,8.341206207933388,88.27566430737326,Contractor_057,Agency_07,Completed,normal,0,0.562,-42.1,169
P00121,Sports Facility Project 0121,Rajasthan,Kota,MP_274,Sports Facility,2000000.0,1343000.0,1276000.0,22.333520689886715,2024-11-13,2024-11-23,2025-04-01,,33.107731599828774,91.77888226199865,Contractor_048,Agency_18,In Progress,progress_mismatch,1,0.638,41.5,139
P00122,Sports Facility Project 0122,Rajasthan,Jaipur,MP_265,Sports Facility,2720000.0,1954000.0,475000.0,16.0,2025-05-20,2025-05-30,2026-01-31,,33.539322845000385,84.72278632378263,Contractor_050,Agency_09,In Progress,contractor_pattern,1,0.175,1.5,256
P00123,Road Project 0123,Gujarat,Surat,MP_168,Road,1060000.0,962000.0,567000.0,57.1,2024-12-20,2024-12-30,2025-11-08,,8.81843517262125,83.0050573865911,Contractor_031,Agency_10,Delayed,normal,0,0.535,-3.6,323
P00124,Street Lighting Project 0124,Tamil Nadu,Madurai,MP_254,Street Lighting,1102000.0,793000.0,357000.0,37.6,2024-05-18,2024-05-28,2025-02-23,,13.729621193658655,75.46454835274659,Contractor_035,Agency_04,In Progress,normal,0,0.324,-5.2,281
P00125,School Building Project 0125,Tamil Nadu,Coimbatore,MP_045,School Building,5763000.0,4220000.0,4220000.0,81.1,2024-03-23,2024-04-02,2024-09-09,,30.68235443792332,85.25784179254123,Contractor_022,Agency_09,In Progress,normal,0,0.732,-7.9,170
P00126,Community Hall Project 0126,Andhra Pradesh,Krishna,MP_389,Community Hall,2604000.0,2596000.0,2245000.0,100.0,2024-01-31,2024-02-10,2024-07-06,2024-09-29,31.497120157878328,73.59327196504371,Contractor_019,Agency_19,Completed,normal,0,0.862,-13.8,157
P00127,Sports Facility Project 0127,West Bengal,Malda,MP_504,Sports Facility,838000.0,776000.0,697000.0,82.3,2024-04-09,2024-04-19,2024-07-30,,18.44861917799886,81.51131788610905,Contractor_055,Agency_02,In Progress,contractor_pattern,1,0.832,0.9,112
P00128,Community Hall Project 0128,Andhra Pradesh,Tirupati,MP_478,Community Hall,1568000.0,1064000.0,650000.0,47.2,2024-09-21,2024-10-01,2025-07-30,,29.614494822302927,92.02277129928434,Contractor_031,Agency_17,In Progress,contractor_pattern,1,0.415,-5.7,312
P00129,Street Lighting Project 0129,Maharashtra,Aurangabad,MP_535,Street Lighting,1255000.0,998000.0,998000.0,75.9,2024-04-17,2024-04-27,2024-09-25,,20.659810448372024,81.73679638645655,Contractor_052,Agency_08,Delayed,normal,0,0.795,3.6,161
P00130,School Building Project 0130,Karnataka,Mysuru,MP_512,School Building,1904000.0,1114000.0,1114000.0,79.4,2024-11-28,2024-12-08,2025-04-30,,9.107540340358028,75.8189621580861,Contractor_052,Agency_05,Delayed,normal,0,0.585,-20.9,153
P00131,Health Facility Project 0131,Karnataka,Dharwad,MP_028,Health Facility,3063000.0,2975000.0,1156000.0,41.0,2024-07-04,2024-07-14,2025-04-05,,9.833874750525998,76.56345997362827,Contractor_009,Agency_12,In Progress,normal,0,0.377,-3.3,275
P00132,School Building Project 0132,Maharashtra,Aurangabad,MP_476,School Building,4317000.0,2767000.0,2767000.0,62.8,2025-04-01,2025-04-11,2026-01-31,,17.17584001452008,74.4934653590017,Contractor_029,Agency_05,Delayed,normal,0,0.641,1.3,305
P00133,Street Lighting Project 0133,Tamil Nadu,Coimbatore,MP_177,Street Lighting,754000.0,676000.0,460000.0,67.4,2026-03-14,2026-03-24,2027-01-01,,25.559617582870253,81.30824298681911,Contractor_049,Agency_05,In Progress,normal,0,0.61,-6.4,293
P00134,Sports Facility Project 0134,West Bengal,Darjeeling,MP_286,Sports Facility,2854000.0,1811000.0,1509000.0,52.9,2024-05-23,2024-06-02,2025-02-12,,19.466021224942057,92.39733487802624,Contractor_006,Agency_10,In Progress,normal,0,0.529,0.0,265
P00135,Sports Facility Project 0135,Kerala,Kozhikode,MP_028,Sports Facility,854000.0,698000.0,698000.0,100.0,2024-12-24,2025-01-03,2025-10-11,2026-03-22,20.30033103852694,90.45575635749583,Contractor_017,Agency_10,Completed,normal,0,0.817,-18.3,291
P00136,Health Facility Project 0136,West Bengal,Kolkata,MP_471,Health Facility,3593000.0,3240000.0,3240000.0,100.0,2025-11-29,2025-12-09,2026-05-01,2026-06-09,17.169979778766304,85.81808596845076,Contractor_041,Agency_14,Completed,contractor_pattern,1,0.902,-9.8,153
P00137,Street Lighting Project 0137,Gujarat,Rajkot,MP_253,Street Lighting,810000.0,742000.0,632000.0,72.9,2024-11-11,2024-11-21,2025-07-20,,27.42625914375008,75.29687234985725,Contractor_024,Agency_04,In Progress,normal,0,0.78,5.1,251
P00138,Road Project 0138,Maharashtra,Nashik,MP_085,Road,2768000.0,1862000.0,1862000.0,100.0,2025-09-27,2025-10-07,2026-09-16,2027-01-22,15.716299901808416,83.1819488097205,Contractor_012,Agency_18,Completed,normal,0,0.673,-32.7,354
P00139,School Building Project 0139,West Bengal,Malda,MP_151,School Building,2288000.0,1627000.0,855000.0,41.8,2025-08-24,2025-09-03,2026-03-30,,11.483725916889211,83.5947458997835,Contractor_050,Agency_15,In Progress,normal,0,0.374,-4.4,218
P00140,Community Hall Project 0140,Andhra Pradesh,Guntur,MP_452,Community Hall,3347000.0,2967000.0,2889000.0,87.7,2025-02-12,2025-02-22,2025-10-04,,17.508912484571894,76.19184041307247,Contractor_014,Agency_10,In Progress,normal,0,0.863,-1.4,234
P00141,Health Facility Project 0141,Maharashtra,Nagpur,MP_242,Health Facility,4007000.0,2770000.0,2669000.0,74.9,2024-07-23,2024-08-02,2024-10-25,,17.727239306596992,77.37274579988694,Contractor_033,Agency_16,In Progress,normal,0,0.666,-8.3,94
P00142,Community Hall Project 0142,Telangana,Karimnagar,MP_490,Community Hall,2929000.0,2754000.0,1336000.0,44.1,2025-02-27,2025-03-09,2025-10-20,,28.619448385436655,81.82644154324758,Contractor_046,Agency_02,In Progress,normal,0,0.456,1.5,235
P00143,Street Lighting Project 0143,West Bengal,Kolkata,MP_461,Street Lighting,893000.0,655000.0,655000.0,78.8,2025-02-09,2025-02-19,2025-12-08,,14.009583785523073,88.40149858340068,Contractor_005,Agency_17,Delayed,normal,0,0.733,-5.5,302
P00144,Street Lighting Project 0144,West Bengal,Malda,MP_334,Street Lighting,1368000.0,946000.0,946000.0,77.2,2026-01-11,2026-01-21,2027-01-07,,17.091734871999737,83.72863528125272,Contractor_037,Agency_06,In Progress,normal,0,0.692,-8.0,361
P00145,School Building Project 0145,Karnataka,Bengaluru Urban,MP_375,School Building,1761000.0,1721000.0,1239000.0,64.0,2024-06-14,2024-06-24,2024-09-13,,12.726925961740466,88.77736638990879,Contractor_059,Agency_06,In Progress,normal,0,0.704,6.4,91
P00146,Health Facility Project 0146,Gujarat,Rajkot,MP_531,Health Facility,3711000.0,3401000.0,1776000.0,51.3,2024-04-29,2024-05-09,2024-11-17,,19.292891887421234,81.26380874619885,Contractor_042,Agency_06,In Progress,normal,0,0.479,-3.4,202
P00147,Street Lighting Project 0147,West Bengal,Malda,MP_315,Street Lighting,754000.0,698000.0,284000.0,44.2,2025-10-18,2025-10-28,2026-07-23,,9.197023193533623,76.81836185942753,Contractor_054,Agency_11,In Progress,normal,0,0.377,-6.5,278
P00148,Health Facility Project 0148,West Bengal,Malda,MP_108,Health Facility,2581000.0,2287000.0,478000.0,20.4,2024-03-16,2024-03-26,2024-08-10,,20.56896052999199,89.76392547275708,Contractor_032,Agency_13,In Progress,normal,0,0.185,-1.9,147
P00149,Road Project 0149,West Bengal,Darjeeling,MP_402,Road,1706000.0,1248000.0,1217000.0,77.2,2026-04-15,2026-04-25,2027-06-06,,10.722930334092432,81.97098183273296,Contractor_008,Agency_05,In Progress,normal,0,0.713,-5.9,417
P00150,Community Hall Project 0150,Andhra Pradesh,Guntur,MP_147,Community Hall,1868000.0,1697000.0,1370000.0,67.2,2025-01-29,2025-02-08,2025-11-25,,14.77199143303066,75.37375430191348,Contractor_002,Agency_19,In Progress,normal,0,0.733,6.1,300
P00151,Sports Facility Project 0151,Kerala,Kozhikode,MP_352,Sports Facility,2647000.0,1931000.0,1678000.0,33.49644508172115,2024-07-09,2024-07-19,2025-06-23,,13.642107223008793,90.86443266746961,Contractor_037,Agency_18,In Progress,progress_mismatch,1,0.634,29.9,349
P00152,Road Project 0152,Karnataka,Dharwad,MP_418,Road,911000.0,857000.0,426000.0,45.2,2024-07-12,2024-07-22,2025-04-05,,28.345629546591436,91.2825268874291,Contractor_007,Agency_15,In Progress,normal,0,0.468,1.6,267
P00153,Road Project 0153,Gujarat,Surat,MP_159,Road,1960000.0,1735000.0,1735000.0,83.1,2026-01-15,2026-01-25,2026-11-05,,14.34913405754115,82.656923752211,Contractor_041,Agency_11,In Progress,normal,0,0.885,5.4,294
P00154,Sports Facility Project 0154,Kerala,Thrissur,MP_373,Sports Facility,2510000.0,2412000.0,2412000.0,100.0,2024-12-01,2024-12-11,2025-06-04,2025-06-25,13.064080033953333,88.44559871993765,Contractor_028,Agency_20,Completed,normal,0,0.961,-3.9,185
P00155,Health Facility Project 0155,Telangana,Nizamabad,MP_543,Health Facility,4937000.0,3497000.0,3416000.0,69.7,2026-02-19,2026-03-01,2026-06-12,,18.839272788868392,90.03567308163927,Contractor_006,Agency_06,In Progress,normal,0,0.692,-0.5,113
P00156,Street Lighting Project 0156,Kerala,Kollam,MP_186,Street Lighting,3156000.0,3156000.0,2907000.0,81.9,2024-11-21,2024-12-01,2025-04-28,,25.18880382454693,89.12598909989696,Contractor_057,Agency_01,In Progress,financial,1,0.921,10.2,158
P00157,Sports Facility Project 0157,Tamil Nadu,Chennai,MP_476,Sports Facility,1996000.0,1543000.0,1104000.0,57.9,2025-08-28,2025-09-07,2026-08-23,,18.42805487241215,91.4139360958813,Contractor_053,Agency_02,In Progress,normal,0,0.553,-2.6,360
P00158,Drinking Water Project 0158,Maharashtra,Nashik,MP_293,Drinking Water,2233000.0,1978000.0,1551000.0,75.9,2024-08-06,2024-08-16,2025-05-03,,14.539053369270508,77.2687768442909,Contractor_025,Agency_01,In Progress,normal,0,0.695,-6.4,270
P00159,Drinking Water Project 0159,Maharashtra,Aurangabad,MP_248,Drinking Water,1771000.0,1567000.0,1358000.0,77.2,2025-08-26,2025-09-05,2026-01-03,,13.399602365123485,90.28356216129441,Contractor_051,Agency_17,In Progress,normal,0,0.767,-0.5,130
P00160,Sports Facility Project 0160,Telangana,Warangal,MP_183,Sports Facility,1024000.0,1011000.0,863000.0,74.8,2025-05-06,2025-05-16,2026-05-03,,13.663721817430806,74.48202754269278,Contractor_012,Agency_03,In Progress,normal,0,0.843,9.5,362
P00161,Road Project 0161,Maharashtra,Pune,MP_426,Road,963000.0,587000.0,506000.0,51.3,2026-04-21,2026-05-01,2026-08-17,,30.96011681448686,85.34165704974187,Contractor_027,Agency_11,In Progress,normal,0,0.525,1.2,118
P00162,Community Hall Project 0162,Gujarat,Vadodara,MP_144,Community Hall,2038000.0,1550000.0,1505000.0,67.8,2025-01-15,2025-01-25,2025-12-28,,14.555887838007251,89.37298900509035,Contractor_042,Agency_07,In Progress,normal,0,0.738,6.0,347
P00163,Street Lighting Project 0163,Gujarat,Vadodara,MP_379,Street Lighting,393000.0,351000.0,220000.0,61.2,2025-12-28,2026-01-07,2026-08-24,,15.8114955847798,83.96290934660952,Contractor_015,Agency_06,In Progress,normal,0,0.56,-5.2,239
P00164,School Building Project 0164,Maharashtra,Nashik,MP_372,School Building,4247000.0,3528000.0,3228000.0,35.54222143438069,2025-06-12,2025-06-22,2026-04-01,,10.111020260658623,81.54740907980022,Contractor_004,Agency_09,In Progress,progress_mismatch,1,0.76,40.5,293
P00165,Sports Facility Project 0165,Tamil Nadu,Chennai,MP_260,Sports Facility,1714000.0,1516000.0,1147000.0,62.1,2024-07-08,2024-07-18,2025-08-19,,24.188760245994718,91.07381804168332,Contractor_056,Agency_10,Delayed,normal,0,0.669,4.8,407
P00166,Street Lighting Project 0166,Gujarat,Vadodara,MP_507,Street Lighting,1185000.0,690000.0,690000.0,74.1,2025-05-26,2025-06-05,2026-02-09,,20.28266979511374,91.7515597729871,Contractor_031,Agency_10,In Progress,normal,0,0.582,-15.9,259
P00167,Community Hall Project 0167,Kerala,Ernakulam,MP_404,Community Hall,1286000.0,708000.0,708000.0,78.0,2024-07-03,2024-07-13,2025-03-27,,22.90555891272605,75.75480588318683,Contractor_007,Agency_19,In Progress,normal,0,0.551,-22.9,267
P00168,Community Hall Project 0168,Gujarat,Ahmedabad,MP_127,Community Hall,1979000.0,1660000.0,1344000.0,63.0,2025-06-16,2025-06-26,2025-11-03,,21.105408952284485,87.67064432471449,Contractor_031,Agency_17,In Progress,contractor_pattern,1,0.679,4.9,140
P00169,Health Facility Project 0169,Maharashtra,Aurangabad,MP_547,Health Facility,2148000.0,1423000.0,1423000.0,75.7,2024-07-09,2024-07-19,2025-06-11,,21.790749369147537,85.35273876324054,Contractor_044,Agency_18,In Progress,normal,0,0.662,-9.5,337
P00170,Community Hall Project 0170,Tamil Nadu,Salem,MP_543,Community Hall,2586000.0,2391000.0,2205000.0,86.8,2024-06-22,2024-07-02,2024-12-08,,31.577555717741685,88.50927722759555,Contractor_058,Agency_06,In Progress,normal,0,0.853,-1.5,169
P00171,Street Lighting Project 0171,Telangana,Warangal,MP_413,Street Lighting,973000.0,756000.0,727000.0,76.8,2025-04-10,2025-04-20,2026-02-17,,16.731466521215893,75.2190740454582,Contractor_026,Agency_04,In Progress,normal,0,0.747,-2.1,313
P00172,Sports Facility Project 0172,Kerala,Kollam,MP_174,Sports Facility,1224000.0,1091000.0,497000.0,51.8852076598344,2025-01-14,2025-01-24,2026-03-02,2027-05-08,25.12151981335729,78.14561460447901,Contractor_042,Agency_02,Delayed,delay,1,0.406,-11.3,412
P00173,Sports Facility Project 0173,Telangana,Hyderabad,MP_245,Sports Facility,750000.0,699000.0,646000.0,21.255202760928,2025-05-09,2025-05-19,2025-10-21,,10.052366272889182,88.59449455420187,Contractor_038,Agency_18,In Progress,progress_mismatch,1,0.861,64.8,165
P00174,Drinking Water Project 0174,Andhra Pradesh,Guntur,MP_363,Drinking Water,2308000.0,1840000.0,1623000.0,77.2,2024-05-31,2024-06-10,2025-05-22,,23.665211661362328,91.572337922268,Contractor_053,Agency_10,In Progress,normal,0,0.703,-6.9,356
P00175,Sports Facility Project 0175,Kerala,Kozhikode,MP_392,Sports Facility,1527000.0,994000.0,994000.0,87.9,2025-02-09,2025-02-19,2025-10-16,,19.530805640713115,85.4513861487074,Contractor_015,Agency_13,In Progress,normal,0,0.651,-22.8,249
P00176,Drinking Water Project 0176,Odisha,Sambalpur,MP_136,Drinking Water,1923000.0,1147000.0,1086000.0,54.8,2025-11-19,2025-11-29,2026-10-04,,13.96863027860201,81.70690915430625,Contractor_010,Agency_09,In Progress,normal,0,0.565,1.7,319
P00177,Road Project 0177,Telangana,Hyderabad,MP_509,Road,2837000.0,1817000.0,1817000.0,85.3,2025-12-01,2025-12-11,2026-06-09,,8.510938065810869,87.80778207617962,Contractor_043,Agency_20,In Progress,normal,0,0.64,-21.3,190
P00178,School Building Project 0178,Andhra Pradesh,Tirupati,MP_339,School Building,3976000.0,2327000.0,322000.0,7.8,2026-04-05,2026-04-15,2027-05-09,,22.953522994244615,75.74087962590507,Contractor_040,Agency_15,In Progress,normal,0,0.081,0.3,399
P00179,Street Lighting Project 0179,West Bengal,Kolkata,MP_534,Street Lighting,1319000.0,1006000.0,947000.0,24.287460553018093,2025-09-12,2025-09-22,2026-10-13,,17.7199046751489,76.1611862474135,Contractor_023,Agency_05,In Progress,progress_mismatch,1,0.718,47.5,396
P00180,Street Lighting Project 0180,West Bengal,Howrah,MP_469,Street Lighting,1181000.0,764000.0,764000.0,52.749274093964935,2026-03-12,2026-03-22,2026-08-14,2027-02-12,24.161443787956994,91.04807566400939,Contractor_008,Agency_06,Delayed,delay,1,0.647,12.0,155
P00181,Street Lighting Project 0181,Telangana,Nizamabad,MP_040,Street Lighting,481000.0,284000.0,254000.0,55.5,2026-04-19,2026-04-29,2026-10-28,,27.647283534814058,78.34542352822073,Contractor_031,Agency_07,Delayed,normal,0,0.528,-2.7,192
P00182,Health Facility Project 0182,Telangana,Karimnagar,MP_064,Health Facility,4371000.0,3282000.0,2081000.0,45.5,2025-03-18,2025-03-28,2025-08-17,,20.82304192343458,75.50445156586352,Contractor_017,Agency_04,In Progress,normal,0,0.476,2.1,152
P00183,Road Project 0183,Andhra Pradesh,Visakhapatnam,MP_288,Road,1431000.0,877000.0,872000.0,62.5,2024-02-10,2024-02-20,2024-11-04,,9.026724605956971,84.86484490939668,Contractor_019,Agency_08,In Progress,normal,0,0.609,-1.6,268
P00184,Health Facility Project 0184,Maharashtra,Nashik,MP_446,Health Facility,1055000.0,698000.0,698000.0,82.8,2024-04-02,2024-04-12,2025-03-10,,21.885382433759435,84.4516087303554,Contractor_009,Agency_01,In Progress,normal,0,0.662,-16.6,342
P00185,Health Facility Project 0185,Odisha,Ganjam,MP_013,Health Facility,2685000.0,1598000.0,1598000.0,80.6,2024-10-20,2024-10-30,2025-05-05,,27.907176936039637,78.33919025526781,Contractor_047,Agency_16,In Progress,normal,0,0.595,-21.1,197
P00186,School Building Project 0186,Kerala,Thrissur,MP_081,School Building,5915000.0,3366000.0,3366000.0,57.4,2026-02-28,2026-03-10,2026-11-21,,33.68130415211671,73.02136303558093,Contractor_005,Agency_10,In Progress,normal,0,0.569,-0.5,266
P00187,Drinking Water Project 0187,Andhra Pradesh,Tirupati,MP_029,Drinking Water,1460000.0,1446000.0,1123000.0,86.5,2024-10-02,2024-10-12,2025-03-09,,15.057882862496694,82.6804653499781,Contractor_003,Agency_02,Delayed,normal,0,0.769,-9.6,158
P00188,Road Project 0188,Kerala,Kozhikode,MP_473,Road,1905000.0,1880000.0,1428000.0,74.9,2026-03-01,2026-03-11,2027-01-24,,15.410774238110891,89.63841219567405,Contractor_052,Agency_08,In Progress,normal,0,0.75,0.1,329
P00189,Sports Facility Project 0189,Maharashtra,Nashik,MP_111,Sports Facility,1129000.0,774000.0,691000.0,63.3,2026-04-10,2026-04-20,2027-01-10,,12.87809363615899,86.06129249763622,Contractor_023,Agency_06,In Progress,normal,0,0.612,-2.1,275
P00190,Community Hall Project 0190,Kerala,Kozhikode,MP_315,Community Hall,3150000.0,2394000.0,1451000.0,41.7,2024-10-23,2024-11-02,2025-02-08,,21.58388996406715,90.97008731884738,Contractor_045,Agency_01,In Progress,geo,1,0.461,4.4,108
P00191,Drinking Water Project 0191,Kerala,Kozhikode,MP_516,Drinking Water,977000.0,866000.0,781000.0,73.2,2024-04-15,2024-04-25,2025-05-09,,26.527267154188994,86.82901487616687,Contractor_042,Agency_20,In Progress,normal,0,0.799,6.7,389
P00192,Drinking Water Project 0192,Tamil Nadu,Coimbatore,MP_008,Drinking Water,1538000.0,1215000.0,1084000.0,68.2,2024-05-18,2024-05-28,2024-12-08,,15.02601636778855,73.4832921261258,Contractor_057,Agency_03,In Progress,normal,0,0.705,2.3,204
P00193,Community Hall Project 0193,West Bengal,Kolkata,MP_212,Community Hall,1098000.0,742000.0,462000.0,43.7,2024-08-20,2024-08-30,2025-04-05,,16.660436195092164,74.47667929927678,Contractor_037,Agency_01,In Progress,normal,0,0.421,-1.6,228
P00194,Community Hall Project 0194,Karnataka,Bengaluru Urban,MP_174,Community Hall,3972000.0,3844000.0,2803000.0,69.9,2025-10-05,2025-10-15,2026-11-06,,27.930722548662335,89.4165926801324,Contractor_029,Agency_18,In Progress,normal,0,0.706,0.7,397
P00195,Road Project 0195,Andhra Pradesh,Krishna,MP_547,Road,2574000.0,1773000.0,1228000.0,54.3,2025-10-13,2025-10-23,2026-11-12,,10.606389357367643,85.69334703247901,Contractor_009,Agency_01,In Progress,normal,0,0.477,-6.6,395
P00196,Health Facility Project 0196,Odisha,Sambalpur,MP_228,Health Facility,3410000.0,3190000.0,1732000.0,54.4,2025-11-10,2025-11-20,2026-12-28,,19.763975059336087,77.95122643102881,Contractor_041,Agency_08,In Progress,contractor_pattern,1,0.508,-3.6,413
P00197,Road Project 0197,Rajasthan,Jodhpur,MP_277,Road,1395000.0,1328000.0,1177000.0,89.0,2026-01-17,2026-01-27,2026-12-17,,14.84020567682277,82.65305063096213,Contractor_003,Agency_04,In Progress,normal,0,0.844,-4.6,334
P00198,Street Lighting Project 0198,West Bengal,Howrah,MP_432,Street Lighting,796000.0,733000.0,673000.0,74.2,2025-04-25,2025-05-05,2025-07-26,,29.823923114621845,75.51365773186252,Contractor_056,Agency_11,In Progress,normal,0,0.845,10.3,92
P00199,School Building Project 0199,Kerala,Ernakulam,MP_311,School Building,4129000.0,2760000.0,2363000.0,64.7,2025-11-26,2025-12-06,2026-06-20,,9.718292263176739,84.53754945748284,Contractor_011,Agency_17,In Progress,normal,0,0.572,-7.5,206
P00200,Drinking Water Project 0200,Telangana,Hyderabad,MP_493,Drinking Water,1017000.0,863000.0,614000.0,53.4,2025-03-11,2025-03-21,2025-09-03,,16.5402598166197,84.33517249813025,Contractor_021,Agency_15,In Progress,normal,0,0.604,7.0,176
P00201,Drinking Water Project 0201,Tamil Nadu,Coimbatore,MP_266,Drinking Water,708000.0,708000.0,667000.0,84.7,2024-05-12,2024-05-22,2024-11-02,,10.464192075506006,74.95757998842411,Contractor_036,Agency_19,In Progress,normal,0,0.942,9.5,174
P00202,Community Hall Project 0202,Odisha,Sambalpur,MP_495,Community Hall,2065000.0,1556000.0,1225000.0,65.4,2024-09-24,2024-10-04,2025-06-22,,26.39602816452341,74.02968241915246,Contractor_036,Agency_01,In Progress,normal,0,0.593,-6.1,271
P00203,Road Project 0203,Andhra Pradesh,Visakhapatnam,MP_482,Road,2242000.0,1328000.0,1203000.0,49.9,2024-10-15,2024-10-25,2025-05-25,,16.46015299743603,79.99321445128561,Contractor_053,Agency_11,In Progress,normal,0,0.537,3.8,222
P00204,Health Facility Project 0204,Tamil Nadu,Coimbatore,MP_145,Health Facility,2476000.0,1645000.0,1645000.0,75.8,2024-02-21,2024-03-02,2025-01-05,,18.214368932114077,79.53859118475594,Contractor_042,Agency_11,In Progress,normal,0,0.664,-9.4,319
P00205,Road Project 0205,Gujarat,Rajkot,MP_437,Road,2093000.0,2061000.0,1540000.0,65.5,2024-11-18,2024-11-28,2025-12-13,,19.270750883906828,86.52670447579804,Contractor_033,Agency_20,In Progress,normal,0,0.736,8.1,390
P00206,Road Project 0206,Rajasthan,Jodhpur,MP_398,Road,2036000.0,1236000.0,1236000.0,72.2,2024-03-19,2024-03-29,2024-07-13,,24.42685884279965,84.826298719213,Contractor_027,Agency_16,In Progress,normal,0,0.607,-11.5,116
P00207,Drinking Water Project 0207,Kerala,Kollam,MP_357,Drinking Water,573000.0,459000.0,459000.0,84.7,2026-01-08,2026-01-18,2026-12-11,,13.053089085530864,79.41266779321256,Contractor_043,Agency_15,In Progress,normal,0,0.801,-4.6,337
P00208,Street Lighting Project 0208,Maharashtra,Pune,MP_535,Street Lighting,1366000.0,1221000.0,668000.0,52.1,2024-03-20,2024-03-30,2024-08-21,,23.951467708716677,78.79104401139779,Contractor_037,Agency_06,In Progress,normal,0,0.489,-3.2,154
P00209,Road Project 0209,Odisha,Khordha,MP_417,Road,895000.0,494000.0,494000.0,97.6,2025-09-11,2025-09-21,2026-03-23,2026-06-03,20.739967438670526,81.33550116845228,Contractor_006,Agency_07,Completed,normal,0,0.552,-42.4,193
P00210,Drinking Water Project 0210,West Bengal,Darjeeling,MP_212,Drinking Water,1696000.0,1618000.0,292000.0,19.7,2025-01-01,2025-01-11,2025-08-08,,17.28470822727877,78.39196576725878,Contractor_017,Agency_04,In Progress,normal,0,0.172,-2.5,219
P00211,Health Facility Project 0211,Andhra Pradesh,Tirupati,MP_045,Health Facility,4677000.0,2641000.0,2180000.0,48.0,2025-02-25,2025-03-07,2026-01-27,,33.639567371376884,76.83740022819536,Contractor_008,Agency_04,In Progress,normal,0,0.466,-1.4,336
P00212,Community Hall Project 0212,Andhra Pradesh,Visakhapatnam,MP_236,Community Hall,10491000.0,10491000.0,10279000.0,96.3,2025-02-27,2025-03-09,2026-01-25,2026-03-20,30.60050015929881,80.0175178058638,Contractor_034,Agency_12,Completed,financial,1,0.98,1.7,332
P00213,Community Hall Project 0213,Odisha,Khordha,MP_037,Community Hall,1207000.0,1059000.0,806000.0,62.6,2024-05-24,2024-06-03,2024-08-22,,29.756679111266163,74.4607891123956,Contractor_019,Agency_01,Delayed,normal,0,0.668,4.2,90
P00214,Drinking Water Project 0214,Rajasthan,Jaipur,MP_269,Drinking Water,969000.0,772000.0,772000.0,80.1,2025-12-26,2026-01-05,2027-01-12,,33.71857203909748,75.67256522363529,Contractor_046,Agency_17,In Progress,contractor_pattern,1,0.797,-0.4,382
P00215,Community Hall Project 0215,Gujarat,Ahmedabad,MP_231,Community Hall,3659000.0,3108000.0,2721000.0,80.1,2025-02-10,2025-02-20,2026-02-08,,21.65323482207625,81.85211301684463,Contractor_041,Agency_07,Delayed,contractor_pattern,1,0.744,-5.7,363
P00216,Health Facility Project 0216,Odisha,Cuttack,MP_074,Health Facility,2460000.0,1519000.0,587000.0,23.2,2024-08-01,2024-08-11,2025-05-07,,30.069794874347707,77.40320630663473,Contractor_027,Agency_04,In Progress,normal,0,0.239,0.7,279
P00217,Road Project 0217,Kerala,Ernakulam,MP_040,Road,2477000.0,2463000.0,2351000.0,31.852604657231346,2024-02-10,2024-02-20,2024-06-14,,27.706742286648538,79.8122470659012,Contractor_034,Agency_01,Delayed,progress_mismatch,1,0.949,63.0,125
P00218,School Building Project 0218,Maharashtra,Nashik,MP_329,School Building,2659000.0,1689000.0,1689000.0,100.0,2026-04-22,2026-05-02,2027-02-07,2027-04-17,27.629290459409148,90.37232159694273,Contractor_024,Agency_17,Completed,normal,0,0.635,-36.5,291
P00219,Drinking Water Project 0219,Karnataka,Bengaluru Urban,MP_537,Drinking Water,1095000.0,765000.0,765000.0,100.0,2025-04-17,2025-04-27,2026-05-11,2026-05-26,22.065889392532597,82.34488531434515,Contractor_021,Agency_03,Completed,normal,0,0.699,-30.1,389
P00220,Sports Facility Project 0220,Maharashtra,Pune,MP_421,Sports Facility,855000.0,829000.0,372000.0,47.8,2025-03-24,2025-04-03,2026-02-24,,31.427174970077562,87.0688792203062,Contractor_007,Agency_02,Delayed,normal,0,0.435,-4.3,337
P00221,Health Facility Project 0221,Telangana,Nizamabad,MP_178,Health Facility,11935000.0,11935000.0,11070000.0,89.4,2025-06-20,2025-06-30,2026-02-19,,32.88986688347411,84.33293125447172,Contractor_012,Agency_14,In Progress,financial,1,0.928,3.4,244
P00222,Street Lighting Project 0222,Tamil Nadu,Coimbatore,MP_265,Street Lighting,1497000.0,931000.0,537000.0,35.5,2025-10-04,2025-10-14,2026-04-23,,9.466110431286245,80.70467383534289,Contractor_052,Agency_12,In Progress,normal,0,0.359,0.4,201
P00223,Community Hall Project 0223,West Bengal,Darjeeling,MP_296,Community Hall,3161000.0,2651000.0,1858000.0,56.7,2025-07-12,2025-07-22,2026-08-18,,10.810788862235974,78.10849950636529,Contractor_051,Agency_11,In Progress,normal,0,0.588,2.1,402
P00224,Drinking Water Project 0224,Gujarat,Rajkot,MP_456,Drinking Water,681000.0,556000.0,252000.0,34.5,2025-07-31,2025-08-10,2026-08-21,,23.45715533159411,79.40411057557412,Contractor_044,Agency_09,Delayed,normal,0,0.37,2.5,386
P00225,Road Project 0225,Rajasthan,Kota,MP_107,Road,1943000.0,1391000.0,1083000.0,62.4,2025-09-06,2025-09-16,2026-04-08,,32.55890609456789,82.70203721820323,Contractor_060,Agency_05,Delayed,normal,0,0.557,-6.7,214
P00226,School Building Project 0226,Gujarat,Ahmedabad,MP_061,School Building,5171000.0,3736000.0,3736000.0,66.7,2024-10-14,2024-10-24,2025-07-20,,32.94467843497466,80.66233388309037,Contractor_012,Agency_02,In Progress,normal,0,0.722,5.5,279
P00227,Sports Facility Project 0227,Gujarat,Rajkot,MP_275,Sports Facility,1901000.0,1518000.0,1518000.0,88.3,2026-01-21,2026-01-31,2026-11-30,,25.821785876384144,91.51982614209358,Contractor_030,Agency_17,In Progress,normal,0,0.799,-8.4,313
P00228,Health Facility Project 0228,West Bengal,Howrah,MP_255,Health Facility,4761000.0,4626000.0,3126000.0,63.0,2024-02-15,2024-02-25,2025-03-01,,11.281769646960468,74.6157073875497,Contractor_043,Agency_05,In Progress,normal,0,0.657,2.7,380
P00229,Community Hall Project 0229,Maharashtra,Aurangabad,MP_310,Community Hall,11544000.0,11544000.0,10625000.0,55.0,2024-05-03,2024-05-13,2024-12-10,,24.354909574684104,90.76166574009179,Contractor_027,Agency_04,In Progress,financial,1,0.92,37.0,221
P00230,Road Project 0230,Gujarat,Rajkot,MP_380,Road,2624000.0,2189000.0,746000.0,46.4780507406353,2026-02-06,2026-02-16,2026-10-23,2028-02-13,32.918788542344764,84.29495447701848,Contractor_011,Agency_16,Delayed,delay,1,0.284,-18.1,259
P00231,Community Hall Project 0231,Andhra Pradesh,Krishna,MP_138,Community Hall,2529000.0,1968000.0,1968000.0,90.7,2024-01-11,2024-01-21,2025-01-09,,17.88217600409215,91.9046512843862,Contractor_027,Agency_04,In Progress,normal,0,0.778,-12.9,364
P00232,Sports Facility Project 0232,Odisha,Cuttack,MP_157,Sports Facility,1950000.0,1511000.0,1511000.0,69.3,2024-09-06,2024-09-16,2025-03-22,,8.846037237533736,77.89529176012577,Contractor_016,Agency_10,Delayed,normal,0,0.775,8.2,197
P00233,Health Facility Project 0233,Rajasthan,Jaipur,MP_218,Health Facility,3713000.0,3290000.0,3059000.0,79.9,2025-06-09,2025-06-19,2025-12-22,,10.778757878982436,85.66891929918899,Contractor_005,Agency_20,In Progress,normal,0,0.824,2.5,196
P00234,Street Lighting Project 0234,Maharashtra,Pune,MP_384,Street Lighting,1201000.0,1107000.0,1048000.0,84.2,2025-04-18,2025-04-28,2025-10-11,,11.35507005983272,91.03840748624229,Contractor_023,Agency_01,Delayed,normal,0,0.873,3.1,176
P00235,Community Hall Project 0235,Karnataka,Dharwad,MP_092,Community Hall,1584000.0,874000.0,874000.0,47.860090322038744,2024-03-06,2024-03-16,2024-08-10,2025-11-01,18.581168785842344,87.89968844743508,Contractor_039,Agency_18,Delayed,delay,1,0.552,7.3,157
P00236,Sports Facility Project 0236,West Bengal,Darjeeling,MP_519,Sports Facility,1379000.0,1325000.0,487000.0,36.3,2024-04-15,2024-04-25,2025-05-19,,18.809041967861425,85.9144583843562,Contractor_032,Agency_10,In Progress,normal,0,0.353,-1.0,399
P00237,Drinking Water Project 0237,West Bengal,Malda,MP_194,Drinking Water,788000.0,651000.0,280000.0,33.8,2024-01-27,2024-02-06,2024-05-13,,29.33689214744765,82.45818844136188,Contractor_019,Agency_16,In Progress,normal,0,0.355,1.7,107
P00238,Road Project 0238,Telangana,Warangal,MP_483,Road,1234000.0,1157000.0,1157000.0,100.0,2025-02-24,2025-03-06,2025-09-17,2026-01-03,14.091074776103689,91.15012095774725,Contractor_055,Agency_12,Completed,normal,0,0.938,-6.2,205
P00239,Street Lighting Project 0239,Andhra Pradesh,Krishna,MP_274,Street Lighting,711000.0,483000.0,483000.0,29.929620340486686,2025-04-21,2025-05-01,2026-01-30,2026-11-21,24.457920807279123,83.01531752856431,Contractor_012,Agency_09,Delayed,delay,1,0.679,38.0,284
P00240,Street Lighting Project 0240,Karnataka,Mysuru,MP_317,Street Lighting,1288000.0,823000.0,823000.0,93.3,2024-06-26,2024-07-06,2025-08-17,,15.70909909322677,90.15602098060869,Contractor_021,Agency_15,In Progress,normal,0,0.639,-29.4,417
P00241,Road Project 0241,Gujarat,Rajkot,MP_410,Road,2662000.0,2654000.0,2398000.0,82.3,2025-07-18,2025-07-28,2026-02-22,,32.11528419309881,80.50963340553737,Contractor_025,Agency_12,In Progress,normal,0,0.901,7.8,219
P00242,Health Facility Project 0242,Kerala,Ernakulam,MP_271,Health Facility,4363000.0,3178000.0,3083000.0,76.5,2024-07-10,2024-07-20,2024-12-07,,31.295234238562482,74.08826575447485,Contractor_045,Agency_12,In Progress,normal,0,0.707,-5.8,150
P00243,Community Hall Project 0243,Maharashtra,Nagpur,MP_276,Community Hall,2342000.0,1708000.0,747000.0,31.2,2025-06-06,2025-06-16,2025-11-17,,29.300150996918482,87.46383022650959,Contractor_004,Agency_07,In Progress,normal,0,0.319,0.7,164
P00244,Street Lighting Project 0244,Odisha,Sambalpur,MP_132,Street Lighting,484000.0,393000.0,356000.0,68.6,2025-12-26,2026-01-05,2026-07-22,,14.782216126286954,82.82064651591287,Contractor_010,Agency_19,In Progress,normal,0,0.736,5.0,208
P00245,Road Project 0245,Maharashtra,Nagpur,MP_018,Road,2971000.0,2804000.0,2804000.0,87.1,2026-01-14,2026-01-24,2026-10-10,,30.664921031600887,86.33729381264641,Contractor_041,Agency_11,In Progress,normal,0,0.944,7.3,269
P00246,Health Facility Project 0246,Telangana,Warangal,MP_094,Health Facility,3838000.0,2920000.0,2418000.0,68.6,2025-11-21,2025-12-01,2026-06-15,,33.277454041705674,77.59568015147406,Contractor_019,Agency_05,In Progress,normal,0,0.63,-5.6,206
P00247,Road Project 0247,Rajasthan,Jaipur,MP_307,Road,1298000.0,1008000.0,965000.0,28.08371512839465,2026-01-01,2026-01-11,2026-08-18,,29.032142311381993,79.73457448314498,Contractor_041,Agency_09,In Progress,progress_mismatch,1,0.743,46.2,229
P00248,School Building Project 0248,Tamil Nadu,Chennai,MP_002,School Building,5031000.0,3076000.0,3076000.0,63.2,2025-09-21,2025-10-01,2026-10-12,,22.52009095435573,79.31505842126708,Contractor_034,Agency_06,In Progress,normal,0,0.611,-2.1,386
P00249,Health Facility Project 0249,Kerala,Kozhikode,MP_465,Health Facility,3119000.0,2707000.0,2278000.0,83.2,2024-06-03,2024-06-13,2024-12-09,,27.93214961576712,79.83918919336185,Contractor_029,Agency_16,Delayed,normal,0,0.73,-10.2,189
P00250,Health Facility Project 0250,Andhra Pradesh,Guntur,MP_461,Health Facility,2988000.0,1688000.0,1688000.0,100.0,2024-06-07,2024-06-17,2025-02-27,2025-02-27,30.957604903503093,88.49084064025294,Contractor_055,Agency_18,Completed,normal,0,0.565,-43.5,265
P00251,Drinking Water Project 0251,Kerala,Thrissur,MP_174,Drinking Water,1550000.0,1308000.0,724000.0,53.0,2025-07-27,2025-08-06,2026-05-06,,32.57597343615619,81.51625622678789,Contractor_006,Agency_14,In Progress,normal,0,0.467,-6.3,283
P00252,Health Facility Project 0252,Telangana,Karimnagar,MP_415,Health Facility,17998000.0,17998000.0,15857000.0,70.9,2026-04-22,2026-05-02,2026-10-01,,24.933797219937148,82.87815428156952,Contractor_007,Agency_06,In Progress,financial,1,0.881,17.2,162
P00253,Drinking Water Project 0253,Kerala,Ernakulam,MP_381,Drinking Water,707000.0,592000.0,592000.0,100.0,2024-04-09,2024-04-19,2025-03-16,2025-03-18,22.110541942810542,91.21216477394384,Contractor_028,Agency_08,Completed,normal,0,0.837,-16.3,341
P00254,Street Lighting Project 0254,Kerala,Kollam,MP_345,Street Lighting,1188000.0,1182000.0,1182000.0,100.0,2024-03-04,2024-03-14,2024-11-23,2024-12-05,25.73071863105908,87.95382858699028,Contractor_021,Agency_20,Completed,normal,0,0.995,-0.5,264
P00255,Street Lighting Project 0255,Telangana,Warangal,MP_403,Street Lighting,1015000.0,613000.0,317000.0,32.9,2024-02-22,2024-03-03,2024-11-26,,12.476426028532694,73.59029200147678,Contractor_013,Agency_18,Delayed,normal,0,0.312,-1.7,278
P00256,Community Hall Project 0256,Karnataka,Belagavi,MP_240,Community Hall,1085000.0,870000.0,835000.0,26.56270457766295,2024-02-03,2024-02-13,2024-07-26,,15.62547258600329,86.1470782950901,Contractor_037,Agency_02,In Progress,progress_mismatch,1,0.77,50.4,174
P00257,Sports Facility Project 0257,Rajasthan,Kota,MP_405,Sports Facility,2400000.0,1822000.0,1577000.0,60.1,2026-04-13,2026-04-23,2026-12-31,,19.841354589257456,81.86341896877235,Contractor_013,Agency_17,Delayed,normal,0,0.657,5.6,262
P00258,Health Facility Project 0845 - Similar Work,West Bengal,Darjeeling,MP_433,Health Facility,2949000.0,1981000.0,1981000.0,100.0,2025-06-30,2025-07-10,2025-11-29,2026-01-28,17.958689311420446,84.83148342402744,Contractor_046,Agency_05,Completed,duplicate,1,0.672,-32.8,152
P00259,Sports Facility Project 0259,Maharashtra,Nashik,MP_238,Sports Facility,848000.0,759000.0,591000.0,72.2,2024-07-16,2024-07-26,2025-01-13,,16.47759191524728,87.70911698290516,Contractor_017,Agency_19,In Progress,normal,0,0.697,-2.5,181
P00260,Sports Facility Project 0260,Tamil Nadu,Madurai,MP_175,Sports Facility,2420000.0,1830000.0,1830000.0,84.3,2025-01-01,2025-01-11,2025-06-10,,18.90318174257506,75.15236624636017,Contractor_051,Agency_09,In Progress,normal,0,0.756,-8.7,160
P00261,Community Hall Project 0261,Odisha,Ganjam,MP_138,Community Hall,1109000.0,920000.0,283000.0,29.9,2026-03-02,2026-03-12,2026-10-20,,13.793288959871273,78.13649082052618,Contractor_009,Agency_09,In Progress,normal,0,0.255,-4.4,232
P00262,Drinking Water Project 0262,Maharashtra,Nashik,MP_302,Drinking Water,5784000.0,5784000.0,5078000.0,89.2,2024-01-01,2024-01-11,2024-09-01,,8.825117335459689,91.33906464515088,Contractor_024,Agency_03,In Progress,financial,1,0.878,-1.4,244
P00263,School Building Project 0263,West Bengal,Kolkata,MP_049,School Building,5916000.0,4898000.0,2399000.0,35.4,2024-05-04,2024-05-14,2025-03-31,,13.463539181094255,85.0368157705283,Contractor_034,Agency_09,In Progress,normal,0,0.406,5.2,331
P00264,Drinking Water Project 0264,Andhra Pradesh,Krishna,MP_533,Drinking Water,798000.0,797000.0,614000.0,73.7,2026-03-02,2026-03-12,2026-09-06,,32.00990056346991,83.94266543001599,Contractor_037,Agency_15,In Progress,normal,0,0.769,3.2,188
P00265,Drinking Water Project 0265,Rajasthan,Jaipur,MP_470,Drinking Water,1847000.0,1395000.0,1170000.0,68.6,2025-03-29,2025-04-08,2025-09-19,,26.48864162377296,92.48792272298763,Contractor_034,Agency_01,In Progress,normal,0,0.633,-5.3,174
P00266,Road Project 0266,Rajasthan,Jaipur,MP_201,Road,932000.0,760000.0,760000.0,85.9,2025-07-27,2025-08-06,2026-03-30,,23.532796242756568,76.81121600745962,Contractor_055,Agency_12,In Progress,normal,0,0.815,-4.4,246
P00267,Sports Facility Project 0267,West Bengal,Malda,MP_007,Sports Facility,1785000.0,1240000.0,797000.0,48.4,2025-07-20,2025-07-30,2026-05-22,,13.94004210492149,88.83454366517037,Contractor_060,Agency_04,In Progress,normal,0,0.446,-3.8,306
P00268,Health Facility Project 0268,Odisha,Cuttack,MP_085,Health Facility,2298000.0,2089000.0,2089000.0,97.1,2024-12-21,2024-12-31,2026-01-21,2026-03-25,12.017030363261554,90.7849459099296,Contractor_048,Agency_11,Completed,normal,0,0.909,-6.2,396
P00269,Street Lighting Project 0269,Andhra Pradesh,Krishna,MP_534,Street Lighting,314000.0,208000.0,198000.0,58.0,2024-05-13,2024-05-23,2025-03-15,,23.47821158244627,77.79157938580938,Contractor_056,Agency_11,In Progress,normal,0,0.631,5.1,306
P00270,Health Facility Project 0270,Maharashtra,Nagpur,MP_071,Health Facility,3295000.0,2084000.0,2073000.0,60.2,2024-08-28,2024-09-07,2025-02-17,,21.24769724591642,88.92665384330998,Contractor_012,Agency_14,Delayed,normal,0,0.629,2.7,173
P00271,School Building Project 0271,Odisha,Ganjam,MP_334,School Building,5438000.0,4492000.0,3821000.0,79.9,2025-08-31,2025-09-10,2026-07-23,,14.425371053589878,73.90200225511785,Contractor_058,Agency_11,Delayed,normal,0,0.703,-9.6,326
P00272,School Building Project 0272,Gujarat,Ahmedabad,MP_310,School Building,5059000.0,4654000.0,4654000.0,91.8,2025-06-02,2025-06-12,2026-06-13,,25.101938398758932,76.85972505170596,Contractor_052,Agency_20,In Progress,normal,0,0.92,0.2,376
P00273,Street Lighting Project 0273,West Bengal,Kolkata,MP_426,Street Lighting,1013000.0,669000.0,294000.0,33.1,2025-12-05,2025-12-15,2026-07-13,,11.057358214627161,74.27421014922894,Contractor_046,Agency_16,In Progress,normal,0,0.29,-4.1,220
P00274,Community Hall Project 0274,Karnataka,Mysuru,MP_522,Community Hall,3286000.0,2840000.0,2839000.0,81.3,2026-01-25,2026-02-04,2027-01-03,,16.614996163692005,77.34651085613956,Contractor_031,Agency_08,In Progress,contractor_pattern,1,0.864,5.1,343
P00275,Street Lighting Project 0275,Maharashtra,Nashik,MP_473,Street Lighting,985000.0,681000.0,681000.0,74.5,2025-02-07,2025-02-17,2026-02-12,,17.95210776848863,88.34013843836463,Contractor_023,Agency_02,In Progress,normal,0,0.691,-5.4,370
P00276,Community Hall Project 0276,Maharashtra,Nagpur,MP_102,Community Hall,3956000.0,3433000.0,3369000.0,100.0,2024-07-14,2024-07-24,2025-01-19,2025-02-20,17.996758623226974,91.0007515968454,Contractor_041,Agency_16,Completed,normal,0,0.852,-14.8,189
P00277,Community Hall Project 0277,Tamil Nadu,Coimbatore,MP_137,Community Hall,3926000.0,2974000.0,2974000.0,69.2,2025-09-29,2025-10-09,2026-09-14,,10.716653434742952,85.5392737776354,Contractor_002,Agency_16,In Progress,normal,0,0.758,6.6,350
P00278,Sports Facility Project 0278,Odisha,Ganjam,MP_329,Sports Facility,2120000.0,1311000.0,1311000.0,100.0,2025-02-25,2025-03-07,2025-08-10,2025-10-19,14.50747673613466,90.17962477646269,Contractor_020,Agency_08,Completed,normal,0,0.618,-38.2,166
P00279,Sports Facility Project 0279,Telangana,Warangal,MP_531,Sports Facility,1118000.0,983000.0,860000.0,90.0,2024-12-14,2024-12-24,2025-09-05,,26.867831335568525,89.90801903626688,Contractor_001,Agency_19,In Progress,normal,0,0.769,-13.1,265
P00280,Road Project 0280,Odisha,Cuttack,MP_363,Road,10003000.0,10003000.0,9105000.0,88.3,2025-06-03,2025-06-13,2025-11-22,,27.832586871538698,78.96225246826249,Contractor_056,Agency_05,In Progress,financial,1,0.91,2.7,172
P00281,Health Facility Project 0281,Tamil Nadu,Coimbatore,MP_531,Health Facility,4676000.0,4413000.0,3116000.0,60.3,2025-04-09,2025-04-19,2025-11-13,,9.424816233773834,74.35452823653988,Contractor_020,Agency_08,Delayed,normal,0,0.666,6.3,218
P00282,School Building Project 0282,Odisha,Cuttack,MP_353,School Building,5789000.0,3693000.0,3339000.0,60.76385100091733,2024-05-24,2024-06-03,2024-11-25,2025-07-27,16.752037550405397,85.49925535355399,Contractor_027,Agency_04,Delayed,delay,1,0.577,-3.1,185
P00283,School Building Project 0283,Telangana,Karimnagar,MP_348,School Building,2648000.0,2304000.0,1837000.0,70.4,2024-09-13,2024-09-23,2025-05-17,,25.57187033097044,78.05809176486484,Contractor_060,Agency_06,In Progress,normal,0,0.694,-1.0,246
P00284,Sports Facility Project 0284,Odisha,Khordha,MP_298,Sports Facility,1462000.0,1103000.0,1103000.0,93.9,2024-10-09,2024-10-19,2025-04-07,,25.973542806111947,91.39015309207942,Contractor_008,Agency_09,In Progress,normal,0,0.754,-18.5,180
P00285,Drinking Water Project 0285,Karnataka,Dharwad,MP_032,Drinking Water,586000.0,513000.0,494000.0,76.4,2024-03-24,2024-04-03,2024-12-24,,17.91469930615181,78.70608512710753,Contractor_036,Agency_04,In Progress,normal,0,0.843,7.9,275
P00286,Road Project 0286,Tamil Nadu,Salem,MP_473,Road,2619000.0,2194000.0,1043000.0,37.4,2024-02-24,2024-03-05,2024-07-11,,8.221275114334881,84.55086408305667,Contractor_019,Agency_08,In Progress,normal,0,0.398,2.4,138
P00287,Community Hall Project 0287,Rajasthan,Jaipur,MP_172,Community Hall,1995000.0,1160000.0,1160000.0,60.5,2024-06-07,2024-06-17,2025-02-05,,33.080668814924316,75.52291139007686,Contractor_004,Agency_15,In Progress,normal,0,0.581,-2.4,243
P00288,Road Project 0288,Telangana,Nizamabad,MP_543,Road,1012000.0,642000.0,642000.0,63.04859102706747,2025-08-10,2025-08-20,2026-02-14,2027-06-03,26.537647603565784,92.19478382255696,Contractor_029,Agency_14,Delayed,delay,1,0.634,0.4,188
P00289,Road Project 0289,Maharashtra,Pune,MP_142,Road,1602000.0,884000.0,884000.0,73.0,2026-01-06,2026-01-16,2026-12-12,,12.683443704785681,73.84231489899551,Contractor_060,Agency_02,In Progress,normal,0,0.552,-17.8,340
P00290,School Building Project 0290,Gujarat,Vadodara,MP_305,School Building,2145000.0,1458000.0,1055000.0,57.3,2026-01-04,2026-01-14,2026-06-23,,24.915239006834817,80.38346023658451,Contractor_016,Agency_12,In Progress,normal,0,0.492,-8.1,170
P00291,Drinking Water Project 0291,Kerala,Ernakulam,MP_358,Drinking Water,2364000.0,2110000.0,2110000.0,81.1,2024-05-11,2024-05-21,2025-04-10,,18.95096585952755,72.77160164674183,Contractor_015,Agency_02,In Progress,normal,0,0.893,8.2,334
P00292,Sports Facility Project 0292,Karnataka,Bengaluru Urban,MP_081,Sports Facility,1509000.0,1306000.0,1299000.0,83.8,2024-03-22,2024-04-01,2025-01-28,,8.535228395732343,78.25565468654844,Contractor_005,Agency_07,Delayed,normal,0,0.861,2.3,312
P00293,Drinking Water Project 0293,Rajasthan,Jodhpur,MP_373,Drinking Water,2020000.0,1743000.0,1705000.0,77.3,2025-11-21,2025-12-01,2027-01-08,,24.920823401263124,82.27353049187289,Contractor_011,Agency_09,In Progress,normal,0,0.844,7.1,413
P00294,Road Project 0294,Karnataka,Bengaluru Urban,MP_157,Road,1020000.0,636000.0,636000.0,70.9,2025-03-16,2025-03-26,2025-09-01,,16.50967964243773,90.48535881452725,Contractor_057,Agency_12,In Progress,normal,0,0.624,-8.5,169
P00295,Health Facility Project 0642 - Similar Work,West Bengal,Malda,MP_484,Health Facility,1459000.0,1168000.0,1168000.0,87.1,2024-09-11,2024-09-21,2025-06-30,,29.80029640746505,87.9323840928271,Contractor_025,Agency_06,In Progress,duplicate,1,0.801,-7.0,292
P00296,Street Lighting Project 0296,Gujarat,Surat,MP_024,Street Lighting,1265000.0,753000.0,727000.0,56.3,2024-02-01,2024-02-11,2024-07-04,,26.15980202641573,74.12118644260322,Contractor_046,Agency_10,In Progress,contractor_pattern,1,0.575,1.2,154
P00297,Road Project 0297,Rajasthan,Jodhpur,MP_528,Road,1215000.0,1086000.0,499000.0,46.0,2024-07-12,2024-07-22,2025-08-15,,24.75483845837203,86.75654228722313,Contractor_035,Agency_15,In Progress,normal,0,0.411,-4.9,399
P00298,School Building Project 0298,Kerala,Kollam,MP_019,School Building,3900000.0,2713000.0,2713000.0,46.988977192221604,2025-02-14,2025-02-24,2025-10-18,2026-06-21,10.631130502709386,76.47639771498982,Contractor_051,Agency_13,Delayed,delay,1,0.696,22.6,246
P00299,Road Project 0299,Telangana,Nizamabad,MP_319,Road,998000.0,744000.0,744000.0,82.3,2024-12-23,2025-01-02,2025-11-18,,20.764137723468878,91.8326783677563,Contractor_023,Agency_16,Delayed,normal,0,0.745,-7.8,330
P00300,Sports Facility Project 0300,Gujarat,Surat,MP_550,Sports Facility,761000.0,741000.0,366000.0,51.9,2025-02-11,2025-02-21,2026-02-23,,9.421985351121629,73.92533244510642,Contractor_013,Agency_01,In Progress,normal,0,0.481,-3.8,377
P00301,Community Hall Project 0301,Tamil Nadu,Madurai,MP_161,Community Hall,3800000.0,3692000.0,3304000.0,84.0,2024-03-01,2024-03-11,2024-10-21,,27.22647948594884,74.71536257723055,Contractor_006,Agency_02,In Progress,normal,0,0.869,2.9,234
P00302,Community Hall Project 0302,West Bengal,Howrah,MP_466,Community Hall,2302000.0,1999000.0,1269000.0,53.4,2024-01-11,2024-01-21,2024-06-15,,30.098319794560297,82.72817154786792,Contractor_035,Agency_05,In Progress,normal,0,0.551,1.7,156
P00303,Drinking Water Project 0303,Telangana,Karimnagar,MP_289,Drinking Water,552000.0,364000.0,364000.0,100.0,2024-08-21,2024-08-31,2025-03-09,2025-04-18,15.742326259430238,83.01125803759155,Contractor_012,Agency_07,Completed,normal,0,0.659,-34.1,200
P00304,Community Hall Project 0304,West Bengal,Malda,MP_325,Community Hall,1311000.0,1018000.0,929000.0,65.1,2024-05-13,2024-05-23,2024-09-25,,18.331919510871835,73.35077987127609,Contractor_032,Agency_03,In Progress,normal,0,0.709,5.8,135
P00305,Road Project 0305,Rajasthan,Jaipur,MP_373,Road,1890000.0,1343000.0,1232000.0,16.916996330460943,2024-10-06,2024-10-16,2025-07-09,,16.406054995403927,79.55504621614962,Contractor_017,Agency_12,In Progress,progress_mismatch,1,0.652,48.3,276
P00306,Road Project 0306,Rajasthan,Udaipur,MP_243,Road,1527000.0,1317000.0,914000.0,67.2,2024-09-24,2024-10-04,2025-04-24,,9.13668644349546,89.63224614038742,Contractor_001,Agency_04,In Progress,normal,0,0.599,-7.3,212
P00307,Health Facility Project 0307,Maharashtra,Nashik,MP_158,Health Facility,1041000.0,1001000.0,1001000.0,100.0,2024-12-26,2025-01-05,2025-04-05,2025-10-26,31.997651009087267,83.72528184414146,Contractor_032,Agency_05,Completed,normal,0,0.962,-3.8,100
P00308,Sports Facility Project 0308,Kerala,Thrissur,MP_385,Sports Facility,2872000.0,2147000.0,1745000.0,68.2,2025-04-11,2025-04-21,2025-11-18,,8.93126928074208,87.36081802460691,Contractor_055,Agency_19,In Progress,contractor_pattern,1,0.608,-7.4,221
P00309,Health Facility Project 0309,Rajasthan,Jaipur,MP_288,Health Facility,3768000.0,3171000.0,3171000.0,89.1,2024-04-03,2024-04-13,2024-11-24,,30.852164729611772,88.78765382719328,Contractor_025,Agency_11,In Progress,normal,0,0.842,-4.9,235
P00310,Sports Facility Project 0310,Maharashtra,Nagpur,MP_030,Sports Facility,932000.0,789000.0,700000.0,27.190742814022755,2025-03-06,2025-03-16,2025-11-28,,14.187675885280525,84.97662454569108,Contractor_004,Agency_16,In Progress,progress_mismatch,1,0.751,47.9,267
P00311,Road Project 0311,West Bengal,Kolkata,MP_085,Road,2694000.0,1897000.0,1749000.0,66.9,2025-12-23,2026-01-02,2026-07-15,,10.428079602141192,90.09374867684056,Contractor_042,Agency_19,In Progress,normal,0,0.649,-2.0,204
P00312,Health Facility Project 0312,Tamil Nadu,Salem,MP_181,Health Facility,3230000.0,3208000.0,1919000.0,58.3,2025-04-23,2025-05-03,2026-06-13,,8.382802137584658,84.50554030904908,Contractor_019,Agency_06,In Progress,normal,0,0.594,1.1,416
P00313,Road Project 0313,West Bengal,Kolkata,MP_417,Road,1602000.0,1515000.0,1110000.0,65.8,2024-02-04,2024-02-14,2024-12-20,,29.398330963310663,86.3992172614056,Contractor_049,Agency_12,In Progress,normal,0,0.693,3.5,320
P00314,Road Project 0314,Odisha,Khordha,MP_012,Road,2980000.0,2688000.0,1696000.0,50.8,2024-01-30,2024-02-09,2024-05-09,,19.83956019548779,88.33325243921298,Contractor_021,Agency_01,In Progress,normal,0,0.569,6.1,100
P00315,Health Facility Project 0315,Maharashtra,Nagpur,MP_532,Health Facility,4172000.0,3458000.0,2391000.0,60.8,2025-09-30,2025-10-10,2026-09-16,,19.735839196290996,83.63618845476586,Contractor_029,Agency_09,In Progress,normal,0,0.573,-3.5,351
P00316,Street Lighting Project 0316,Maharashtra,Nashik,MP_244,Street Lighting,1292000.0,1239000.0,1064000.0,80.8,2025-01-02,2025-01-12,2025-07-04,,29.828748655434392,83.84704839291427,Contractor_033,Agency_14,Delayed,normal,0,0.824,1.6,183
P00317,School Building Project 0317,Andhra Pradesh,Visakhapatnam,MP_336,School Building,4858000.0,3128000.0,3128000.0,71.1,2025-07-28,2025-08-07,2026-04-18,,29.26201247245634,86.89772793552278,Contractor_045,Agency_16,In Progress,normal,0,0.644,-6.7,264
P00318,Community Hall Project 0318,Maharashtra,Nagpur,MP_395,Community Hall,2242000.0,1809000.0,1689000.0,72.2,2025-12-27,2026-01-06,2027-02-09,,21.011217479725293,88.73674217949183,Contractor_037,Agency_14,In Progress,normal,0,0.753,3.1,409
P00319,Drinking Water Project 0319,Tamil Nadu,Coimbatore,MP_416,Drinking Water,1915000.0,1905000.0,1905000.0,100.0,2026-03-26,2026-04-05,2027-04-14,2027-04-14,12.642003123019444,83.4583580649904,Contractor_049,Agency_16,Completed,normal,0,0.995,-0.5,384
P00320,Street Lighting Project 0320,Kerala,Thrissur,MP_060,Street Lighting,432000.0,312000.0,311000.0,73.4,2026-01-08,2026-01-18,2026-11-18,,29.810526155671567,82.29080833218873,Contractor_030,Agency_01,In Progress,normal,0,0.72,-1.4,314
P00321,Road Project 0321,Gujarat,Ahmedabad,MP_326,Road,1162000.0,1008000.0,938000.0,87.9,2025-02-06,2025-02-16,2025-12-28,,16.032432411135183,90.29815078479238,Contractor_044,Agency_11,In Progress,normal,0,0.807,-7.2,325
P00322,Drinking Water Project 0322,Kerala,Kollam,MP_063,Drinking Water,1160000.0,884000.0,884000.0,82.8,2024-07-10,2024-07-20,2024-11-30,,30.48299661708425,83.65333290444819,Contractor_017,Agency_07,In Progress,normal,0,0.762,-6.6,143
P00323,School Building Project 0323,Andhra Pradesh,Visakhapatnam,MP_283,School Building,5096000.0,3945000.0,3945000.0,85.4,2024-09-05,2024-09-15,2025-04-24,,21.201470482300046,90.60922573830506,Contractor_054,Agency_04,Delayed,normal,0,0.774,-8.0,231
P00324,Community Hall Project 0324,Karnataka,Dharwad,MP_420,Community Hall,3582000.0,2748000.0,2748000.0,88.1,2025-11-21,2025-12-01,2026-04-19,,16.121939431832722,81.52550673452271,Contractor_017,Agency_07,In Progress,normal,0,0.767,-11.4,149
P00325,Road Project 0325,Kerala,Kozhikode,MP_436,Road,1365000.0,1209000.0,1209000.0,95.7,2025-11-28,2025-12-08,2026-09-20,2026-10-11,26.839927837720737,90.81974039415296,Contractor_054,Agency_17,Completed,normal,0,0.886,-7.1,296
P00326,Road Project 0326,Gujarat,Surat,MP_444,Road,2515000.0,1714000.0,1714000.0,84.0,2025-02-15,2025-02-25,2025-07-30,,9.345450260293225,92.45397385792248,Contractor_035,Agency_18,In Progress,normal,0,0.682,-15.8,165
P00327,Community Hall Project 0327,West Bengal,Malda,MP_122,Community Hall,2315000.0,1572000.0,1572000.0,70.7,2026-03-19,2026-03-29,2027-05-08,,8.3032815910237,75.53529540731381,Contractor_015,Agency_05,In Progress,normal,0,0.679,-2.8,415
P00328,School Building Project 0328,Odisha,Khordha,MP_332,School Building,4452000.0,3105000.0,1895000.0,38.1,2024-07-10,2024-07-20,2025-08-06,,17.629985094111017,75.86282165892965,Contractor_051,Agency_07,In Progress,normal,0,0.426,4.5,392
P00329,Drinking Water Project 0329,Karnataka,Dharwad,MP_309,Drinking Water,1055000.0,794000.0,599000.0,54.1,2025-06-12,2025-06-22,2025-12-31,,25.54894096319319,85.42604866966369,Contractor_009,Agency_04,In Progress,normal,0,0.568,2.7,202
P00330,Health Facility Project 0330,Karnataka,Bengaluru Urban,MP_453,Health Facility,16573000.0,16573000.0,15306000.0,55.7,2026-03-31,2026-04-10,2027-01-02,,28.957286963003032,83.2806931766195,Contractor_039,Agency_06,In Progress,financial,1,0.924,36.7,277
P00331,Road Project 0331,West Bengal,Kolkata,MP_215,Road,1188000.0,681000.0,681000.0,74.5,2025-11-24,2025-12-04,2026-05-11,,30.366804750379945,78.58712461690934,Contractor_057,Agency_05,Delayed,normal,0,0.573,-17.2,168
P00332,Drinking Water Project 0332,Gujarat,Surat,MP_484,Drinking Water,1135000.0,667000.0,667000.0,58.90690496085737,2024-06-21,2024-07-01,2025-04-29,2025-10-31,13.687007434408791,90.68524437572361,Contractor_029,Agency_18,Delayed,delay,1,0.588,-0.1,312
P00333,Community Hall Project 0333,Karnataka,Belagavi,MP_317,Community Hall,2259000.0,1457000.0,1457000.0,73.7,2024-07-23,2024-08-02,2024-11-25,,23.95927340202202,78.56584376051025,Contractor_003,Agency_07,Delayed,normal,0,0.645,-9.2,125
P00334,Health Facility Project 0334,Gujarat,Rajkot,MP_406,Health Facility,2288000.0,1847000.0,1622000.0,81.9,2026-01-16,2026-01-26,2026-05-06,,19.183383112670462,82.3435007689073,Contractor_006,Agency_04,In Progress,normal,0,0.709,-11.0,110
P00335,Street Lighting Project 0335,West Bengal,Kolkata,MP_331,Street Lighting,1443000.0,1193000.0,914000.0,73.5,2024-10-22,2024-11-01,2025-04-08,,22.19763703302618,87.58862006378051,Contractor_060,Agency_09,Delayed,normal,0,0.633,-10.2,168
P00336,Street Lighting Project 0336,Karnataka,Mysuru,MP_316,Street Lighting,330000.0,245000.0,228000.0,74.9,2024-02-10,2024-02-20,2024-09-26,,9.769410581535125,75.73138744090687,Contractor_046,Agency_07,Delayed,contractor_pattern,1,0.691,-5.8,229
P00337,Health Facility Project 0337,Karnataka,Belagavi,MP_415,Health Facility,3937000.0,3702000.0,3190000.0,70.6,2025-01-08,2025-01-18,2025-10-15,,29.675052048397024,87.15926209314492,Contractor_025,Agency_17,In Progress,normal,0,0.81,10.4,280
P00338,Street Lighting Project 0338,Rajasthan,Kota,MP_451,Street Lighting,1066000.0,833000.0,455000.0,43.6,2025-02-07,2025-02-17,2026-01-01,,33.016661415309635,77.6286298452969,Contractor_034,Agency_15,In Progress,normal,0,0.427,-0.9,328
P00339,Drinking Water Project 0339,Andhra Pradesh,Tirupati,MP_537,Drinking Water,2314000.0,1870000.0,1870000.0,100.0,2026-03-06,2026-03-16,2027-01-30,2027-03-08,26.898194436043337,88.45674109514519,Contractor_048,Agency_09,Completed,normal,0,0.808,-19.2,330
P00340,Drinking Water Project 0340,Odisha,Khordha,MP_138,Drinking Water,2213000.0,1726000.0,1726000.0,100.0,2024-06-09,2024-06-19,2024-11-13,2024-12-18,16.18695207957336,76.66536243578484,Contractor_052,Agency_02,Completed,normal,0,0.78,-22.0,157
P00341,Health Facility Project 0341,West Bengal,Darjeeling,MP_153,Health Facility,4005000.0,3040000.0,1259000.0,33.8,2025-01-18,2025-01-28,2025-07-20,,12.459027933865556,92.26589320623157,Contractor_029,Agency_07,In Progress,normal,0,0.314,-2.4,183
P00342,Community Hall Project 0342,Tamil Nadu,Chennai,MP_365,Community Hall,1175000.0,1064000.0,824000.0,73.8,2024-07-30,2024-08-09,2025-01-09,,32.44869990207183,91.73295823161791,Contractor_025,Agency_14,In Progress,normal,0,0.701,-3.7,163
P00343,Drinking Water Project 0343,Odisha,Sambalpur,MP_530,Drinking Water,1483000.0,1286000.0,1286000.0,87.8,2025-11-04,2025-11-14,2026-03-08,,29.77178724246985,91.17300452765556,Contractor_026,Agency_05,In Progress,normal,0,0.867,-1.1,124
P00344,Street Lighting Project 0344,Maharashtra,Nashik,MP_122,Street Lighting,1452000.0,882000.0,806000.0,52.4,2026-02-27,2026-03-09,2026-06-01,,8.800909348121086,75.73972928243774,Contractor_007,Agency_12,In Progress,normal,0,0.555,3.1,94
P00345,Drinking Water Project 0345,Andhra Pradesh,Visakhapatnam,MP_114,Drinking Water,7143000.0,7143000.0,6180000.0,68.8,2025-07-05,2025-07-15,2026-01-01,,12.79773689719601,73.09886053563272,Contractor_004,Agency_04,In Progress,financial,1,0.865,17.7,180
P00346,Health Facility Project 0346,Tamil Nadu,Madurai,MP_311,Health Facility,4743000.0,4312000.0,3891000.0,92.0,2025-06-19,2025-06-29,2026-07-03,,19.316830353200004,80.42712085315448,Contractor_060,Agency_09,In Progress,normal,0,0.82,-10.0,379
P00347,School Building Project 0347,Telangana,Warangal,MP_018,School Building,5284000.0,4734000.0,3932000.0,73.6,2025-08-05,2025-08-15,2026-05-05,,22.260559841125232,78.06067280314497,Contractor_008,Agency_07,Delayed,normal,0,0.744,0.8,273
P00348,Street Lighting Project 0348,Rajasthan,Kota,MP_160,Street Lighting,871000.0,722000.0,552000.0,63.9,2025-06-14,2025-06-24,2025-12-15,,30.971366350178755,78.76124123437467,Contractor_046,Agency_16,In Progress,geo,1,0.634,-0.5,184
P00349,Community Hall Project 0349,Tamil Nadu,Coimbatore,MP_388,Community Hall,2928000.0,2470000.0,2118000.0,67.6,2025-08-03,2025-08-13,2026-05-30,,15.5092906510201,81.09553854350797,Contractor_031,Agency_06,In Progress,normal,0,0.723,4.7,300
P00350,Health Facility Project 0350,Gujarat,Surat,MP_389,Health Facility,3415000.0,2216000.0,2216000.0,81.8,2024-11-28,2024-12-08,2025-10-05,,20.325107168408664,73.25874673711111,Contractor_054,Agency_14,In Progress,normal,0,0.649,-16.9,311
P00351,School Building Project 0351,Telangana,Warangal,MP_257,School Building,2959000.0,2378000.0,2159000.0,70.4,2026-03-17,2026-03-27,2027-01-21,,13.455185206268641,74.90812261063482,Contractor_050,Agency_03,In Progress,normal,0,0.73,2.6,310
P00352,Street Lighting Project 0352,Kerala,Kollam,MP_395,Street Lighting,302000.0,296000.0,180000.0,61.2,2024-12-16,2024-12-26,2025-07-11,,26.592466318948205,81.87978994702024,Contractor_018,Agency_20,In Progress,normal,0,0.596,-1.6,207
P00353,Street Lighting Project 0353,Karnataka,Bengaluru Urban,MP_365,Street Lighting,1319000.0,1277000.0,835000.0,28.31685504034126,2026-04-18,2026-04-28,2027-04-21,2027-12-24,21.69773338720499,91.0074597339677,Contractor_057,Agency_13,Delayed,delay,1,0.633,35.0,368
P00354,Road Project 0354,West Bengal,Howrah,MP_388,Road,1094000.0,696000.0,696000.0,77.9,2024-12-06,2024-12-16,2025-11-11,,17.858690107591325,85.93618694842215,Contractor_006,Agency_17,In Progress,normal,0,0.636,-14.3,340
P00355,Drinking Water Project 0355,Tamil Nadu,Salem,MP_213,Drinking Water,2140000.0,1669000.0,1669000.0,93.1,2025-04-09,2025-04-19,2025-10-09,,16.066712708350835,82.97029422023341,Contractor_056,Agency_11,In Progress,normal,0,0.78,-15.1,183
P00356,Health Facility Project 0356,Maharashtra,Nashik,MP_115,Health Facility,1871000.0,1759000.0,1759000.0,100.0,2024-12-31,2025-01-10,2025-04-21,2025-08-12,22.044669413059868,89.1072273889545,Contractor_006,Agency_03,Completed,normal,0,0.94,-6.0,111
P00357,Street Lighting Project 0357,Telangana,Karimnagar,MP_145,Street Lighting,1003000.0,782000.0,782000.0,78.5,2025-03-27,2025-04-06,2025-07-17,,24.94682125902821,82.5544031635873,Contractor_048,Agency_02,In Progress,normal,0,0.78,-0.5,112
P00358,Sports Facility Project 0358,Maharashtra,Pune,MP_116,Sports Facility,1139000.0,938000.0,817000.0,64.3,2024-06-06,2024-06-16,2024-12-19,,30.79424722207889,78.54748600631932,Contractor_007,Agency_09,In Progress,normal,0,0.717,7.4,196
P00359,Street Lighting Project 0359,Maharashtra,Aurangabad,MP_521,Street Lighting,1158000.0,673000.0,455000.0,34.3,2026-03-13,2026-03-23,2026-07-24,,18.41595641973151,78.94762756887621,Contractor_032,Agency_03,Delayed,normal,0,0.393,5.0,133
P00360,Sports Facility Project 0360,Andhra Pradesh,Visakhapatnam,MP_079,Sports Facility,1493000.0,882000.0,882000.0,80.8,2024-08-20,2024-08-30,2024-12-10,,11.94054935648628,83.03336564624254,Contractor_044,Agency_04,In Progress,normal,0,0.591,-21.7,112
P00361,Street Lighting Project 0361,Kerala,Ernakulam,MP_049,Street Lighting,366000.0,224000.0,193000.0,50.4,2024-06-20,2024-06-30,2025-01-18,,23.19617318961648,77.33766838897903,Contractor_001,Agency_08,In Progress,normal,0,0.527,2.3,212
P00362,Drinking Water Project 0362,Karnataka,Bengaluru Urban,MP_233,Drinking Water,1434000.0,1428000.0,1428000.0,100.0,2024-07-06,2024-07-16,2025-04-01,2025-06-10,16.548194681032804,77.40674463234535,Contractor_015,Agency_01,Completed,normal,0,0.996,-0.4,269
P00363,Health Facility Project 0363,Odisha,Khordha,MP_469,Health Facility,11658000.0,11658000.0,10088000.0,49.1,2025-01-20,2025-01-30,2026-02-25,,22.09055204423492,76.34595649955382,Contractor_004,Agency_10,Delayed,financial,1,0.865,37.4,401
P00364,Street Lighting Project 0561 - Similar Work,West Bengal,Kolkata,MP_024,Street Lighting,2837000.0,1897000.0,1897000.0,80.7,2024-05-17,2024-05-27,2025-02-12,,11.712388788407466,76.55901997573535,Contractor_049,Agency_10,In Progress,duplicate,1,0.669,-13.8,271
P00365,Community Hall Project 0365,Gujarat,Ahmedabad,MP_439,Community Hall,1665000.0,1061000.0,910000.0,48.8,2025-09-05,2025-09-15,2026-08-02,,25.020628527653603,85.82584591843533,Contractor_037,Agency_10,Delayed,normal,0,0.547,5.9,331
P00366,Community Hall Project 0366,Odisha,Sambalpur,MP_216,Community Hall,2065000.0,1731000.0,1196000.0,65.3,2025-03-10,2025-03-20,2025-06-28,,30.0483113952872,80.20108262806755,Contractor_003,Agency_17,In Progress,normal,0,0.579,-7.4,110
P00367,Drinking Water Project 0367,Rajasthan,Jodhpur,MP_133,Drinking Water,771000.0,745000.0,715000.0,35.914538529598175,2025-10-02,2025-10-12,2026-08-06,2027-07-12,26.71200394303091,91.50214024943571,Contractor_011,Agency_14,Delayed,delay,1,0.927,56.8,308
P00368,Drinking Water Project 0368,Andhra Pradesh,Visakhapatnam,MP_218,Drinking Water,2156000.0,2010000.0,2010000.0,83.4,2025-01-16,2025-01-26,2025-05-25,,33.14395285452162,86.6324303969411,Contractor_046,Agency_04,In Progress,normal,0,0.932,9.8,129
P00369,School Building Project 0369,Tamil Nadu,Madurai,MP_100,School Building,5051000.0,3417000.0,3417000.0,100.0,2024-04-10,2024-04-20,2025-04-26,2025-06-17,24.89566473229801,81.00924013762813,Contractor_060,Agency_04,Completed,normal,0,0.676,-32.4,381
P00370,Health Facility Project 0370,Telangana,Hyderabad,MP_204,Health Facility,3597000.0,2907000.0,1923000.0,54.3,2024-12-11,2024-12-21,2025-05-05,,27.01519809159804,78.83111019453825,Contractor_029,Agency_11,In Progress,normal,0,0.535,-0.8,145
P00371,Community Hall Project 0371,Rajasthan,Kota,MP_421,Community Hall,2851000.0,1662000.0,1432000.0,57.1,2025-04-03,2025-04-13,2026-03-05,,13.010546564420103,77.0415806682772,Contractor_013,Agency_07,In Progress,normal,0,0.502,-6.9,336
P00372,School Building Project 0372,Karnataka,Belagavi,MP_308,School Building,4590000.0,4394000.0,3126000.0,65.0,2025-06-12,2025-06-22,2026-02-01,,31.611311814116775,74.59057155679251,Contractor_058,Agency_15,Delayed,normal,0,0.681,3.1,234
P00373,Street Lighting Project 0373,Telangana,Nizamabad,MP_276,Street Lighting,922000.0,641000.0,641000.0,93.3,2026-02-17,2026-02-27,2026-12-05,,15.111190533593328,84.37222534198867,Contractor_022,Agency_18,In Progress,normal,0,0.695,-23.8,291
P00374,Drinking Water Project 0374,Gujarat,Surat,MP_549,Drinking Water,2402000.0,2184000.0,1584000.0,68.3,2025-02-15,2025-02-25,2025-10-02,,21.58428104698077,82.18961296946574,Contractor_034,Agency_16,In Progress,normal,0,0.659,-2.4,229
P00375,Street Lighting Project 0375,Kerala,Kollam,MP_012,Street Lighting,1052000.0,781000.0,719000.0,68.2,2025-09-13,2025-09-23,2026-04-04,,30.28404664449242,86.74362542061651,Contractor_011,Agency_16,In Progress,normal,0,0.683,0.1,203
P00376,Road Project 0376,Odisha,Cuttack,MP_018,Road,874000.0,631000.0,631000.0,91.6,2025-03-25,2025-04-04,2025-07-12,,19.425263971900154,80.93042822362224,Contractor_060,Agency_05,In Progress,normal,0,0.722,-19.4,109
P00377,Community Hall Project 0377,Tamil Nadu,Madurai,MP_040,Community Hall,2422000.0,1965000.0,1898000.0,69.8,2025-01-07,2025-01-17,2025-04-19,,13.55022018117604,83.07089091352353,Contractor_039,Agency_06,In Progress,normal,0,0.784,8.6,102
P00378,Community Hall Project 0378,Kerala,Kollam,MP_296,Community Hall,2916000.0,1930000.0,1902000.0,67.2,2024-12-02,2024-12-12,2025-07-11,,33.01997058652658,86.69541564215136,Contractor_019,Agency_20,Delayed,normal,0,0.652,-2.0,221
P00379,Street Lighting Project 0379,Karnataka,Mysuru,MP_495,Street Lighting,967000.0,798000.0,798000.0,90.9,2025-11-01,2025-11-11,2026-09-11,,11.48656194049855,86.54858946438179,Contractor_021,Agency_10,Delayed,normal,0,0.825,-8.4,314
P00380,Sports Facility Project 0380,Tamil Nadu,Salem,MP_045,Sports Facility,940000.0,574000.0,517000.0,55.2,2025-11-16,2025-11-26,2026-05-02,,22.45085140142116,89.25052334755222,Contractor_055,Agency_06,In Progress,normal,0,0.55,-0.2,167
P00381,Sports Facility Project 0381,Gujarat,Vadodara,MP_444,Sports Facility,2735000.0,1720000.0,1720000.0,100.0,2024-04-09,2024-04-19,2024-07-31,2024-07-31,24.052229366824683,87.47438975217949,Contractor_055,Agency_16,Completed,normal,0,0.629,-37.1,113
P00382,Street Lighting Project 0382,Karnataka,Bengaluru Urban,MP_248,Street Lighting,839000.0,538000.0,435000.0,54.2,2024-02-22,2024-03-03,2024-06-12,,22.842797392943346,76.37337895471177,Contractor_005,Agency_14,In Progress,normal,0,0.518,-2.4,111
P00383,School Building Project 0383,Maharashtra,Pune,MP_085,School Building,4580000.0,2894000.0,2894000.0,70.1,2026-04-09,2026-04-19,2026-12-19,,30.71695666769755,84.64345226900681,Contractor_054,Agency_04,In Progress,normal,0,0.632,-6.9,254
P00384,Community Hall Project 0384,Gujarat,Vadodara,MP_037,Community Hall,3929000.0,2219000.0,2219000.0,100.0,2024-08-05,2024-08-15,2025-06-24,2025-08-14,18.115111804882105,89.88946556527554,Contractor_028,Agency_11,Completed,normal,0,0.565,-43.5,323
P00385,Street Lighting Project 0385,Odisha,Ganjam,MP_145,Street Lighting,1294000.0,989000.0,989000.0,74.1,2025-10-27,2025-11-06,2026-06-12,,8.736300071476713,76.57627772375255,Contractor_037,Agency_17,In Progress,normal,0,0.764,2.3,228
P00386,School Building Project 0386,Karnataka,Mysuru,MP_017,School Building,2340000.0,1846000.0,1846000.0,100.0,2024-05-07,2024-05-17,2025-05-10,2025-05-10,32.86963530838378,78.22439410759971,Contractor_035,Agency_20,Completed,normal,0,0.789,-21.1,368
P00387,Drinking Water Project 0387,West Bengal,Malda,MP_449,Drinking Water,2134000.0,1832000.0,1458000.0,69.9,2024-08-28,2024-09-07,2025-05-09,,27.728957467318025,92.46546783406285,Contractor_029,Agency_10,In Progress,normal,0,0.683,-1.6,254
P00388,Street Lighting Project 0388,Andhra Pradesh,Tirupati,MP_160,Street Lighting,554000.0,315000.0,315000.0,79.4,2026-01-03,2026-01-13,2027-01-23,,8.389581987857976,79.7362157599407,Contractor_008,Agency_13,Delayed,normal,0,0.569,-22.5,385
P00389,Road Project 0389,West Bengal,Kolkata,MP_333,Road,1144000.0,1098000.0,736000.0,56.0,2026-02-01,2026-02-11,2027-02-23,,9.884152649549424,74.18344958593748,Contractor_046,Agency_12,In Progress,normal,0,0.643,8.3,387
P00390,Community Hall Project 0390,Kerala,Kollam,MP_260,Community Hall,2335000.0,1903000.0,1903000.0,79.0,2024-12-08,2024-12-18,2025-12-03,,33.93061715770316,79.63589727652555,Contractor_044,Agency_01,In Progress,normal,0,0.815,2.5,360
P00391,Community Hall Project 0391,Karnataka,Bengaluru Urban,MP_439,Community Hall,2033000.0,1978000.0,1488000.0,72.8,2025-04-15,2025-04-25,2026-04-30,,29.34925433928488,72.76060987630905,Contractor_027,Agency_13,In Progress,normal,0,0.732,0.4,380
P00392,Health Facility Project 0392,Tamil Nadu,Salem,MP_341,Health Facility,4415000.0,3217000.0,3217000.0,100.0,2025-10-31,2025-11-10,2026-02-11,2026-02-11,13.400033787099318,83.60909542716834,Contractor_020,Agency_02,Completed,normal,0,0.729,-27.1,103
P00393,Community Hall Project 0393,Telangana,Nizamabad,MP_261,Community Hall,3761000.0,2241000.0,2241000.0,87.5,2025-12-15,2025-12-25,2026-12-28,,10.014027374962948,73.06097524518188,Contractor_058,Agency_01,Delayed,normal,0,0.596,-27.9,378
P00394,Street Lighting Project 0394,West Bengal,Darjeeling,MP_402,Street Lighting,453000.0,275000.0,197000.0,47.3,2025-11-20,2025-11-30,2026-08-14,,27.96366189029066,90.06807225430255,Contractor_044,Agency_11,In Progress,normal,0,0.435,-3.8,267
P00395,Drinking Water Project 0395,Tamil Nadu,Salem,MP_381,Drinking Water,637000.0,538000.0,445000.0,62.5,2024-06-04,2024-06-14,2024-11-20,,16.29827573288148,82.3259345221921,Contractor_038,Agency_15,In Progress,normal,0,0.699,7.4,169
P00396,Health Facility Project 0396,West Bengal,Kolkata,MP_324,Health Facility,3638000.0,3603000.0,2229000.0,61.7,2025-04-05,2025-04-15,2026-03-18,,19.344724270111822,78.3233151634493,Contractor_053,Agency_03,In Progress,normal,0,0.613,-0.4,347
P00397,Road Project 0397,Tamil Nadu,Madurai,MP_493,Road,2099000.0,1315000.0,1315000.0,100.0,2024-05-20,2024-05-30,2025-04-14,2025-06-30,21.667532585779988,79.03807436455364,Contractor_018,Agency_05,Completed,normal,0,0.626,-37.4,329
P00398,Road Project 0398,Karnataka,Mysuru,MP_321,Road,2814000.0,1932000.0,1889000.0,63.0,2025-12-16,2025-12-26,2026-05-03,,27.815631332655865,82.97482261779439,Contractor_015,Agency_14,In Progress,normal,0,0.671,4.1,138
P00399,Drinking Water Project 0399,Telangana,Warangal,MP_439,Drinking Water,861000.0,767000.0,764000.0,81.9,2025-01-08,2025-01-18,2025-11-18,,8.701107931915502,78.10803760961214,Contractor_047,Agency_10,Delayed,normal,0,0.887,6.8,314
P00400,Drinking Water Project 0400,Gujarat,Vadodara,MP_029,Drinking Water,1251000.0,1181000.0,935000.0,77.7,2026-02-20,2026-03-02,2026-12-20,,12.086841141769153,77.78899630983946,Contractor_057,Agency_16,In Progress,normal,0,0.747,-3.0,303
P00401,Sports Facility Project 0401,Gujarat,Vadodara,MP_338,Sports Facility,705000.0,550000.0,545000.0,85.5,2024-01-12,2024-01-22,2024-09-27,,23.478944461871656,80.2094658216082,Contractor_033,Agency_04,Delayed,normal,0,0.773,-8.2,259
P00402,Road Project 0402,Kerala,Ernakulam,MP_205,Road,866000.0,596000.0,596000.0,82.4,2024-07-20,2024-07-30,2024-11-20,,22.837902422562706,89.10900327603551,Contractor_024,Agency_05,Delayed,normal,0,0.688,-13.6,123
P00403,Community Hall Project 0403,Maharashtra,Nagpur,MP_061,Community Hall,1123000.0,777000.0,777000.0,72.6,2024-09-13,2024-09-23,2025-06-15,,18.03880166096109,82.38931209314308,Contractor_018,Agency_12,Delayed,normal,0,0.692,-3.4,275
P00404,Road Project 0404,West Bengal,Kolkata,MP_184,Road,2942000.0,2483000.0,2475000.0,83.4,2025-12-16,2025-12-26,2026-06-01,,23.268834241558107,73.5898397894823,Contractor_043,Agency_17,In Progress,normal,0,0.841,0.7,167
P00405,Street Lighting Project 0405,West Bengal,Howrah,MP_092,Street Lighting,693000.0,683000.0,495000.0,79.8,2024-12-18,2024-12-28,2025-09-29,,33.79089922322363,77.36240837395475,Contractor_006,Agency_19,In Progress,normal,0,0.714,-8.4,285
P00406,Road Project 0406,Gujarat,Surat,MP_131,Road,889000.0,687000.0,618000.0,20.733515710887644,2025-07-04,2025-07-14,2026-07-25,,33.229521989946605,81.7920826947029,Contractor_054,Agency_13,In Progress,progress_mismatch,1,0.695,48.8,386
P00407,Street Lighting Project 0407,Rajasthan,Kota,MP_159,Street Lighting,1337000.0,904000.0,904000.0,82.4,2024-07-24,2024-08-03,2025-07-01,,21.74299006917133,89.53853745283006,Contractor_013,Agency_20,In Progress,normal,0,0.676,-14.8,342
P00408,Road Project 0408,West Bengal,Kolkata,MP_424,Road,1587000.0,1215000.0,908000.0,51.7,2024-08-18,2024-08-28,2024-12-15,,19.939561423046246,84.93786199723296,Contractor_048,Agency_10,In Progress,normal,0,0.572,5.5,119
P00409,Drinking Water Project 0409,Telangana,Hyderabad,MP_324,Drinking Water,1323000.0,839000.0,839000.0,70.2,2024-12-03,2024-12-13,2025-11-06,,24.493132146004285,88.79634554361566,Contractor_036,Agency_03,In Progress,geo,1,0.634,-6.8,338
P00410,Street Lighting Project 0410,Karnataka,Mysuru,MP_228,Street Lighting,5195000.0,5195000.0,4708000.0,52.9,2025-01-01,2025-01-11,2025-09-27,,30.144498144537927,87.22022799759435,Contractor_002,Agency_12,In Progress,financial,1,0.906,37.7,269
P00411,Sports Facility Project 0411,Telangana,Nizamabad,MP_360,Sports Facility,1239000.0,989000.0,887000.0,75.8,2025-08-02,2025-08-12,2026-05-20,,21.181498354381517,74.48308974808677,Contractor_002,Agency_14,In Progress,normal,0,0.716,-4.2,291
P00412,Street Lighting Project 0412,Tamil Nadu,Salem,MP_272,Street Lighting,739000.0,423000.0,423000.0,62.7,2024-04-30,2024-05-10,2025-03-11,,15.291828576925488,92.10425036991019,Contractor_013,Agency_06,In Progress,normal,0,0.572,-5.5,315
P00413,Drinking Water Project 0413,Andhra Pradesh,Visakhapatnam,MP_138,Drinking Water,641000.0,550000.0,489000.0,72.4,2024-08-29,2024-09-08,2025-03-20,,28.059554317646754,87.03732332858725,Contractor_024,Agency_01,In Progress,normal,0,0.763,3.9,203
P00414,Street Lighting Project 0414,Maharashtra,Nashik,MP_364,Street Lighting,591000.0,398000.0,315000.0,59.3,2026-04-21,2026-05-01,2027-01-21,,9.158745074939414,83.66448946645149,Contractor_056,Agency_12,In Progress,normal,0,0.533,-6.0,275
P00415,Road Project 0415,Kerala,Kozhikode,MP_452,Road,1158000.0,827000.0,568000.0,54.0,2026-01-14,2026-01-24,2026-07-24,,20.822109933501743,74.19154711642493,Contractor_041,Agency_14,Delayed,normal,0,0.491,-4.9,191
P00416,Sports Facility Project 0416,Odisha,Sambalpur,MP_503,Sports Facility,2957000.0,2521000.0,2273000.0,76.7,2025-12-23,2026-01-02,2026-08-10,,30.99562628128466,77.36194993687484,Contractor_053,Agency_10,In Progress,normal,0,0.769,0.2,230
P00417,Road Project 0417,Gujarat,Vadodara,MP_183,Road,1265000.0,1253000.0,596000.0,52.1,2024-06-21,2024-07-01,2025-07-18,,24.275599642731706,90.9756902491455,Contractor_039,Agency_20,In Progress,normal,0,0.471,-5.0,392
P00418,Community Hall Project 0418,Maharashtra,Nashik,MP_536,Community Hall,1965000.0,1839000.0,749000.0,43.2,2025-08-17,2025-08-27,2025-12-19,,16.03404447108384,86.06838018434478,Contractor_044,Agency_10,Delayed,normal,0,0.381,-5.1,124
P00419,Drinking Water Project 0419,Rajasthan,Jodhpur,MP_119,Drinking Water,772000.0,615000.0,430000.0,55.5,2024-08-31,2024-09-10,2025-03-02,,24.675652865327972,90.51209301619006,Contractor_031,Agency_03,In Progress,normal,0,0.557,0.2,183
P00420,School Building Project 0420,Odisha,Ganjam,MP_246,School Building,2989000.0,1906000.0,1906000.0,69.0,2025-12-23,2026-01-02,2026-05-12,,15.198871075866176,85.54054350842173,Contractor_058,Agency_02,In Progress,normal,0,0.638,-5.2,140
P00421,Road Project 0421,Rajasthan,Jodhpur,MP_261,Road,1187000.0,771000.0,394000.0,39.0,2025-08-09,2025-08-19,2025-11-12,,15.241847143792423,92.39710780692104,Contractor_042,Agency_19,In Progress,normal,0,0.332,-5.8,95
P00422,Health Facility Project 0422,Andhra Pradesh,Guntur,MP_069,Health Facility,2855000.0,2655000.0,2140000.0,84.4,2024-09-20,2024-09-30,2025-07-31,,30.64846105203532,90.16528298209094,Contractor_007,Agency_03,In Progress,normal,0,0.75,-9.4,314
P00423,Drinking Water Project 0423,Gujarat,Vadodara,MP_319,Drinking Water,1872000.0,1802000.0,1638000.0,100.0,2024-05-12,2024-05-22,2025-01-01,2025-03-02,29.121187810216174,79.43882038574247,Contractor_024,Agency_18,Completed,normal,0,0.875,-12.5,234
P00424,Street Lighting Project 0424,Odisha,Cuttack,MP_079,Street Lighting,668000.0,378000.0,378000.0,67.0,2024-05-13,2024-05-23,2025-03-22,,11.61554051436224,74.23552315037703,Contractor_048,Agency_18,In Progress,normal,0,0.566,-10.4,313
P00425,Sports Facility Project 0425,West Bengal,Malda,MP_472,Sports Facility,2448000.0,2158000.0,1903000.0,78.9,2024-02-09,2024-02-19,2024-09-24,,20.36789440036157,77.5423442970603,Contractor_026,Agency_15,In Progress,normal,0,0.777,-1.2,228
P00426,Drinking Water Project 0426,West Bengal,Malda,MP_427,Drinking Water,1837000.0,1341000.0,1341000.0,100.0,2024-12-05,2024-12-15,2025-12-23,2026-02-23,19.664646996066395,79.4778371237026,Contractor_053,Agency_08,Completed,normal,0,0.73,-27.0,383
P00427,Health Facility Project 0427,Karnataka,Bengaluru Urban,MP_437,Health Facility,1346000.0,999000.0,842000.0,65.6,2024-09-09,2024-09-19,2025-05-12,,23.98688123062538,90.54339210112254,Contractor_027,Agency_12,In Progress,normal,0,0.626,-3.0,245
P00428,Health Facility Project 0428,Telangana,Hyderabad,MP_299,Health Facility,3361000.0,2615000.0,2342000.0,70.8,2024-10-20,2024-10-30,2025-03-20,,24.00109429576818,74.08916996980716,Contractor_047,Agency_07,In Progress,normal,0,0.697,-1.1,151
P00429,School Building Project 0429,West Bengal,Malda,MP_189,School Building,4223000.0,3102000.0,2724000.0,57.3,2024-08-08,2024-08-18,2024-12-16,,31.659973943518978,87.46969824752914,Contractor_046,Agency_14,In Progress,normal,0,0.645,7.2,130
P00430,Community Hall Project 0430,Andhra Pradesh,Guntur,MP_158,Community Hall,2915000.0,1878000.0,1878000.0,100.0,2024-04-21,2024-05-01,2024-11-17,2025-02-03,9.139944240594415,81.4749241474567,Contractor_035,Agency_13,Completed,normal,0,0.644,-35.6,210
P00431,Sports Facility Project 0431,Maharashtra,Aurangabad,MP_509,Sports Facility,1152000.0,908000.0,523000.0,45.6,2024-04-04,2024-04-14,2025-03-28,,18.91011175379156,92.29091015265494,Contractor_025,Agency_02,In Progress,normal,0,0.454,-0.2,358
P00432,Community Hall Project 0432,Gujarat,Rajkot,MP_150,Community Hall,2511000.0,2423000.0,1743000.0,70.7,2025-03-02,2025-03-12,2026-01-09,,22.896843347277848,76.9440396515661,Contractor_033,Agency_15,In Progress,normal,0,0.694,-1.3,313
P00433,School Building Project 0433,Telangana,Nizamabad,MP_237,School Building,1520000.0,1141000.0,975000.0,73.6,2024-12-03,2024-12-13,2025-08-11,,15.312168191708889,85.67872909746758,Contractor_031,Agency_07,In Progress,contractor_pattern,1,0.641,-9.5,251
P00434,Sports Facility Project 0434,Odisha,Sambalpur,MP_413,Sports Facility,2046000.0,2016000.0,1935000.0,100.0,2026-02-17,2026-02-27,2027-01-07,2027-02-05,25.861426748971517,82.4234201645927,Contractor_049,Agency_01,Completed,normal,0,0.946,-5.4,324
P00435,Sports Facility Project 0435,West Bengal,Howrah,MP_464,Sports Facility,1426000.0,901000.0,727000.0,51.3,2026-03-23,2026-04-02,2027-01-31,,19.470781794474576,76.83279229205182,Contractor_026,Agency_01,In Progress,normal,0,0.51,-0.3,314
P00436,Drinking Water Project 0436,Maharashtra,Nagpur,MP_319,Drinking Water,1959000.0,1438000.0,1133000.0,59.0,2025-11-23,2025-12-03,2026-07-04,,25.7689382832291,82.75263510195586,Contractor_024,Agency_19,In Progress,normal,0,0.578,-1.2,223
P00437,Road Project 0437,Odisha,Cuttack,MP_394,Road,1320000.0,1023000.0,1023000.0,89.4,2024-01-14,2024-01-24,2024-08-09,,25.354514919270112,86.63983900776041,Contractor_059,Agency_09,In Progress,normal,0,0.775,-11.9,208
P00438,Health Facility Project 0438,Karnataka,Mysuru,MP_165,Health Facility,2656000.0,2401000.0,1629000.0,59.7,2024-06-01,2024-06-11,2024-10-01,,27.2957721843569,79.27781301985712,Contractor_041,Agency_17,In Progress,normal,0,0.613,1.6,122
P00439,Community Hall Project 0439,Rajasthan,Jaipur,MP_152,Community Hall,1369000.0,849000.0,849000.0,70.9,2024-01-10,2024-01-20,2024-11-08,,18.38689503167631,78.66894102616274,Contractor_036,Agency_03,Delayed,normal,0,0.62,-8.9,303
P00440,Community Hall Project 0440,Andhra Pradesh,Visakhapatnam,MP_069,Community Hall,3326000.0,2131000.0,824000.0,22.7,2024-04-26,2024-05-06,2024-11-07,,32.69897748286442,81.8683267737011,Contractor_042,Agency_13,In Progress,normal,0,0.248,2.1,195
P00441,Drinking Water Project 0441,Odisha,Khordha,MP_365,Drinking Water,1511000.0,1434000.0,1110000.0,67.9,2024-08-24,2024-09-03,2025-09-01,,15.76907945803351,77.40970792148467,Contractor_013,Agency_09,In Progress,normal,0,0.735,5.6,373
P00442,Community Hall Project 0442,Gujarat,Vadodara,MP_305,Community Hall,1734000.0,1497000.0,1022000.0,58.6,2025-01-03,2025-01-13,2025-07-08,,25.75512137618537,80.37251060366762,Contractor_054,Agency_08,In Progress,normal,0,0.589,0.3,186
P00443,Sports Facility Project 0443,Kerala,Ernakulam,MP_060,Sports Facility,2086000.0,1467000.0,1157000.0,50.2,2025-05-22,2025-06-01,2026-05-20,,18.360936709573572,92.49435405104528,Contractor_020,Agency_05,Delayed,normal,0,0.555,5.3,363
P00444,Drinking Water Project 0444,Gujarat,Surat,MP_279,Drinking Water,1037000.0,893000.0,506000.0,53.3,2025-01-10,2025-01-20,2026-03-01,,28.643807688731364,82.57681270365106,Contractor_038,Agency_06,In Progress,normal,0,0.488,-4.5,415
P00445,Sports Facility Project 0445,Rajasthan,Jaipur,MP_376,Sports Facility,2333000.0,1884000.0,1495000.0,72.3,2026-01-16,2026-01-26,2026-07-07,,11.310897978212463,81.91904849813727,Contractor_003,Agency_08,In Progress,normal,0,0.641,-8.2,172
P00446,Sports Facility Project 0446,Gujarat,Rajkot,MP_225,Sports Facility,2574000.0,2283000.0,2283000.0,81.9,2024-10-02,2024-10-12,2025-02-02,,15.314661547772783,90.11957383000524,Contractor_040,Agency_10,In Progress,normal,0,0.887,6.8,123
P00447,Health Facility Project 0447,Andhra Pradesh,Krishna,MP_347,Health Facility,2940000.0,2565000.0,1884000.0,59.5,2024-07-02,2024-07-12,2025-07-12,,14.673468424972736,85.1943572657143,Contractor_039,Agency_04,In Progress,normal,0,0.641,4.6,375
P00448,Sports Facility Project 0448,West Bengal,Howrah,MP_328,Sports Facility,2153000.0,1366000.0,777000.0,41.7,2025-09-07,2025-09-17,2026-02-24,,21.912822081542913,88.55330203519654,Contractor_003,Agency_12,Delayed,normal,0,0.361,-5.6,170
P00449,Health Facility Project 0449,Tamil Nadu,Salem,MP_540,Health Facility,3765000.0,2457000.0,1494000.0,43.1,2025-07-11,2025-07-21,2026-07-25,,14.30644729281953,89.70172778558052,Contractor_032,Agency_05,In Progress,normal,0,0.397,-3.4,379
P00450,Street Lighting Project 0450,Telangana,Warangal,MP_130,Street Lighting,490000.0,305000.0,226000.0,49.9,2025-08-30,2025-09-09,2026-02-05,,17.75759945290706,79.00136098144439,Contractor_035,Agency_01,In Progress,normal,0,0.461,-3.8,159
P00451,Street Lighting Project 0451,Odisha,Ganjam,MP_227,Street Lighting,385000.0,267000.0,267000.0,100.0,2025-06-16,2025-06-26,2026-01-27,2026-05-08,13.573623856443772,88.77525371401697,Contractor_019,Agency_19,Completed,normal,0,0.694,-30.6,225
P00452,Health Facility Project 0452,Andhra Pradesh,Tirupati,MP_349,Health Facility,2243000.0,1396000.0,1396000.0,83.2,2024-07-09,2024-07-19,2025-04-23,,31.920440648687784,74.74136950768914,Contractor_028,Agency_01,In Progress,normal,0,0.622,-21.0,288
P00453,School Building Project 0453,Maharashtra,Aurangabad,MP_260,School Building,3099000.0,2535000.0,1370000.0,49.1,2025-08-21,2025-08-31,2026-10-01,,24.07293530381054,77.01935385430842,Contractor_032,Agency_14,In Progress,normal,0,0.442,-4.9,406
P00454,Street Lighting Project 0454,Karnataka,Dharwad,MP_387,Street Lighting,353000.0,264000.0,237000.0,64.3,2024-05-21,2024-05-31,2025-05-23,,14.261595067529203,83.22922109703526,Contractor_005,Agency_05,In Progress,normal,0,0.671,2.8,367
P00455,Health Facility Project 0455,Gujarat,Vadodara,MP_241,Health Facility,2165000.0,1684000.0,1684000.0,85.5,2024-06-16,2024-06-26,2025-07-27,,29.870299630287455,90.10644633448544,Contractor_029,Agency_13,In Progress,normal,0,0.778,-7.7,406
P00456,Community Hall Project 0456,Maharashtra,Nashik,MP_005,Community Hall,2305000.0,1602000.0,1005000.0,50.8,2025-06-01,2025-06-11,2025-10-05,,9.397740355262652,83.09094397660168,Contractor_019,Agency_13,In Progress,normal,0,0.436,-7.2,126
P00457,Community Hall Project 0457,Karnataka,Bengaluru Urban,MP_083,Community Hall,1570000.0,1488000.0,1132000.0,78.2,2026-01-31,2026-02-10,2026-07-12,,18.467124609773087,77.56653659467868,Contractor_010,Agency_20,In Progress,normal,0,0.721,-6.1,162
P00458,Health Facility Project 0458,Kerala,Ernakulam,MP_308,Health Facility,1636000.0,1621000.0,1522000.0,95.2,2025-12-07,2025-12-17,2026-08-15,2026-12-23,29.273957740960814,78.13877354708043,Contractor_004,Agency_11,Completed,normal,0,0.93,-2.2,251
P00459,Sports Facility Project 0459,West Bengal,Darjeeling,MP_080,Sports Facility,828000.0,518000.0,518000.0,80.2,2025-05-27,2025-06-06,2026-01-15,,21.434224823191556,85.04678792451315,Contractor_003,Agency_08,In Progress,normal,0,0.626,-17.6,233
P00460,School Building Project 0460,Maharashtra,Nagpur,MP_542,School Building,2824000.0,1990000.0,1520000.0,53.7,2025-03-03,2025-03-13,2025-12-15,,20.789785053972295,75.66033244188891,Contractor_007,Agency_07,Delayed,normal,0,0.538,0.1,287
P00461,Health Facility Project 0461,Gujarat,Vadodara,MP_228,Health Facility,3325000.0,2452000.0,2452000.0,77.6,2024-05-28,2024-06-07,2024-09-21,,18.94088800928045,91.25973436725994,Contractor_050,Agency_06,In Progress,normal,0,0.737,-3.9,116
P00462,Road Project 0462,Rajasthan,Jodhpur,MP_380,Road,1556000.0,1111000.0,186000.0,11.7,2025-10-07,2025-10-17,2026-01-09,,29.560442996639566,89.76413696894652,Contractor_014,Agency_12,In Progress,normal,0,0.12,0.3,94
P00463,Street Lighting Project 0463,Rajasthan,Jodhpur,MP_159,Street Lighting,1037000.0,956000.0,376000.0,40.3,2024-01-20,2024-01-30,2025-01-15,,29.786375449623797,76.10071229215472,Contractor_026,Agency_13,In Progress,normal,0,0.363,-4.0,361
P00464,Community Hall Project 0464,West Bengal,Malda,MP_030,Community Hall,1350000.0,1305000.0,1305000.0,95.7,2026-03-06,2026-03-16,2027-04-13,2027-05-20,24.26384559128448,78.77531002948224,Contractor_007,Agency_09,Completed,normal,0,0.967,1.0,403
P00465,Health Facility Project 0465,Karnataka,Belagavi,MP_538,Health Facility,1167000.0,873000.0,468000.0,35.7,2025-04-14,2025-04-24,2025-12-27,,12.719783249077315,77.0461821887772,Contractor_020,Agency_10,In Progress,normal,0,0.401,4.4,257
P00466,Sports Facility Project 0466,Maharashtra,Aurangabad,MP_342,Sports Facility,827000.0,470000.0,469000.0,51.5,2025-03-01,2025-03-11,2026-01-20,,16.429415488632166,91.10262301991452,Contractor_016,Agency_07,In Progress,normal,0,0.567,5.2,325
P00467,Road Project 0467,Maharashtra,Aurangabad,MP_049,Road,1863000.0,1774000.0,1332000.0,68.3,2026-01-31,2026-02-10,2026-06-18,,13.807160495685375,73.94271290302594,Contractor_022,Agency_01,Delayed,normal,0,0.715,3.2,138
P00468,Drinking Water Project 0468,Tamil Nadu,Coimbatore,MP_070,Drinking Water,1410000.0,967000.0,569000.0,35.7,2025-05-16,2025-05-26,2026-01-26,,24.94025089703516,87.22311779109275,Contractor_031,Agency_08,In Progress,normal,0,0.404,4.7,255
P00469,School Building Project 0469,Karnataka,Belagavi,MP_026,School Building,2993000.0,2611000.0,2371000.0,71.9,2024-04-15,2024-04-25,2025-05-21,,9.451160222616734,76.50386164013439,Contractor_037,Agency_01,In Progress,normal,0,0.792,7.3,401
P00470,Sports Facility Project 0470,Telangana,Nizamabad,MP_030,Sports Facility,2213000.0,1600000.0,1600000.0,72.8,2025-03-25,2025-04-04,2025-10-13,,8.784472882864783,83.20340744048133,Contractor_028,Agency_18,In Progress,normal,0,0.723,-0.5,202
P00471,Drinking Water Project 1000 - Similar Work,Maharashtra,Nashik,MP_536,Drinking Water,3726000.0,2255000.0,2255000.0,61.5,2025-06-01,2025-06-11,2025-10-05,,30.691473941046166,80.98940259674858,Contractor_013,Agency_11,In Progress,duplicate,1,0.605,-1.0,126
P00472,Street Lighting Project 0472,Gujarat,Surat,MP_029,Street Lighting,504000.0,381000.0,250000.0,58.0,2024-05-26,2024-06-05,2025-07-14,,10.082402601931502,74.148977673503,Contractor_054,Agency_10,In Progress,normal,0,0.496,-8.4,414
P00473,Road Project 0473,Rajasthan,Jaipur,MP_021,Road,2804000.0,2053000.0,1147000.0,42.5,2026-03-29,2026-04-08,2027-01-13,,11.36497551598919,74.72693253429944,Contractor_021,Agency_12,In Progress,normal,0,0.409,-1.6,290
P00474,Drinking Water Project 0474,Rajasthan,Jaipur,MP_107,Drinking Water,9504000.0,9504000.0,8545000.0,69.0,2024-03-28,2024-04-07,2024-10-21,,28.846409845108784,90.82567934043885,Contractor_013,Agency_09,In Progress,financial,1,0.899,20.9,207
P00475,Health Facility Project 0475,Maharashtra,Nagpur,MP_311,Health Facility,3508000.0,2220000.0,2220000.0,100.0,2025-08-28,2025-09-07,2026-06-24,2026-07-18,15.766456129937868,78.75767132932539,Contractor_055,Agency_06,Completed,normal,0,0.633,-36.7,300
P00476,Sports Facility Project 0476,Gujarat,Surat,MP_264,Sports Facility,1872000.0,1199000.0,1199000.0,100.0,2025-07-09,2025-07-19,2025-11-06,2025-12-25,14.859534690958597,88.61986881200626,Contractor_027,Agency_16,Completed,normal,0,0.64,-36.0,120
P00477,Sports Facility Project 0477,Kerala,Kollam,MP_322,Sports Facility,1673000.0,1241000.0,1241000.0,81.1,2025-05-26,2025-06-05,2025-12-10,,31.050103337170672,79.99567042554982,Contractor_016,Agency_01,In Progress,normal,0,0.742,-6.9,198
P00478,Sports Facility Project 0478,West Bengal,Howrah,MP_454,Sports Facility,2809000.0,2165000.0,1727000.0,55.3,2026-01-09,2026-01-19,2026-10-22,,18.052385633955645,87.67808502695976,Contractor_056,Agency_12,Delayed,normal,0,0.615,6.2,286
P00479,Health Facility Project 0479,Gujarat,Vadodara,MP_209,Health Facility,3926000.0,3851000.0,2621000.0,58.3,2024-05-31,2024-06-10,2024-10-27,,11.09698472884615,88.24224588310592,Contractor_037,Agency_12,In Progress,normal,0,0.668,8.5,149
P00480,Drinking Water Project 0480,Rajasthan,Jodhpur,MP_420,Drinking Water,1164000.0,875000.0,875000.0,100.0,2025-06-01,2025-06-11,2026-07-06,2026-07-17,33.77806966124902,77.47991931255967,Contractor_020,Agency_06,Completed,normal,0,0.752,-24.8,400
P00481,Health Facility Project 0481,Rajasthan,Jaipur,MP_348,Health Facility,3453000.0,3027000.0,1688000.0,57.3,2025-04-15,2025-04-25,2025-11-09,,12.945508873700708,78.27898576496179,Contractor_023,Agency_09,Delayed,normal,0,0.489,-8.4,208
P00482,Sports Facility Project 0482,Gujarat,Surat,MP_505,Sports Facility,2168000.0,1529000.0,1389000.0,52.37905425327784,2024-10-21,2024-10-31,2025-02-13,2026-04-13,16.666102713697693,74.41238708565862,Contractor_048,Agency_13,Delayed,delay,1,0.641,11.7,115
P00483,Community Hall Project 0483,Rajasthan,Kota,MP_241,Community Hall,1436000.0,884000.0,884000.0,61.5,2024-02-04,2024-02-14,2025-01-12,,27.958689688394635,87.4028674227619,Contractor_017,Agency_05,In Progress,normal,0,0.616,0.1,343
P00484,Community Hall Project 0484,Tamil Nadu,Chennai,MP_153,Community Hall,3327000.0,2870000.0,2190000.0,59.9,2024-10-31,2024-11-10,2025-04-17,,9.29235782571674,89.90116636090997,Contractor_043,Agency_12,In Progress,normal,0,0.658,5.9,168
P00485,Community Hall Project 0485,Rajasthan,Jodhpur,MP_503,Community Hall,3170000.0,2812000.0,2329000.0,80.6,2024-02-29,2024-03-10,2024-11-02,,25.170113148466434,85.5886896837514,Contractor_047,Agency_19,In Progress,normal,0,0.735,-7.1,247
P00486,Street Lighting Project 0486,Karnataka,Dharwad,MP_043,Street Lighting,800000.0,571000.0,486000.0,58.2,2025-05-21,2025-05-31,2025-08-29,,31.424796093705037,90.21306333246912,Contractor_026,Agency_20,In Progress,normal,0,0.608,2.6,100
P00487,Community Hall Project 0487,Karnataka,Mysuru,MP_017,Community Hall,3485000.0,2412000.0,2412000.0,75.1,2025-10-28,2025-11-07,2026-10-24,,24.97547667388809,86.19942897099904,Contractor_018,Agency_06,Delayed,normal,0,0.692,-5.9,361
P00488,School Building Project 0488,West Bengal,Darjeeling,MP_104,School Building,5231000.0,3393000.0,2519000.0,44.4,2024-07-02,2024-07-12,2025-08-10,,28.300876459346664,74.40277963837207,Contractor_012,Agency_04,In Progress,normal,0,0.482,3.8,404
P00489,Community Hall Project 0489,Tamil Nadu,Coimbatore,MP_239,Community Hall,2686000.0,1946000.0,1032000.0,38.8,2026-03-01,2026-03-11,2026-07-08,,16.254245873255343,79.14875723280417,Contractor_023,Agency_14,In Progress,normal,0,0.384,-0.4,129
P00490,Drinking Water Project 0490,Telangana,Hyderabad,MP_402,Drinking Water,902000.0,652000.0,565000.0,61.6,2025-08-02,2025-08-12,2026-03-09,,12.416147700538783,77.18481052223729,Contractor_031,Agency_17,In Progress,normal,0,0.626,1.0,219
P00491,Road Project 0491,Rajasthan,Jodhpur,MP_018,Road,1529000.0,971000.0,971000.0,92.4,2025-10-20,2025-10-30,2026-05-08,,12.01203888286037,79.6974581337712,Contractor_059,Agency_08,In Progress,normal,0,0.635,-28.9,200
P00492,Health Facility Project 0492,Gujarat,Surat,MP_450,Health Facility,1024000.0,993000.0,879000.0,17.41297415425769,2025-10-29,2025-11-08,2026-05-04,,23.705814214140496,79.77471786096807,Contractor_001,Agency_09,In Progress,progress_mismatch,1,0.858,68.4,187
P00493,Community Hall Project 0493,Rajasthan,Udaipur,MP_520,Community Hall,3195000.0,1889000.0,1467000.0,50.4,2024-12-28,2025-01-07,2025-04-12,,11.532436259441862,88.77514698963037,Contractor_010,Agency_17,In Progress,normal,0,0.459,-4.5,105
P00494,School Building Project 0494,Telangana,Nizamabad,MP_246,School Building,2717000.0,2505000.0,1055000.0,38.4,2026-03-27,2026-04-06,2027-01-30,,23.02112459331027,87.50061657772628,Contractor_054,Agency_04,In Progress,normal,0,0.388,0.4,309
P00495,Street Lighting Project 0495,Gujarat,Rajkot,MP_377,Street Lighting,514000.0,432000.0,351000.0,78.7,2025-03-26,2025-04-05,2026-01-21,,10.940410168112031,87.3508825509999,Contractor_018,Agency_02,In Progress,normal,0,0.683,-10.4,301
P00496,School Building Project 0496,Maharashtra,Aurangabad,MP_035,School Building,2136000.0,1673000.0,613000.0,27.6,2025-11-07,2025-11-17,2026-09-05,,13.559452972535205,86.22131418778318,Contractor_004,Agency_03,In Progress,normal,0,0.287,1.1,302
P00497,Road Project 0497,Gujarat,Ahmedabad,MP_193,Road,2061000.0,2060000.0,1185000.0,67.6,2025-01-18,2025-01-28,2025-08-26,,31.003000691344695,90.76913444440657,Contractor_047,Agency_18,In Progress,normal,0,0.575,-10.1,220
P00498,Street Lighting Project 0498,Rajasthan,Jaipur,MP_178,Street Lighting,1195000.0,825000.0,825000.0,78.4,2024-12-16,2024-12-26,2025-12-17,,27.191408356073477,73.83351375791467,Contractor_019,Agency_07,Delayed,geo,1,0.69,-9.4,366
P00499,Drinking Water Project 0499,Karnataka,Bengaluru Urban,MP_482,Drinking Water,842000.0,655000.0,655000.0,91.7,2024-08-04,2024-08-14,2025-02-22,,12.547112158079434,80.62049491653138,Contractor_053,Agency_16,Delayed,normal,0,0.778,-13.9,202
P00500,Drinking Water Project 0500,Andhra Pradesh,Visakhapatnam,MP_540,Drinking Water,1574000.0,1197000.0,1197000.0,100.0,2024-03-26,2024-04-05,2024-08-30,2024-09-19,13.172766582401232,75.58253730362428,Contractor_038,Agency_12,Completed,normal,0,0.76,-24.0,157
P00501,Community Hall Project 0501,Odisha,Cuttack,MP_169,Community Hall,2288000.0,1952000.0,1952000.0,78.3,2024-07-31,2024-08-10,2025-09-01,,17.052950720961412,89.36035065264875,Contractor_049,Agency_11,Delayed,normal,0,0.853,7.0,397
P00502,Community Hall Project 0502,Rajasthan,Jodhpur,MP_001,Community Hall,3256000.0,2227000.0,2227000.0,97.4,2025-12-14,2025-12-24,2026-11-14,2026-11-14,22.38043016267919,84.5489655129825,Contractor_041,Agency_12,Completed,contractor_pattern,1,0.684,-29.0,335
P00503,Street Lighting Project 0503,Telangana,Nizamabad,MP_159,Street Lighting,1466000.0,1216000.0,1216000.0,85.5,2024-09-03,2024-09-13,2025-09-21,,17.23593907145146,76.18672909951417,Contractor_014,Agency_14,In Progress,normal,0,0.829,-2.6,383
P00504,Sports Facility Project 0504,Karnataka,Dharwad,MP_201,Sports Facility,1466000.0,1249000.0,1228000.0,74.2,2024-09-14,2024-09-24,2025-03-08,,12.70684732695255,91.16837230494767,Contractor_046,Agency_05,In Progress,normal,0,0.838,9.6,175
P00505,Sports Facility Project 0505,Odisha,Ganjam,MP_276,Sports Facility,1146000.0,1084000.0,776000.0,79.1,2024-05-12,2024-05-22,2025-03-24,,16.61056897172312,75.23761295878506,Contractor_007,Agency_20,In Progress,normal,0,0.677,-11.4,316
P00506,Street Lighting Project 0407 - Similar Work,Kerala,Thrissur,MP_395,Street Lighting,4885000.0,4222000.0,3496000.0,75.5,2025-12-24,2026-01-03,2027-02-01,,21.74583356838429,89.5385409958756,Contractor_005,Agency_06,Delayed,duplicate,1,0.716,-3.9,404
P00507,Sports Facility Project 0507,Kerala,Kozhikode,MP_314,Sports Facility,1681000.0,1523000.0,1208000.0,84.3,2025-06-05,2025-06-15,2026-07-01,,31.813740289837025,80.89168913855093,Contractor_011,Agency_12,In Progress,normal,0,0.719,-12.4,391
P00508,Sports Facility Project 0508,Kerala,Kozhikode,MP_307,Sports Facility,855000.0,815000.0,533000.0,61.5,2025-03-27,2025-04-06,2025-11-13,,23.627123238489723,81.19720543960742,Contractor_018,Agency_15,In Progress,normal,0,0.623,0.8,231
P00509,Drinking Water Project 0509,Odisha,Khordha,MP_243,Drinking Water,1074000.0,906000.0,713000.0,72.4,2025-08-27,2025-09-06,2026-01-13,,23.824264404745165,74.06101837917255,Contractor_038,Agency_09,In Progress,normal,0,0.664,-6.0,139
P00510,Drinking Water Project 0510,Karnataka,Mysuru,MP_423,Drinking Water,1729000.0,959000.0,959000.0,60.0,2025-06-29,2025-07-09,2026-04-18,,16.03438716143462,81.04121649892018,Contractor_044,Agency_04,In Progress,normal,0,0.555,-4.5,293
P00511,School Building Project 0511,Gujarat,Surat,MP_027,School Building,2009000.0,1709000.0,1573000.0,73.6,2024-03-01,2024-03-11,2024-11-07,,18.29937552054048,88.48003355992621,Contractor_038,Agency_16,In Progress,normal,0,0.783,4.7,251
P00512,School Building Project 0512,Telangana,Warangal,MP_101,School Building,2524000.0,2047000.0,1444000.0,58.4,2025-06-13,2025-06-23,2025-12-12,,19.67844110354426,84.39732022302319,Contractor_012,Agency_08,In Progress,normal,0,0.572,-1.2,182
P00513,Sports Facility Project 0513,Maharashtra,Nagpur,MP_231,Sports Facility,2797000.0,2545000.0,2057000.0,68.5,2024-06-21,2024-07-01,2025-05-21,,21.831876865706526,75.27491951368035,Contractor_003,Agency_05,In Progress,normal,0,0.735,5.0,334
P00514,Sports Facility Project 0514,Gujarat,Vadodara,MP_478,Sports Facility,2751000.0,2327000.0,1326000.0,46.6,2024-08-06,2024-08-16,2025-05-15,,22.367826883647957,82.91462992879781,Contractor_038,Agency_19,In Progress,normal,0,0.482,1.6,282
P00515,Sports Facility Project 0515,Kerala,Ernakulam,MP_096,Sports Facility,2435000.0,1745000.0,1745000.0,100.0,2025-05-06,2025-05-16,2026-05-15,2026-05-15,19.050654658962664,73.00076407270369,Contractor_046,Agency_02,Completed,normal,0,0.717,-28.3,374
P00516,Sports Facility Project 0516,Odisha,Khordha,MP_471,Sports Facility,2752000.0,2189000.0,2189000.0,37.890704403260564,2025-10-15,2025-10-25,2026-07-11,2027-06-23,11.39637771963963,90.53349765529241,Contractor_041,Agency_18,Delayed,delay,1,0.795,41.6,269
P00517,Community Hall Project 0517,Kerala,Ernakulam,MP_229,Community Hall,1292000.0,747000.0,747000.0,69.3,2025-12-01,2025-12-11,2026-03-30,,29.854032159348048,73.84094473663173,Contractor_038,Agency_13,In Progress,normal,0,0.578,-11.5,119
P00518,Sports Facility Project 0518,Kerala,Kollam,MP_455,Sports Facility,2961000.0,2543000.0,2543000.0,94.6,2025-04-12,2025-04-22,2025-12-27,,10.737153085307654,74.68652049333195,Contractor_045,Agency_16,Delayed,normal,0,0.859,-8.7,259
P00519,Community Hall Project 0519,Maharashtra,Pune,MP_178,Community Hall,3666000.0,3337000.0,2814000.0,73.4,2024-02-28,2024-03-09,2025-04-21,,15.90706694434034,78.15511462120602,Contractor_036,Agency_18,In Progress,normal,0,0.768,3.4,418
P00520,Health Facility Project 0520,Andhra Pradesh,Visakhapatnam,MP_503,Health Facility,1624000.0,1589000.0,1589000.0,100.0,2026-01-31,2026-02-10,2026-05-22,2026-06-21,26.765034863153243,85.37874429826479,Contractor_052,Agency_16,Completed,normal,0,0.978,-2.2,111
P00521,Community Hall Project 0521,Maharashtra,Aurangabad,MP_533,Community Hall,1203000.0,761000.0,761000.0,57.0,2025-08-01,2025-08-11,2025-11-15,,18.06716273309499,87.74151953896232,Contractor_020,Agency_16,In Progress,normal,0,0.633,6.3,106
P00522,Community Hall Project 0522,Andhra Pradesh,Guntur,MP_045,Community Hall,1429000.0,1103000.0,432000.0,34.9,2025-06-02,2025-06-12,2026-04-12,,27.411865876399578,91.15011483910442,Contractor_050,Agency_10,In Progress,normal,0,0.302,-4.7,314
P00523,Sports Facility Project 0523,Odisha,Cuttack,MP_482,Sports Facility,2118000.0,1500000.0,254000.0,11.0,2024-10-31,2024-11-10,2025-03-22,,21.797168871743285,77.12420341125082,Contractor_022,Agency_01,In Progress,normal,0,0.12,1.0,142
P00524,Street Lighting Project 0524,Odisha,Ganjam,MP_256,Street Lighting,1169000.0,689000.0,689000.0,100.0,2025-04-11,2025-04-21,2025-09-08,2025-09-08,14.484068739783364,87.30380999222128,Contractor_049,Agency_18,Completed,normal,0,0.589,-41.1,150
P00525,Health Facility Project 0525,Gujarat,Rajkot,MP_063,Health Facility,2852000.0,2621000.0,1521000.0,59.9,2025-11-21,2025-12-01,2026-04-16,,24.336973490341435,82.98364712038928,Contractor_037,Agency_19,In Progress,normal,0,0.533,-6.6,146
P00526,Drinking Water Project 0526,Kerala,Thrissur,MP_280,Drinking Water,1328000.0,1092000.0,946000.0,69.9,2024-12-02,2024-12-12,2025-09-21,,26.395825387601537,89.14086744414851,Contractor_023,Agency_02,In Progress,normal,0,0.712,1.3,293
P00527,Health Facility Project 0527,Maharashtra,Aurangabad,MP_437,Health Facility,1299000.0,1111000.0,468000.0,35.8,2025-03-12,2025-03-22,2025-12-26,,13.40920623811105,79.64453224451691,Contractor_019,Agency_09,In Progress,normal,0,0.36,0.2,289
P00528,Community Hall Project 0528,Kerala,Thrissur,MP_378,Community Hall,3163000.0,1987000.0,1987000.0,100.0,2025-12-19,2025-12-29,2026-08-22,2027-01-03,21.754982867577645,88.37823089525475,Contractor_024,Agency_14,Completed,normal,0,0.628,-37.2,246
P00529,Health Facility Project 0529,Rajasthan,Jodhpur,MP_282,Health Facility,3613000.0,2881000.0,2352000.0,58.5,2024-10-09,2024-10-19,2025-10-26,,13.319734885112368,80.16447761561665,Contractor_057,Agency_07,Delayed,normal,0,0.651,6.6,382
P00530,Street Lighting Project 0530,Odisha,Cuttack,MP_056,Street Lighting,855000.0,812000.0,427000.0,54.5,2025-04-27,2025-05-07,2026-03-16,,33.86742421387611,89.79928138311226,Contractor_007,Agency_01,In Progress,normal,0,0.499,-4.6,323
P00531,Community Hall Project 0531,Gujarat,Surat,MP_139,Community Hall,3462000.0,2810000.0,2651000.0,75.4,2024-02-06,2024-02-16,2025-03-10,,8.991208044371973,85.49103213462263,Contractor_042,Agency_15,Delayed,normal,0,0.766,1.2,398
P00532,Street Lighting Project 0532,Gujarat,Vadodara,MP_351,Street Lighting,1292000.0,1127000.0,854000.0,72.7,2024-10-09,2024-10-19,2025-07-26,,11.281369889312913,75.76838606436787,Contractor_005,Agency_04,In Progress,normal,0,0.661,-6.6,290
P00533,Drinking Water Project 0533,Andhra Pradesh,Krishna,MP_123,Drinking Water,853000.0,743000.0,683000.0,84.8,2025-05-31,2025-06-10,2025-11-07,,32.963196889771424,82.45149700382623,Contractor_023,Agency_01,In Progress,normal,0,0.801,-4.7,160
P00534,Drinking Water Project 0534,Maharashtra,Nagpur,MP_285,Drinking Water,2186000.0,1286000.0,1286000.0,97.3,2024-05-14,2024-05-24,2024-11-26,2024-11-26,8.910728629319568,88.08762443825879,Contractor_018,Agency_03,Completed,normal,0,0.588,-38.5,196
P00535,Drinking Water Project 0535,Andhra Pradesh,Tirupati,MP_439,Drinking Water,622000.0,575000.0,357000.0,64.4,2025-03-25,2025-04-04,2026-03-08,,30.93982857235471,85.28149960126345,Contractor_009,Agency_13,Delayed,normal,0,0.574,-7.0,348
P00536,Health Facility Project 0536,Kerala,Kozhikode,MP_146,Health Facility,4845000.0,2893000.0,2893000.0,79.0,2024-04-23,2024-05-03,2025-02-13,,28.786700223214815,88.08815376005931,Contractor_048,Agency_18,Delayed,normal,0,0.597,-19.3,296
P00537,Drinking Water Project 0537,Karnataka,Mysuru,MP_094,Drinking Water,519000.0,460000.0,443000.0,83.8,2025-01-30,2025-02-09,2025-10-04,,29.285623257379566,90.07356771210851,Contractor_015,Agency_01,Delayed,normal,0,0.854,1.6,247
P00538,Street Lighting Project 0538,Andhra Pradesh,Tirupati,MP_132,Street Lighting,671000.0,444000.0,444000.0,66.5,2024-07-29,2024-08-08,2024-11-02,,25.114649827034956,89.25331883083899,Contractor_014,Agency_14,In Progress,normal,0,0.662,-0.3,96
P00539,Health Facility Project 0539,Odisha,Ganjam,MP_368,Health Facility,4264000.0,2417000.0,2417000.0,68.7,2024-05-05,2024-05-15,2025-01-27,,25.022850866685562,79.5712129942111,Contractor_015,Agency_10,Delayed,normal,0,0.567,-12.0,267
P00540,Health Facility Project 0540,Kerala,Kozhikode,MP_368,Health Facility,2721000.0,2282000.0,1939000.0,81.6,2024-02-08,2024-02-18,2024-09-24,,8.57241791169877,75.78079203026806,Contractor_060,Agency_10,In Progress,normal,0,0.713,-10.3,229
P00541,Sports Facility Project 0541,Andhra Pradesh,Krishna,MP_440,Sports Facility,1254000.0,1126000.0,782000.0,60.1,2025-08-13,2025-08-23,2026-05-30,,9.407567498839137,83.30182131696584,Contractor_029,Agency_20,In Progress,normal,0,0.624,2.3,290
P00542,Street Lighting Project 0542,Andhra Pradesh,Tirupati,MP_276,Street Lighting,1207000.0,851000.0,750000.0,59.2,2024-07-06,2024-07-16,2025-07-30,,29.546730685676117,79.36356478257098,Contractor_038,Agency_14,In Progress,normal,0,0.621,2.9,389
P00543,Drinking Water Project 0543,Odisha,Cuttack,MP_379,Drinking Water,1256000.0,1228000.0,1060000.0,95.6,2024-02-06,2024-02-16,2024-10-12,2024-10-12,31.624987360841835,84.02482458860115,Contractor_006,Agency_08,Completed,normal,0,0.844,-11.2,249
P00544,Sports Facility Project 0544,West Bengal,Darjeeling,MP_314,Sports Facility,2681000.0,2462000.0,1168000.0,49.2,2025-11-24,2025-12-04,2026-09-06,,9.772725014564683,82.57362310189144,Contractor_038,Agency_14,In Progress,normal,0,0.436,-5.6,286
P00545,Community Hall Project 0545,Gujarat,Rajkot,MP_345,Community Hall,3572000.0,3186000.0,3047000.0,100.0,2025-10-27,2025-11-06,2026-03-22,2026-03-22,9.713612014179558,75.79696061169199,Contractor_027,Agency_17,Completed,normal,0,0.853,-14.7,146
P00546,Street Lighting Project 0546,Kerala,Thrissur,MP_462,Street Lighting,1475000.0,1404000.0,1164000.0,70.9,2026-03-17,2026-03-27,2026-07-27,,12.113488921605478,75.01247818991169,Contractor_035,Agency_19,Delayed,normal,0,0.789,8.0,132
P00547,Community Hall Project 0547,Karnataka,Bengaluru Urban,MP_483,Community Hall,2368000.0,1435000.0,1435000.0,66.5,2024-11-09,2024-11-19,2025-06-08,,15.541727187220657,77.0580111403597,Contractor_050,Agency_09,In Progress,normal,0,0.606,-5.9,211
P00548,Health Facility Project 0548,Tamil Nadu,Coimbatore,MP_217,Health Facility,4117000.0,4111000.0,2380000.0,59.8,2024-01-05,2024-01-15,2025-01-01,,15.066974913791503,82.6422292149657,Contractor_043,Agency_09,Delayed,normal,0,0.578,-2.0,362
P00549,Road Project 0549,Andhra Pradesh,Visakhapatnam,MP_314,Road,1296000.0,729000.0,729000.0,84.6,2025-12-22,2026-01-01,2026-10-25,,31.079593233440296,85.27524139910443,Contractor_053,Agency_09,In Progress,normal,0,0.562,-28.4,307
P00550,Sports Facility Project 0550,Karnataka,Bengaluru Urban,MP_159,Sports Facility,1465000.0,1379000.0,612000.0,45.5,2024-12-07,2024-12-17,2025-03-14,,31.899504585983586,73.69684775548208,Contractor_026,Agency_01,In Progress,normal,0,0.418,-3.7,97
P00551,Road Project 0551,Telangana,Hyderabad,MP_471,Road,1952000.0,1623000.0,631000.0,23.232134205739598,2025-11-20,2025-11-30,2026-03-25,2027-02-02,9.052927374063959,84.03954189147724,Contractor_040,Agency_02,Delayed,delay,1,0.323,9.1,125
P00552,Street Lighting Project 0552,Gujarat,Ahmedabad,MP_037,Street Lighting,4157000.0,4157000.0,3715000.0,31.9,2025-11-11,2025-11-21,2026-09-22,,24.099560502756695,84.71804034244873,Contractor_011,Agency_20,Delayed,financial,1,0.894,57.5,315
P00553,Drinking Water Project 0553,West Bengal,Howrah,MP_109,Drinking Water,1575000.0,1319000.0,1198000.0,74.9,2024-02-25,2024-03-06,2025-01-26,,29.747166591222808,81.20665610076915,Contractor_053,Agency_20,In Progress,normal,0,0.761,1.2,336
P00554,Road Project 0554,Karnataka,Dharwad,MP_144,Road,1609000.0,1320000.0,845000.0,54.4,2024-04-19,2024-04-29,2024-12-23,,18.818914229051938,87.80088299924074,Contractor_029,Agency_08,Delayed,normal,0,0.525,-1.9,248
P00555,Drinking Water Project 0555,Odisha,Khordha,MP_188,Drinking Water,501000.0,288000.0,288000.0,59.6,2026-01-03,2026-01-13,2026-05-31,,16.40027287034104,77.55062100800521,Contractor_059,Agency_01,In Progress,normal,0,0.575,-2.1,148
P00556,Road Project 0556,Gujarat,Vadodara,MP_182,Road,1432000.0,1201000.0,817000.0,61.4,2024-04-09,2024-04-19,2024-10-06,,32.88772588815775,76.47229059435058,Contractor_053,Agency_04,In Progress,normal,0,0.571,-4.3,180
P00557,Street Lighting Project 0557,Andhra Pradesh,Krishna,MP_358,Street Lighting,488000.0,289000.0,289000.0,76.5,2024-06-09,2024-06-19,2025-04-22,,16.620036730048454,90.88478992551605,Contractor_050,Agency_15,In Progress,normal,0,0.592,-17.3,317
P00558,Community Hall Project 0558,West Bengal,Malda,MP_249,Community Hall,2075000.0,1406000.0,1406000.0,81.0,2025-09-04,2025-09-14,2026-06-01,,8.301805768701618,91.14367900159891,Contractor_010,Agency_14,In Progress,normal,0,0.678,-13.2,270
P00559,Sports Facility Project 0559,Telangana,Nizamabad,MP_254,Sports Facility,2012000.0,1914000.0,1449000.0,69.9,2024-10-16,2024-10-26,2025-09-13,,26.22251553918016,92.12342263211312,Contractor_024,Agency_09,In Progress,normal,0,0.72,2.1,332
P00560,Health Facility Project 0560,Kerala,Kozhikode,MP_205,Health Facility,2702000.0,2691000.0,2061000.0,79.6,2024-12-29,2025-01-08,2026-02-12,,9.147174439575602,83.15076476002075,Contractor_024,Agency_17,In Progress,normal,0,0.763,-3.3,410
P00561,Street Lighting Project 0561,Odisha,Ganjam,MP_337,Street Lighting,1174000.0,1026000.0,860000.0,70.6,2024-06-17,2024-06-27,2025-05-30,,11.710665645302784,76.55780238932815,Contractor_033,Agency_10,In Progress,normal,0,0.733,2.7,347
P00562,Road Project 0562,West Bengal,Kolkata,MP_279,Road,2534000.0,1563000.0,1327000.0,45.7,2024-12-19,2024-12-29,2025-04-05,,11.996828173297361,86.11162165647914,Contractor_024,Agency_08,In Progress,normal,0,0.524,6.7,107
P00563,Sports Facility Project 0563,Telangana,Warangal,MP_086,Sports Facility,2646000.0,1494000.0,1494000.0,83.0,2024-01-27,2024-02-06,2024-07-26,,26.146936529816905,76.5707672399139,Contractor_033,Agency_09,In Progress,normal,0,0.565,-26.5,181
P00564,Sports Facility Project 0564,Tamil Nadu,Coimbatore,MP_268,Sports Facility,2000000.0,1231000.0,1231000.0,73.7,2024-07-02,2024-07-12,2025-07-08,,19.8679543357036,81.28823731697486,Contractor_028,Agency_19,In Progress,normal,0,0.616,-12.1,371
P00565,Sports Facility Project 0565,Gujarat,Surat,MP_368,Sports Facility,1219000.0,864000.0,497000.0,41.8,2025-11-26,2025-12-06,2026-11-23,,22.800604724418204,85.37343885794296,Contractor_002,Agency_04,Delayed,normal,0,0.408,-1.0,362
P00566,School Building Project 0566,Tamil Nadu,Chennai,MP_339,School Building,2252000.0,1331000.0,1331000.0,93.8,2025-11-03,2025-11-13,2026-05-28,,29.69758015687254,76.75345519484117,Contractor_028,Agency_09,In Progress,normal,0,0.591,-34.7,206
P00567,Community Hall Project 0567,Maharashtra,Nagpur,MP_135,Community Hall,3759000.0,3168000.0,3168000.0,100.0,2026-02-14,2026-02-24,2027-01-05,2027-01-24,11.770792214618009,73.775343462042,Contractor_028,Agency_15,Completed,normal,0,0.843,-15.7,325
P00568,Community Hall Project 0568,West Bengal,Howrah,MP_254,Community Hall,1224000.0,1114000.0,645000.0,61.4,2025-12-13,2025-12-23,2026-12-06,,23.51794264076849,73.21117648538711,Contractor_005,Agency_01,In Progress,normal,0,0.527,-8.7,358
P00569,Street Lighting Project 0569,Maharashtra,Nashik,MP_148,Street Lighting,1088000.0,966000.0,953000.0,81.0,2024-06-27,2024-07-07,2025-05-12,,10.435291161219169,89.30487367062409,Contractor_012,Agency_12,In Progress,normal,0,0.876,6.6,319
P00570,School Building Project 0570,West Bengal,Darjeeling,MP_500,School Building,3005000.0,2857000.0,2857000.0,100.0,2026-04-03,2026-04-13,2027-04-10,2027-08-30,11.597260202558665,88.46112456341358,Contractor_019,Agency_17,Completed,normal,0,0.951,-4.9,372
P00571,Health Facility Project 0571,Gujarat,Vadodara,MP_049,Health Facility,16764000.0,16764000.0,13644000.0,57.9,2024-08-25,2024-09-04,2025-08-27,,30.094279804298434,79.61804921663152,Contractor_003,Agency_15,In Progress,financial,1,0.814,23.5,367
P00572,Community Hall Project 0572,Rajasthan,Jaipur,MP_293,Community Hall,3856000.0,2386000.0,2240000.0,58.0,2025-12-20,2025-12-30,2026-04-10,,20.80950488288008,84.5864625619508,Contractor_060,Agency_05,Delayed,normal,0,0.581,0.1,111
P00573,Health Facility Project 0573,Karnataka,Mysuru,MP_319,Health Facility,1440000.0,1179000.0,1035000.0,65.1,2026-01-05,2026-01-15,2026-12-07,,14.645476580216902,81.34952504395477,Contractor_005,Agency_20,In Progress,normal,0,0.719,6.8,336
P00574,Drinking Water Project 0574,Karnataka,Belagavi,MP_084,Drinking Water,1993000.0,1436000.0,1436000.0,90.6,2025-02-03,2025-02-13,2025-10-02,,30.724197578197494,90.63073445500676,Contractor_006,Agency_18,In Progress,normal,0,0.721,-18.5,241
P00575,Community Hall Project 0575,Maharashtra,Nagpur,MP_379,Community Hall,2914000.0,2855000.0,1246000.0,42.8,2024-08-29,2024-09-08,2025-07-29,,31.917146942264225,87.81167192864865,Contractor_024,Agency_09,In Progress,normal,0,0.428,0.0,334
P00576,Sports Facility Project 0576,West Bengal,Howrah,MP_192,Sports Facility,1455000.0,1418000.0,1082000.0,75.0,2025-02-28,2025-03-10,2025-12-01,,21.617322988420455,75.25516867338548,Contractor_057,Agency_18,In Progress,normal,0,0.744,-0.6,276
P00577,Street Lighting Project 0577,Gujarat,Surat,MP_388,Street Lighting,547000.0,437000.0,364000.0,58.2,2025-01-02,2025-01-12,2025-07-17,,13.475448679360323,78.56254078936104,Contractor_041,Agency_18,In Progress,normal,0,0.665,8.3,196
P00578,Health Facility Project 0578,Karnataka,Mysuru,MP_096,Health Facility,3823000.0,3603000.0,2676000.0,65.1,2025-01-28,2025-02-07,2025-11-15,,15.313554937347254,75.24188764831901,Contractor_056,Agency_20,In Progress,normal,0,0.7,4.9,291
P00579,Community Hall Project 0579,Maharashtra,Pune,MP_418,Community Hall,2878000.0,1996000.0,1996000.0,69.8,2024-04-26,2024-05-06,2024-08-15,,12.212225106116627,83.72596794521085,Contractor_033,Agency_17,In Progress,normal,0,0.694,-0.4,111
P00580,Community Hall Project 0580,Rajasthan,Jaipur,MP_530,Community Hall,1007000.0,792000.0,792000.0,99.0,2024-06-25,2024-07-05,2025-04-20,2025-04-20,24.94670290349914,76.89432233687853,Contractor_026,Agency_01,Completed,normal,0,0.786,-20.4,299
P00581,Drinking Water Project 0581,Maharashtra,Aurangabad,MP_112,Drinking Water,2394000.0,1892000.0,1812000.0,76.8,2025-01-03,2025-01-13,2025-07-17,,26.02530206689814,79.45652833216313,Contractor_038,Agency_11,In Progress,normal,0,0.757,-1.1,195
P00582,Community Hall Project 0582,Odisha,Ganjam,MP_257,Community Hall,1240000.0,695000.0,562000.0,46.8,2025-10-27,2025-11-06,2026-03-08,,18.807750957809816,81.44413116996425,Contractor_019,Agency_03,In Progress,normal,0,0.453,-1.5,132
P00583,Drinking Water Project 0583,Kerala,Kollam,MP_317,Drinking Water,1277000.0,994000.0,994000.0,88.4,2025-05-24,2025-06-03,2025-11-10,,31.700843399866418,89.29199802503454,Contractor_049,Agency_17,In Progress,normal,0,0.778,-10.6,170
P00584,Road Project 0584,Rajasthan,Jaipur,MP_163,Road,2318000.0,1764000.0,1274000.0,51.0,2024-05-10,2024-05-20,2024-09-14,,20.86345440946114,78.11627640782464,Contractor_016,Agency_14,In Progress,normal,0,0.55,4.0,127
P00585,Health Facility Project 0585,Gujarat,Vadodara,MP_407,Health Facility,3895000.0,3037000.0,3037000.0,93.6,2025-02-05,2025-02-15,2025-06-27,,15.078427241868782,83.70822562259546,Contractor_025,Agency_18,In Progress,normal,0,0.78,-15.6,142
P00586,Sports Facility Project 0586,Maharashtra,Pune,MP_546,Sports Facility,2894000.0,2720000.0,2455000.0,37.18029827556695,2025-09-17,2025-09-27,2026-08-25,,11.167712142703458,73.59952894461946,Contractor_055,Agency_16,In Progress,progress_mismatch,1,0.848,47.6,342
P00587,Drinking Water Project 0587,Karnataka,Mysuru,MP_405,Drinking Water,1195000.0,1065000.0,800000.0,60.3,2024-07-28,2024-08-07,2025-07-14,,31.123397183177957,77.74003479336298,Contractor_001,Agency_14,In Progress,normal,0,0.669,6.6,351
P00588,School Building Project 0588,Tamil Nadu,Chennai,MP_467,School Building,2675000.0,2271000.0,2266000.0,94.3,2026-04-22,2026-05-02,2026-11-05,,19.60301016260351,82.04634492611655,Contractor_012,Agency_08,In Progress,normal,0,0.847,-9.6,197
P00589,Street Lighting Project 0589,Karnataka,Belagavi,MP_023,Street Lighting,692000.0,561000.0,544000.0,72.7,2026-02-16,2026-02-26,2026-07-21,,9.403490129872207,84.35741779261173,Contractor_054,Agency_12,In Progress,normal,0,0.786,5.9,155
P00590,Road Project 0590,West Bengal,Malda,MP_403,Road,1195000.0,1062000.0,952000.0,80.4,2024-05-06,2024-05-16,2025-03-02,,13.633588001717854,78.7184131219845,Contractor_004,Agency_20,In Progress,normal,0,0.797,-0.7,300
P00591,Community Hall Project 0591,Karnataka,Mysuru,MP_283,Community Hall,1659000.0,1168000.0,1168000.0,100.0,2024-02-07,2024-02-17,2024-05-11,2024-05-17,15.270944046349623,92.34918688666,Contractor_019,Agency_15,Completed,normal,0,0.704,-29.6,94
P00592,Drinking Water Project 0592,West Bengal,Kolkata,MP_409,Drinking Water,843000.0,510000.0,510000.0,62.1,2025-01-16,2025-01-26,2026-02-15,,14.564391921736878,90.97524133577686,Contractor_044,Agency_11,In Progress,normal,0,0.605,-1.6,395
P00593,Road Project 0593,Odisha,Cuttack,MP_475,Road,878000.0,704000.0,379000.0,46.2,2025-12-19,2025-12-29,2026-06-24,,29.86875649447887,74.25519028388265,Contractor_049,Agency_04,Delayed,normal,0,0.432,-3.0,187
P00594,Drinking Water Project 0594,Andhra Pradesh,Krishna,MP_195,Drinking Water,789000.0,745000.0,745000.0,100.0,2025-12-26,2026-01-05,2026-08-28,2026-08-28,32.563191279593816,81.37593015689383,Contractor_056,Agency_14,Completed,normal,0,0.944,-5.6,245
P00595,Health Facility Project 0595,West Bengal,Darjeeling,MP_355,Health Facility,3466000.0,3307000.0,3164000.0,90.4,2025-03-02,2025-03-12,2026-03-23,,19.37452715314688,85.07032740058293,Contractor_055,Agency_09,In Progress,contractor_pattern,1,0.913,0.9,386
P00596,Community Hall Project 0596,Gujarat,Rajkot,MP_098,Community Hall,3880000.0,3567000.0,2072000.0,49.7,2026-04-03,2026-04-13,2026-09-19,,14.8384629367772,72.76920062596507,Contractor_002,Agency_20,Delayed,normal,0,0.534,3.7,169
P00597,Community Hall Project 0597,Rajasthan,Kota,MP_550,Community Hall,1762000.0,1519000.0,1519000.0,93.2,2025-03-12,2025-03-22,2026-05-01,,14.505598521733631,77.99417327813622,Contractor_025,Agency_02,In Progress,normal,0,0.862,-7.0,415
P00598,Drinking Water Project 0598,Telangana,Warangal,MP_059,Drinking Water,729000.0,490000.0,490000.0,76.5,2024-01-15,2024-01-25,2024-05-09,,13.904754195742584,74.85009421603704,Contractor_019,Agency_01,In Progress,normal,0,0.672,-9.3,115
P00599,Community Hall Project 0599,Tamil Nadu,Madurai,MP_227,Community Hall,2528000.0,1517000.0,1517000.0,100.0,2024-08-06,2024-08-16,2025-02-11,2025-06-06,14.518083270794495,77.98604134985423,Contractor_035,Agency_17,Completed,normal,0,0.6,-40.0,189
P00600,School Building Project 0600,Maharashtra,Nagpur,MP_321,School Building,3426000.0,1904000.0,1904000.0,77.8,2024-01-03,2024-01-13,2024-09-21,,26.258611584058816,86.10964194483125,Contractor_037,Agency_02,Delayed,normal,0,0.556,-22.2,262
P00601,Street Lighting Project 0601,Odisha,Sambalpur,MP_437,Street Lighting,1251000.0,836000.0,836000.0,100.0,2025-05-07,2025-05-17,2025-11-20,2026-01-07,8.81126070316083,88.90142968814652,Contractor_036,Agency_05,Completed,normal,0,0.668,-33.2,197
P00602,Health Facility Project 0602,West Bengal,Howrah,MP_172,Health Facility,1400000.0,815000.0,815000.0,66.6,2025-06-17,2025-06-27,2025-11-10,,33.72226942465775,85.95512571252648,Contractor_031,Agency_11,In Progress,normal,0,0.582,-8.4,146
P00603,Community Hall Project 0784 - Similar Work,Karnataka,Belagavi,MP_183,Community Hall,2079000.0,2040000.0,1915000.0,94.2,2024-11-16,2024-11-26,2025-07-02,,15.222196799670307,78.22055628663307,Contractor_057,Agency_06,In Progress,duplicate,1,0.921,-2.1,228
P00604,Health Facility Project 0604,West Bengal,Darjeeling,MP_177,Health Facility,2908000.0,1851000.0,1851000.0,100.0,2025-11-16,2025-11-26,2026-05-05,2026-06-17,19.425225020481076,86.22443389736674,Contractor_003,Agency_03,Completed,normal,0,0.637,-36.3,170
P00605,Sports Facility Project 0605,Maharashtra,Nagpur,MP_327,Sports Facility,783000.0,592000.0,592000.0,81.1,2026-01-27,2026-02-06,2026-10-06,,13.94542828914959,79.68562683731162,Contractor_002,Agency_19,In Progress,normal,0,0.756,-5.5,252
P00606,Community Hall Project 0606,Rajasthan,Kota,MP_450,Community Hall,2426000.0,1827000.0,1588000.0,16.549524300057872,2025-04-19,2025-04-29,2026-05-05,,15.409551296162412,79.48982800724531,Contractor_029,Agency_03,In Progress,progress_mismatch,1,0.655,49.0,381
P00607,Street Lighting Project 0607,Tamil Nadu,Madurai,MP_253,Street Lighting,581000.0,482000.0,207000.0,40.1,2025-04-18,2025-04-28,2025-11-06,,12.503368116654102,83.22528817774683,Contractor_036,Agency_13,In Progress,normal,0,0.356,-4.5,202
P00608,School Building Project 0608,Tamil Nadu,Chennai,MP_462,School Building,5354000.0,3695000.0,3695000.0,71.1,2024-05-11,2024-05-21,2024-12-13,,29.886871982707568,85.07925283508318,Contractor_022,Agency_09,In Progress,normal,0,0.69,-2.1,216
P00609,Road Project 0609,Rajasthan,Jodhpur,MP_020,Road,1720000.0,1046000.0,1046000.0,85.8,2024-11-18,2024-11-28,2025-06-01,,27.599199948297596,84.14332231391059,Contractor_040,Agency_17,In Progress,normal,0,0.608,-25.0,195
P00610,Health Facility Project 0610,Kerala,Thrissur,MP_329,Health Facility,4184000.0,2486000.0,1779000.0,49.8,2025-12-26,2026-01-05,2027-01-22,,16.762868808153307,84.55168188748372,Contractor_009,Agency_08,In Progress,normal,0,0.425,-7.3,392
P00611,Health Facility Project 0611,Maharashtra,Pune,MP_251,Health Facility,1379000.0,820000.0,510000.0,36.7,2024-01-08,2024-01-18,2024-12-17,,8.634114334921168,78.06547293203147,Contractor_002,Agency_16,In Progress,normal,0,0.37,0.3,344
P00612,Drinking Water Project 0612,Kerala,Kollam,MP_134,Drinking Water,663000.0,603000.0,470000.0,72.8,2025-01-07,2025-01-17,2026-01-28,,29.49213529916016,81.81334297879235,Contractor_058,Agency_14,In Progress,geo,1,0.709,-1.9,386
P00613,Health Facility Project 0613,Odisha,Cuttack,MP_192,Health Facility,4328000.0,3307000.0,3307000.0,91.4,2025-06-30,2025-07-10,2025-10-10,,20.188909576517617,92.04681602512944,Contractor_004,Agency_11,In Progress,normal,0,0.764,-15.0,102
P00614,Health Facility Project 0614,Kerala,Kozhikode,MP_212,Health Facility,3192000.0,2265000.0,1484000.0,48.2,2024-12-01,2024-12-11,2025-03-23,,9.769849315557057,85.67602737867989,Contractor_006,Agency_11,Delayed,normal,0,0.465,-1.7,112
P00615,Street Lighting Project 0615,Telangana,Warangal,MP_320,Street Lighting,1210000.0,1126000.0,1126000.0,100.0,2025-09-03,2025-09-13,2026-07-08,2026-08-05,22.53249100333055,87.99932185943632,Contractor_059,Agency_04,Completed,normal,0,0.931,-6.9,308
P00616,Sports Facility Project 0616,Andhra Pradesh,Visakhapatnam,MP_487,Sports Facility,1637000.0,1389000.0,672000.0,42.6,2024-05-14,2024-05-24,2024-08-18,,21.778302253009674,91.51105248237465,Contractor_041,Agency_09,In Progress,normal,0,0.411,-1.5,96
P00617,Health Facility Project 0617,Rajasthan,Kota,MP_106,Health Facility,2143000.0,1505000.0,1264000.0,59.0,2024-05-22,2024-06-01,2024-12-29,,13.104382876983871,75.14542389531765,Contractor_002,Agency_20,In Progress,normal,0,0.59,0.0,221
P00618,Sports Facility Project 0618,Maharashtra,Nashik,MP_009,Sports Facility,1827000.0,1032000.0,1032000.0,100.0,2026-03-06,2026-03-16,2027-02-01,2027-05-05,24.19524355990376,87.44488515364769,Contractor_046,Agency_10,Completed,normal,0,0.565,-43.5,332
P00619,Road Project 0619,Kerala,Thrissur,MP_350,Road,2942000.0,2149000.0,1601000.0,62.8,2024-08-06,2024-08-16,2025-01-20,,31.311498018634065,86.60167043623099,Contractor_031,Agency_20,In Progress,normal,0,0.544,-8.4,167
P00620,Road Project 0620,Telangana,Nizamabad,MP_112,Road,2123000.0,1244000.0,1244000.0,100.0,2024-10-15,2024-10-25,2025-07-23,2025-12-02,33.88641619001196,80.04453121840898,Contractor_035,Agency_15,Completed,normal,0,0.586,-41.4,281
P00621,Community Hall Project 0621,Tamil Nadu,Coimbatore,MP_062,Community Hall,2011000.0,1317000.0,885000.0,48.1,2024-04-28,2024-05-08,2024-10-07,,31.568531421209943,74.38738918037527,Contractor_006,Agency_07,In Progress,normal,0,0.44,-4.1,162
P00622,Community Hall Project 0622,Tamil Nadu,Madurai,MP_375,Community Hall,2553000.0,1454000.0,1454000.0,64.8,2024-10-28,2024-11-07,2025-07-18,,19.49791242658211,79.63280253742283,Contractor_009,Agency_05,Delayed,normal,0,0.57,-7.8,263
P00623,Sports Facility Project 0623,Tamil Nadu,Madurai,MP_359,Sports Facility,1455000.0,1244000.0,1244000.0,100.0,2024-01-23,2024-02-02,2025-02-05,2025-03-22,28.887085942974032,91.25876381863222,Contractor_044,Agency_20,Completed,normal,0,0.855,-14.5,379
P00624,Street Lighting Project 0624,Rajasthan,Jodhpur,MP_036,Street Lighting,1030000.0,858000.0,858000.0,100.0,2024-08-12,2024-08-22,2025-09-27,2025-09-27,12.18402124297363,75.15322684650954,Contractor_050,Agency_19,Completed,normal,0,0.833,-16.7,411
P00625,Sports Facility Project 0625,Kerala,Ernakulam,MP_175,Sports Facility,2879000.0,2050000.0,2050000.0,69.8,2025-05-26,2025-06-05,2026-05-28,,29.281253538585002,87.45804217254921,Contractor_050,Agency_17,In Progress,normal,0,0.712,1.4,367
P00626,Street Lighting Project 0626,Rajasthan,Kota,MP_413,Street Lighting,1197000.0,983000.0,704000.0,54.9,2024-11-10,2024-11-20,2025-03-03,,17.212499221090226,85.63893085101583,Contractor_006,Agency_06,In Progress,normal,0,0.588,3.9,113
P00627,Street Lighting Project 0627,West Bengal,Darjeeling,MP_093,Street Lighting,1249000.0,923000.0,817000.0,68.8,2025-09-30,2025-10-10,2026-03-12,,31.73313472641547,78.81759693970446,Contractor_003,Agency_20,In Progress,normal,0,0.654,-3.4,163
P00628,Community Hall Project 0628,West Bengal,Kolkata,MP_499,Community Hall,2722000.0,2351000.0,1890000.0,65.4,2025-09-06,2025-09-16,2025-12-11,,9.950498598923076,78.06234360204861,Contractor_016,Agency_15,In Progress,normal,0,0.694,4.0,96
P00629,Drinking Water Project 0629,Gujarat,Surat,MP_393,Drinking Water,1693000.0,1223000.0,1196000.0,66.2,2025-04-11,2025-04-21,2026-05-10,,31.171236442679593,84.48877703297683,Contractor_043,Agency_20,In Progress,normal,0,0.706,4.4,394
P00630,Sports Facility Project 0630,Maharashtra,Pune,MP_201,Sports Facility,2349000.0,1796000.0,1525000.0,63.9,2025-06-21,2025-07-01,2025-11-04,,17.405244243357977,76.17899845550215,Contractor_047,Agency_12,In Progress,normal,0,0.649,1.0,136
P00631,Street Lighting Project 0631,Tamil Nadu,Coimbatore,MP_313,Street Lighting,978000.0,775000.0,614000.0,61.0,2024-03-22,2024-04-01,2025-03-14,,17.528504189939966,77.62543856854006,Contractor_051,Agency_20,In Progress,normal,0,0.628,1.8,357
P00632,Health Facility Project 0632,Karnataka,Belagavi,MP_533,Health Facility,4283000.0,2735000.0,2735000.0,62.0,2024-01-24,2024-02-03,2024-11-15,,15.279794116118605,87.87570170822369,Contractor_060,Agency_07,In Progress,normal,0,0.639,1.9,296
P00633,School Building Project 0633,Gujarat,Vadodara,MP_142,School Building,1745000.0,964000.0,932000.0,60.1,2025-05-23,2025-06-02,2025-09-13,,21.580723023944508,88.47845642904761,Contractor_010,Agency_17,In Progress,normal,0,0.534,-6.7,113
P00634,Drinking Water Project 0634,Rajasthan,Udaipur,MP_330,Drinking Water,2228000.0,1969000.0,393000.0,15.7,2024-11-28,2024-12-08,2025-08-15,,31.166193986004544,81.6983422176511,Contractor_051,Agency_17,In Progress,normal,0,0.176,1.9,260
P00635,School Building Project 0635,Andhra Pradesh,Guntur,MP_395,School Building,3877000.0,2261000.0,2261000.0,100.0,2024-01-02,2024-01-12,2024-08-09,2024-08-09,33.16284173601905,80.25452468243235,Contractor_032,Agency_01,Completed,normal,0,0.583,-41.7,220
P00636,Road Project 0636,Kerala,Ernakulam,MP_056,Road,2971000.0,2944000.0,2944000.0,100.0,2025-04-15,2025-04-25,2026-01-26,2026-02-13,23.672301255445447,77.67102097910416,Contractor_040,Agency_13,Completed,normal,0,0.991,-0.9,286
P00637,Health Facility Project 0637,Gujarat,Rajkot,MP_345,Health Facility,1916000.0,1235000.0,1235000.0,100.0,2024-01-01,2024-01-11,2024-09-12,2024-09-12,27.254115512734618,90.26304729305599,Contractor_014,Agency_19,Completed,normal,0,0.645,-35.5,255
P00638,Road Project 0638,Andhra Pradesh,Visakhapatnam,MP_211,Road,988000.0,647000.0,453000.0,40.3,2024-06-16,2024-06-26,2024-11-03,,21.358273022283885,78.47542421105453,Contractor_059,Agency_20,Delayed,normal,0,0.459,5.6,140
P00639,Drinking Water Project 0639,Maharashtra,Pune,MP_078,Drinking Water,1359000.0,824000.0,796000.0,16.360500717744223,2024-11-09,2024-11-19,2025-11-27,,18.691238161948434,76.0766271771256,Contractor_053,Agency_01,In Progress,progress_mismatch,1,0.586,42.2,383
P00640,School Building Project 0640,Telangana,Warangal,MP_235,School Building,3195000.0,2922000.0,1771000.0,48.9,2024-02-22,2024-03-03,2024-09-14,,26.17392087974555,82.92813566280178,Contractor_037,Agency_07,In Progress,geo,1,0.554,6.5,205
P00641,School Building Project 0641,Maharashtra,Nashik,MP_526,School Building,3578000.0,2335000.0,1536000.0,48.5,2025-11-08,2025-11-18,2026-05-10,,29.84345279814258,88.43936814521169,Contractor_053,Agency_05,In Progress,normal,0,0.429,-5.6,183
P00642,Health Facility Project 0642,Gujarat,Vadodara,MP_264,Health Facility,3983000.0,2677000.0,2227000.0,59.0,2025-10-05,2025-10-15,2026-05-10,,29.793319347834338,87.9268777085514,Contractor_055,Agency_14,In Progress,normal,0,0.559,-3.1,217
P00643,Street Lighting Project 0643,Telangana,Warangal,MP_141,Street Lighting,703000.0,461000.0,452000.0,67.6,2025-02-11,2025-02-21,2026-02-02,,9.807385673319773,78.05628801486199,Contractor_022,Agency_01,In Progress,normal,0,0.643,-3.3,356
P00644,Sports Facility Project 0644,Gujarat,Vadodara,MP_374,Sports Facility,1476000.0,910000.0,910000.0,76.2,2025-04-27,2025-05-07,2026-03-15,,29.00855778927209,90.4483249810528,Contractor_036,Agency_08,In Progress,normal,0,0.617,-14.5,322
P00645,Sports Facility Project 0645,Tamil Nadu,Madurai,MP_478,Sports Facility,8126000.0,8126000.0,6827000.0,75.0,2024-07-14,2024-07-24,2025-04-20,,33.9421387072078,78.97912795621937,Contractor_049,Agency_10,In Progress,financial,1,0.84,9.0,280
P00646,Drinking Water Project 0646,Rajasthan,Kota,MP_171,Drinking Water,1401000.0,1190000.0,973000.0,71.1,2024-09-15,2024-09-25,2024-12-22,,11.708010263557592,77.30808328619857,Contractor_017,Agency_15,In Progress,normal,0,0.695,-1.6,98
P00647,Street Lighting Project 0647,Rajasthan,Jaipur,MP_399,Street Lighting,1155000.0,1033000.0,1033000.0,100.0,2024-12-24,2025-01-03,2025-09-25,2025-12-28,27.906113590120192,87.12031753374505,Contractor_019,Agency_13,Completed,normal,0,0.894,-10.6,275
P00648,Road Project 0648,Karnataka,Belagavi,MP_471,Road,2998000.0,2429000.0,2429000.0,83.7,2025-09-16,2025-09-26,2026-04-18,,13.181546752489032,75.9761008006233,Contractor_060,Agency_12,Delayed,normal,0,0.81,-2.7,214
P00649,School Building Project 0649,Maharashtra,Nagpur,MP_109,School Building,5091000.0,4935000.0,3114000.0,57.4,2025-04-30,2025-05-10,2026-03-03,,8.762563266737413,82.67426122923533,Contractor_016,Agency_11,In Progress,normal,0,0.612,3.8,307
P00650,School Building Project 0650,Andhra Pradesh,Visakhapatnam,MP_508,School Building,3113000.0,1720000.0,1531000.0,28.593186533940052,2025-07-06,2025-07-16,2026-08-23,,14.878405850036302,81.34104261506275,Contractor_024,Agency_14,In Progress,progress_mismatch,1,0.492,20.6,413
P00651,School Building Project 0651,Maharashtra,Nagpur,MP_363,School Building,3313000.0,2211000.0,1191000.0,40.0,2024-02-27,2024-03-08,2024-11-28,,15.18826842622014,83.66647712986358,Contractor_050,Agency_10,In Progress,contractor_pattern,1,0.359,-4.1,275
P00652,Community Hall Project 0652,Maharashtra,Aurangabad,MP_206,Community Hall,1392000.0,1319000.0,1319000.0,98.7,2026-03-23,2026-04-02,2026-07-20,2026-07-20,8.345498708420937,92.14765651781869,Contractor_053,Agency_13,Completed,normal,0,0.948,-3.9,119
P00653,Street Lighting Project 0653,Gujarat,Surat,MP_433,Street Lighting,349000.0,219000.0,219000.0,100.0,2025-04-07,2025-04-17,2026-05-25,2026-06-03,23.71704044026819,88.84226094524521,Contractor_053,Agency_02,Completed,normal,0,0.628,-37.2,413
P00654,Sports Facility Project 0654,Gujarat,Vadodara,MP_289,Sports Facility,1333000.0,851000.0,299000.0,24.7,2025-08-31,2025-09-10,2026-01-20,,25.20957522461924,74.78054952718564,Contractor_045,Agency_01,In Progress,normal,0,0.224,-2.3,142
P00655,Health Facility Project 0655,Karnataka,Mysuru,MP_206,Health Facility,4955000.0,3401000.0,3401000.0,100.0,2024-06-12,2024-06-22,2025-04-11,2025-10-06,28.374188096194086,79.91860970531276,Contractor_032,Agency_13,Completed,normal,0,0.686,-31.4,303
P00656,Community Hall Project 0656,Rajasthan,Jodhpur,MP_256,Community Hall,2707000.0,1842000.0,1842000.0,100.0,2025-12-20,2025-12-30,2026-03-29,2026-03-29,30.880699483135885,76.59970245937673,Contractor_051,Agency_16,Completed,normal,0,0.68,-32.0,99
P00657,Street Lighting Project 0657,Gujarat,Vadodara,MP_027,Street Lighting,917000.0,857000.0,203000.0,21.9,2025-03-30,2025-04-09,2026-01-15,,31.627472300774098,86.79238724102346,Contractor_022,Agency_02,In Progress,normal,0,0.221,0.2,291
P00658,Drinking Water Project 0658,West Bengal,Malda,MP_177,Drinking Water,1593000.0,892000.0,783000.0,56.8,2025-12-03,2025-12-13,2027-01-16,,31.753157564160098,79.78435361773768,Contractor_016,Agency_18,In Progress,normal,0,0.492,-7.6,409
P00659,Community Hall Project 0659,Kerala,Kollam,MP_362,Community Hall,1718000.0,1494000.0,1181000.0,71.0,2024-01-18,2024-01-28,2024-08-12,,27.286194009307348,86.92943686935341,Contractor_004,Agency_02,Delayed,normal,0,0.687,-2.3,207
P00660,Health Facility Project 0660,West Bengal,Kolkata,MP_316,Health Facility,4730000.0,4546000.0,3550000.0,84.8,2024-04-22,2024-05-02,2024-11-07,,17.704305589017103,77.98840727742078,Contractor_008,Agency_17,In Progress,normal,0,0.751,-9.7,199
P00661,Drinking Water Project 0661,West Bengal,Kolkata,MP_354,Drinking Water,2468000.0,2120000.0,1136000.0,41.0,2025-07-03,2025-07-13,2026-02-09,,25.220065946360858,90.10507774335821,Contractor_056,Agency_10,In Progress,normal,0,0.46,5.0,221
P00662,Health Facility Project 0662,Maharashtra,Nashik,MP_213,Health Facility,1290000.0,1166000.0,905000.0,72.4,2025-01-19,2025-01-29,2025-07-04,,18.584683848075993,84.93658038557209,Contractor_020,Agency_07,In Progress,normal,0,0.702,-2.2,166
P00663,Health Facility Project 0663,Kerala,Ernakulam,MP_021,Health Facility,4883000.0,3693000.0,3693000.0,90.5,2026-01-08,2026-01-18,2026-12-04,,32.20024407216492,87.16802915935098,Contractor_033,Agency_07,In Progress,normal,0,0.756,-14.9,330
P00664,Community Hall Project 0664,Andhra Pradesh,Tirupati,MP_199,Community Hall,1830000.0,1358000.0,1358000.0,98.6,2024-12-30,2025-01-09,2025-08-19,2025-11-08,18.23741772974082,90.55428207568646,Contractor_012,Agency_13,Completed,normal,0,0.742,-24.4,232
P00665,Road Project 0665,Gujarat,Surat,MP_030,Road,2784000.0,2216000.0,2216000.0,79.4,2024-04-22,2024-05-02,2024-10-07,,22.05017275101541,79.4283238536572,Contractor_045,Agency_10,In Progress,normal,0,0.796,0.2,168
P00666,Community Hall Project 0666,Kerala,Kozhikode,MP_269,Community Hall,1111000.0,690000.0,690000.0,100.0,2024-04-20,2024-04-30,2024-08-26,2024-09-24,26.47723976637134,75.49693762294065,Contractor_002,Agency_06,Completed,normal,0,0.621,-37.9,128
P00667,Street Lighting Project 0667,Maharashtra,Nashik,MP_051,Street Lighting,1224000.0,1167000.0,945000.0,85.3,2025-02-11,2025-02-21,2025-06-29,,28.41509184328595,90.79385557195567,Contractor_055,Agency_19,In Progress,normal,0,0.772,-8.1,138
P00668,Road Project 0668,Tamil Nadu,Coimbatore,MP_044,Road,1980000.0,1822000.0,1052000.0,59.4,2025-12-15,2025-12-25,2026-04-04,,19.185705955934736,79.64030876896689,Contractor_033,Agency_08,In Progress,normal,0,0.531,-6.3,110
P00669,Street Lighting Project 0669,Odisha,Cuttack,MP_071,Street Lighting,375000.0,226000.0,226000.0,88.8,2026-03-14,2026-03-24,2027-02-23,,13.985246185604066,77.86405260666336,Contractor_013,Agency_01,In Progress,normal,0,0.603,-28.5,346
P00670,School Building Project 0670,Andhra Pradesh,Guntur,MP_550,School Building,5349000.0,5104000.0,4879000.0,25.971429128624678,2025-09-19,2025-09-29,2026-07-05,,22.0636836874149,77.74447436725005,Contractor_011,Agency_07,In Progress,progress_mismatch,1,0.912,65.2,289
P00671,School Building Project 0671,West Bengal,Darjeeling,MP_117,School Building,1562000.0,1533000.0,1345000.0,83.9,2025-04-05,2025-04-15,2025-12-22,,27.221424618369543,74.58412787341433,Contractor_010,Agency_12,In Progress,normal,0,0.861,2.2,261
P00672,Community Hall Project 0672,Odisha,Ganjam,MP_059,Community Hall,1618000.0,1529000.0,1422000.0,100.0,2025-12-11,2025-12-21,2026-04-30,2026-04-30,15.494968214420958,82.52883492830404,Contractor_010,Agency_15,Completed,normal,0,0.879,-12.1,140
P00673,Street Lighting Project 0673,Tamil Nadu,Chennai,MP_357,Street Lighting,494000.0,405000.0,331000.0,61.0,2026-04-23,2026-05-03,2027-01-27,,11.662505168998397,72.89132846445291,Contractor_026,Agency_09,In Progress,normal,0,0.67,6.0,279
P00674,Drinking Water Project 0674,Gujarat,Ahmedabad,MP_393,Drinking Water,947000.0,911000.0,764000.0,73.6,2024-10-31,2024-11-10,2025-11-06,,9.44787959593811,85.64697958552291,Contractor_046,Agency_13,In Progress,normal,0,0.807,7.1,371
P00675,Street Lighting Project 0675,Maharashtra,Nagpur,MP_332,Street Lighting,887000.0,584000.0,584000.0,82.4,2025-02-05,2025-02-15,2025-06-09,,22.092902925591233,87.1770454089554,Contractor_038,Agency_17,In Progress,normal,0,0.658,-16.6,124
P00676,Community Hall Project 0676,Rajasthan,Jaipur,MP_525,Community Hall,2446000.0,1975000.0,1404000.0,51.2,2025-07-09,2025-07-19,2026-04-14,,13.69002307467098,76.26784463943721,Contractor_057,Agency_16,In Progress,normal,0,0.574,6.2,279
P00677,Community Hall Project 0677,Karnataka,Belagavi,MP_287,Community Hall,3442000.0,2441000.0,1772000.0,53.3,2024-05-30,2024-06-09,2025-01-22,,15.28426726869102,81.10620954237804,Contractor_022,Agency_19,In Progress,normal,0,0.515,-1.8,237
P00678,Road Project 0152 - Similar Work,Kerala,Thrissur,MP_146,Road,3976000.0,3562000.0,2543000.0,58.8,2026-02-17,2026-02-27,2026-09-25,,28.353138327133195,91.27274321012668,Contractor_012,Agency_19,In Progress,duplicate,1,0.64,5.2,220
P00679,School Building Project 0679,Tamil Nadu,Salem,MP_277,School Building,1987000.0,1897000.0,1003000.0,53.2,2025-10-09,2025-10-19,2026-09-02,,8.820502272370398,82.63051005957793,Contractor_035,Agency_15,In Progress,normal,0,0.505,-2.7,328
P00680,Community Hall Project 0680,Kerala,Ernakulam,MP_342,Community Hall,2598000.0,2289000.0,1354000.0,47.2,2025-01-12,2025-01-22,2025-12-15,,23.762216681274904,83.49453712466352,Contractor_019,Agency_02,Delayed,normal,0,0.521,4.9,337
P00681,Drinking Water Project 0681,Odisha,Ganjam,MP_011,Drinking Water,1525000.0,1436000.0,935000.0,64.0,2025-08-31,2025-09-10,2026-06-22,,17.276395150358084,81.84968543893392,Contractor_057,Agency_04,Delayed,normal,0,0.613,-2.7,295
P00682,Road Project 0682,Karnataka,Bengaluru Urban,MP_061,Road,2517000.0,2258000.0,1660000.0,73.2,2024-07-14,2024-07-24,2025-05-30,,18.2950046732038,73.60174017975817,Contractor_016,Agency_07,Delayed,normal,0,0.66,-7.2,320
P00683,Street Lighting Project 0683,West Bengal,Malda,MP_211,Street Lighting,1287000.0,783000.0,783000.0,76.4,2025-03-07,2025-03-17,2026-01-05,,33.38407090239481,83.60559757534857,Contractor_055,Agency_07,In Progress,normal,0,0.608,-15.6,304
P00684,School Building Project 0684,Tamil Nadu,Madurai,MP_165,School Building,2006000.0,1110000.0,1110000.0,73.7,2024-02-16,2024-02-26,2024-12-22,,25.82337630987072,90.9067348827486,Contractor_002,Agency_06,Delayed,normal,0,0.553,-18.4,310
P00685,Street Lighting Project 0685,Kerala,Kozhikode,MP_242,Street Lighting,1372000.0,1319000.0,591000.0,48.6,2025-12-27,2026-01-06,2026-04-13,,31.003760003745363,73.4253718477102,Contractor_040,Agency_13,In Progress,normal,0,0.431,-5.5,107
P00686,Community Hall Project 0686,Andhra Pradesh,Tirupati,MP_005,Community Hall,2950000.0,2884000.0,2161000.0,76.5,2026-04-10,2026-04-20,2026-07-13,,31.490343152180838,73.25544061371438,Contractor_043,Agency_01,In Progress,normal,0,0.733,-3.2,94
P00687,Road Project 0687,Rajasthan,Jodhpur,MP_208,Road,2663000.0,1657000.0,1657000.0,92.0,2024-08-07,2024-08-17,2025-09-19,,33.94043569375951,84.93612519424643,Contractor_020,Agency_09,In Progress,normal,0,0.622,-29.8,408
P00688,Street Lighting Project 0688,Telangana,Warangal,MP_165,Street Lighting,1285000.0,1176000.0,159000.0,11.1,2026-02-08,2026-02-18,2026-12-14,,9.58338347942418,80.98389805598005,Contractor_003,Agency_20,In Progress,geo,1,0.124,1.3,309
P00689,Road Project 0689,Andhra Pradesh,Tirupati,MP_036,Road,2062000.0,1967000.0,988000.0,31.250399788515445,2025-03-11,2025-03-21,2025-07-25,2026-03-22,31.331308369943944,87.91337961583952,Contractor_004,Agency_15,Delayed,delay,1,0.479,16.6,136
P00690,Community Hall Project 0690,Telangana,Nizamabad,MP_400,Community Hall,2210000.0,2020000.0,1310000.0,56.2,2024-12-18,2024-12-28,2025-05-17,,16.453048240241003,87.3894074833964,Contractor_028,Agency_03,In Progress,normal,0,0.593,3.1,150
P00691,Sports Facility Project 0691,Odisha,Khordha,MP_462,Sports Facility,827000.0,808000.0,448000.0,62.7,2024-12-20,2024-12-30,2025-07-23,,26.310642520037586,90.26123715210412,Contractor_038,Agency_12,In Progress,normal,0,0.542,-8.5,215
P00692,Street Lighting Project 0692,Maharashtra,Pune,MP_018,Street Lighting,896000.0,876000.0,765000.0,88.8,2024-01-03,2024-01-13,2024-05-01,,16.640641850137488,86.6545925460389,Contractor_045,Agency_14,In Progress,normal,0,0.854,-3.4,119
P00693,Drinking Water Project 0693,Telangana,Warangal,MP_123,Drinking Water,1270000.0,880000.0,757000.0,54.4,2024-02-24,2024-03-05,2025-02-25,,9.24769536261457,76.94226529408255,Contractor_013,Agency_16,In Progress,normal,0,0.596,5.2,367
P00694,Sports Facility Project 0694,Karnataka,Dharwad,MP_360,Sports Facility,1027000.0,820000.0,685000.0,58.1,2025-10-21,2025-10-31,2026-11-13,,11.95003786921769,81.62729080738454,Contractor_048,Agency_16,In Progress,normal,0,0.667,8.6,388
P00695,Community Hall Project 0695,Tamil Nadu,Coimbatore,MP_221,Community Hall,2535000.0,2526000.0,1816000.0,63.4,2025-06-21,2025-07-01,2026-04-07,,21.837928599201454,77.95425767878488,Contractor_034,Agency_20,In Progress,normal,0,0.716,8.2,290
P00696,Road Project 0331 - Similar Work,Karnataka,Dharwad,MP_014,Road,2494000.0,2123000.0,2123000.0,100.0,2026-04-06,2026-04-16,2027-03-23,2027-03-29,30.376555816169873,78.59630791338934,Contractor_040,Agency_08,Completed,duplicate,1,0.851,-14.9,351
P00697,Road Project 0697,Tamil Nadu,Coimbatore,MP_322,Road,1732000.0,1271000.0,897000.0,56.0,2024-01-27,2024-02-06,2024-08-02,,29.620499252646074,74.90542511576992,Contractor_015,Agency_12,In Progress,normal,0,0.518,-4.2,188
P00698,Road Project 0698,Gujarat,Ahmedabad,MP_100,Road,2016000.0,1691000.0,1691000.0,89.4,2025-03-25,2025-04-04,2025-08-26,,17.824184038632694,85.88939587215731,Contractor_001,Agency_09,In Progress,normal,0,0.839,-5.5,154
P00699,Health Facility Project 0699,Maharashtra,Aurangabad,MP_457,Health Facility,1943000.0,1308000.0,1308000.0,81.3,2024-12-28,2025-01-07,2025-06-09,,19.49496823153256,76.58318303186134,Contractor_035,Agency_18,In Progress,normal,0,0.673,-14.0,163
P00700,Drinking Water Project 0700,Karnataka,Bengaluru Urban,MP_331,Drinking Water,2213000.0,1609000.0,892000.0,43.3,2024-12-05,2024-12-15,2026-01-03,,25.09733143253278,81.37560623774507,Contractor_009,Agency_07,In Progress,normal,0,0.403,-3.0,394
P00701,Road Project 0701,Odisha,Khordha,MP_243,Road,1673000.0,1476000.0,1209000.0,82.4,2025-11-30,2025-12-10,2026-03-11,,20.012328592129123,88.86158589261579,Contractor_040,Agency_19,In Progress,normal,0,0.723,-10.1,101
P00702,Street Lighting Project 0702,Karnataka,Dharwad,MP_472,Street Lighting,950000.0,798000.0,798000.0,81.1,2025-05-10,2025-05-20,2026-01-01,,31.492709770014002,89.50490793503502,Contractor_056,Agency_09,In Progress,normal,0,0.84,2.9,236
P00703,Street Lighting Project 0703,Telangana,Karimnagar,MP_519,Street Lighting,334000.0,236000.0,236000.0,86.1,2024-04-12,2024-04-22,2025-03-10,,15.455305554691115,85.26958672838813,Contractor_018,Agency_01,In Progress,normal,0,0.707,-15.4,332
P00704,Road Project 0704,Rajasthan,Udaipur,MP_049,Road,2951000.0,2541000.0,2245000.0,86.7,2024-11-16,2024-11-26,2025-11-01,,25.84852976341376,81.16659894432092,Contractor_027,Agency_05,In Progress,normal,0,0.761,-10.6,350
P00705,Street Lighting Project 0705,Tamil Nadu,Salem,MP_123,Street Lighting,1148000.0,1026000.0,722000.0,62.8,2024-06-20,2024-06-30,2025-07-17,,33.10046747562423,86.42413308615772,Contractor_056,Agency_17,In Progress,normal,0,0.629,0.1,392
P00706,Sports Facility Project 0706,Odisha,Ganjam,MP_350,Sports Facility,2340000.0,1814000.0,1369000.0,60.1,2024-07-22,2024-08-01,2025-07-30,,14.475096533971074,90.04474731911675,Contractor_003,Agency_08,In Progress,normal,0,0.585,-1.6,373
P00707,Sports Facility Project 0707,Telangana,Warangal,MP_378,Sports Facility,2550000.0,1809000.0,1334000.0,57.1,2024-06-14,2024-06-24,2025-05-16,,16.95717142299621,91.41257183035376,Contractor_059,Agency_01,In Progress,normal,0,0.523,-4.8,336
P00708,Sports Facility Project 0708,West Bengal,Kolkata,MP_305,Sports Facility,2313000.0,1533000.0,1533000.0,78.8,2025-05-15,2025-05-25,2025-08-16,,33.29844778208168,81.72279782841944,Contractor_043,Agency_13,In Progress,normal,0,0.663,-12.5,93
P00709,Sports Facility Project 0709,Odisha,Ganjam,MP_081,Sports Facility,1282000.0,1275000.0,1206000.0,86.6,2024-09-26,2024-10-06,2025-05-19,,12.991793829130339,91.8497015515201,Contractor_027,Agency_14,In Progress,normal,0,0.941,7.5,235
P00710,Community Hall Project 0710,Maharashtra,Pune,MP_408,Community Hall,2811000.0,1973000.0,1973000.0,68.9,2025-08-12,2025-08-22,2026-03-01,,30.806659459659194,78.02277893399213,Contractor_043,Agency_02,In Progress,normal,0,0.702,1.3,201
P00711,Street Lighting Project 0711,Tamil Nadu,Madurai,MP_387,Street Lighting,632000.0,492000.0,445000.0,77.1,2024-04-01,2024-04-11,2024-07-14,,29.86584020485724,84.20854397417845,Contractor_055,Agency_10,In Progress,normal,0,0.704,-6.7,104
P00712,Health Facility Project 0712,Telangana,Warangal,MP_338,Health Facility,1787000.0,1178000.0,1178000.0,76.6,2025-11-04,2025-11-14,2026-10-08,,11.483246551745943,82.59915771171467,Contractor_006,Agency_15,In Progress,normal,0,0.659,-10.7,338
P00713,Community Hall Project 0713,West Bengal,Howrah,MP_024,Community Hall,1553000.0,1266000.0,741000.0,55.5,2024-01-15,2024-01-25,2025-03-07,,10.354343740973375,83.43053539742863,Contractor_058,Agency_03,In Progress,normal,0,0.477,-7.8,417
P00714,Road Project 0714,Telangana,Nizamabad,MP_182,Road,2935000.0,2867000.0,1952000.0,77.4,2025-10-22,2025-11-01,2026-02-22,,9.742871199231512,79.82231062189429,Contractor_048,Agency_06,In Progress,normal,0,0.665,-10.9,123
P00715,School Building Project 0715,Maharashtra,Pune,MP_083,School Building,4466000.0,3532000.0,2639000.0,67.1,2025-08-23,2025-09-02,2026-07-09,,25.121756938062834,84.26476998645916,Contractor_011,Agency_02,In Progress,normal,0,0.591,-8.0,320
P00716,Sports Facility Project 0716,West Bengal,Malda,MP_526,Sports Facility,1526000.0,1268000.0,1268000.0,100.0,2024-09-16,2024-09-26,2025-05-29,2025-05-29,24.165296167501722,89.11180205915045,Contractor_002,Agency_11,Completed,normal,0,0.831,-16.9,255
P00717,Sports Facility Project 0717,Andhra Pradesh,Krishna,MP_540,Sports Facility,1024000.0,753000.0,304000.0,26.5,2026-04-17,2026-04-27,2027-03-31,,9.514691254995242,91.10937669262427,Contractor_019,Agency_09,In Progress,normal,0,0.297,3.2,348
P00718,Street Lighting Project 0718,Kerala,Thrissur,MP_102,Street Lighting,1276000.0,1032000.0,1032000.0,100.0,2024-12-01,2024-12-11,2025-06-03,2025-06-13,8.322589860031997,86.4184885069459,Contractor_050,Agency_06,Completed,contractor_pattern,1,0.809,-19.1,184
P00719,Health Facility Project 0719,Telangana,Nizamabad,MP_126,Health Facility,1683000.0,1397000.0,1031000.0,67.0,2024-02-29,2024-03-10,2025-02-08,,24.269554495308142,76.02028604649526,Contractor_044,Agency_08,In Progress,normal,0,0.613,-5.7,345
P00720,School Building Project 0720,Telangana,Nizamabad,MP_158,School Building,4188000.0,2776000.0,2776000.0,78.9,2025-03-12,2025-03-22,2026-03-27,,25.106472073821184,84.85612809014133,Contractor_018,Agency_18,In Progress,normal,0,0.663,-12.6,380
P00721,Street Lighting Project 0721,Telangana,Hyderabad,MP_518,Street Lighting,1113000.0,792000.0,698000.0,71.2,2025-12-13,2025-12-23,2026-06-26,,14.893514221856814,86.3839221554755,Contractor_054,Agency_15,In Progress,normal,0,0.627,-8.5,195
P00722,School Building Project 0722,Tamil Nadu,Chennai,MP_351,School Building,3796000.0,3537000.0,3275000.0,100.0,2025-11-23,2025-12-03,2026-06-27,2026-08-20,21.743685379919135,72.97935343383328,Contractor_015,Agency_16,Completed,normal,0,0.863,-13.7,216
P00723,Health Facility Project 0723,Odisha,Sambalpur,MP_493,Health Facility,11068000.0,11068000.0,9701000.0,85.1,2025-12-14,2025-12-24,2026-05-01,,33.299167466605354,87.9126812498871,Contractor_046,Agency_05,In Progress,financial,1,0.876,2.5,138
P00724,Street Lighting Project 0724,Rajasthan,Kota,MP_052,Street Lighting,1099000.0,1028000.0,1028000.0,85.7,2026-03-16,2026-03-26,2026-09-10,,9.631993629158195,79.4143196339168,Contractor_021,Agency_03,In Progress,normal,0,0.935,7.8,178
P00725,School Building Project 0725,Tamil Nadu,Coimbatore,MP_015,School Building,5784000.0,4637000.0,4353000.0,80.6,2024-07-16,2024-07-26,2025-02-23,,26.321343627276875,83.50073458434903,Contractor_014,Agency_17,In Progress,normal,0,0.753,-5.3,222
P00726,School Building Project 0726,Tamil Nadu,Salem,MP_002,School Building,5847000.0,5110000.0,4611000.0,82.3,2025-05-14,2025-05-24,2025-10-24,,27.90914907581745,86.75545083785605,Contractor_018,Agency_07,In Progress,normal,0,0.789,-3.4,163
P00727,Street Lighting Project 0727,Kerala,Thrissur,MP_268,Street Lighting,616000.0,601000.0,356000.0,62.5,2024-06-14,2024-06-24,2025-05-29,,27.021849163606927,91.74989890851944,Contractor_052,Agency_12,In Progress,normal,0,0.578,-4.7,349
P00728,Street Lighting Project 0728,Telangana,Nizamabad,MP_237,Street Lighting,978000.0,678000.0,678000.0,72.2,2024-11-06,2024-11-16,2025-10-18,,10.354323617988946,89.27478816542677,Contractor_035,Agency_04,In Progress,normal,0,0.693,-2.9,346
P00729,Street Lighting Project 0729,Telangana,Warangal,MP_538,Street Lighting,849000.0,823000.0,823000.0,99.4,2025-12-15,2025-12-25,2026-05-31,2026-06-13,26.058344585015018,80.48588786009996,Contractor_024,Agency_16,Completed,normal,0,0.969,-2.5,167
P00730,Health Facility Project 0730,Gujarat,Rajkot,MP_391,Health Facility,4744000.0,3866000.0,2209000.0,49.5,2025-08-20,2025-08-30,2026-09-08,,24.874958634126425,77.31417656785194,Contractor_012,Agency_11,In Progress,normal,0,0.466,-2.9,384
P00731,Drinking Water Project 0731,Odisha,Sambalpur,MP_540,Drinking Water,813000.0,494000.0,430000.0,59.6,2026-03-09,2026-03-19,2026-09-01,,21.967151391951944,77.19633806959688,Contractor_023,Agency_09,In Progress,normal,0,0.529,-6.7,176
P00732,Road Project 0732,West Bengal,Malda,MP_116,Road,819000.0,540000.0,438000.0,46.6,2025-02-19,2025-03-01,2025-12-05,,10.184234927039693,84.13334452040365,Contractor_047,Agency_03,In Progress,normal,0,0.535,6.9,289
P00733,Sports Facility Project 0733,Kerala,Kollam,MP_036,Sports Facility,1098000.0,833000.0,731000.0,21.002252836063224,2026-03-09,2026-03-19,2027-02-06,,33.747770610903984,73.58314469296376,Contractor_001,Agency_18,In Progress,progress_mismatch,1,0.666,45.6,334
P00734,Health Facility Project 0734,Tamil Nadu,Chennai,MP_412,Health Facility,2808000.0,2722000.0,2148000.0,84.6,2025-03-25,2025-04-04,2025-11-19,,26.238889678714205,73.21731690021313,Contractor_046,Agency_06,In Progress,normal,0,0.765,-8.1,239
P00735,School Building Project 0735,Gujarat,Rajkot,MP_401,School Building,4210000.0,2876000.0,2876000.0,74.6,2025-05-25,2025-06-04,2025-10-16,,32.39283910730911,84.23092900599748,Contractor_048,Agency_07,In Progress,normal,0,0.683,-6.3,144
P00736,Community Hall Project 0736,Karnataka,Mysuru,MP_520,Community Hall,2129000.0,1725000.0,561000.0,29.0,2025-09-08,2025-09-18,2026-10-12,,19.01986873258439,86.53058448378285,Contractor_013,Agency_13,In Progress,normal,0,0.264,-2.6,399
P00737,Sports Facility Project 0737,Gujarat,Surat,MP_231,Sports Facility,2777000.0,2527000.0,2290000.0,88.9,2025-07-06,2025-07-16,2025-10-25,,9.340123134366259,87.94188517147103,Contractor_019,Agency_07,In Progress,normal,0,0.825,-6.4,111
P00738,Community Hall Project 0738,Andhra Pradesh,Krishna,MP_141,Community Hall,1850000.0,1299000.0,770000.0,62.302111673640624,2024-08-08,2024-08-18,2025-09-06,2026-03-26,29.520041303841005,74.53592208599206,Contractor_036,Agency_11,Delayed,delay,1,0.416,-20.7,394
P00739,Street Lighting Project 0739,Karnataka,Belagavi,MP_119,Street Lighting,1363000.0,1132000.0,577000.0,38.1,2025-05-03,2025-05-13,2026-02-25,,17.0951727066114,80.4519854185866,Contractor_035,Agency_12,Delayed,normal,0,0.423,4.2,298
P00740,Community Hall Project 0740,Andhra Pradesh,Guntur,MP_112,Community Hall,2144000.0,1828000.0,1620000.0,66.1,2024-07-07,2024-07-17,2025-07-28,,33.088679446827754,86.36217310477794,Contractor_015,Agency_12,In Progress,normal,0,0.756,9.5,386
P00741,School Building Project 0741,Andhra Pradesh,Visakhapatnam,MP_216,School Building,5520000.0,4590000.0,2973000.0,53.2,2024-03-05,2024-03-15,2024-09-04,,27.687307221629695,82.7894368516809,Contractor_014,Agency_01,In Progress,normal,0,0.539,0.7,183
P00742,Road Project 0742,Kerala,Kozhikode,MP_368,Road,1623000.0,1194000.0,726000.0,41.0,2026-02-28,2026-03-10,2026-07-30,,11.140441145650016,91.00693255570926,Contractor_051,Agency_19,Delayed,normal,0,0.447,3.7,152
P00743,Health Facility Project 0743,Andhra Pradesh,Visakhapatnam,MP_540,Health Facility,1851000.0,1391000.0,984000.0,62.1,2025-06-15,2025-06-25,2025-11-02,,23.50219436956415,78.64495759404969,Contractor_060,Agency_08,In Progress,normal,0,0.532,-8.9,140
P00744,Street Lighting Project 0744,West Bengal,Howrah,MP_368,Street Lighting,1065000.0,1046000.0,648000.0,53.3,2024-10-11,2024-10-21,2025-09-15,,14.317279376412213,73.94582997680774,Contractor_044,Agency_18,Delayed,normal,0,0.608,7.5,339
P00745,Road Project 0745,Andhra Pradesh,Visakhapatnam,MP_507,Road,2586000.0,1784000.0,1784000.0,85.5,2024-12-18,2024-12-28,2025-04-22,,11.748896233423935,86.52231482531836,Contractor_010,Agency_04,In Progress,normal,0,0.69,-16.5,125
P00746,Drinking Water Project 0746,Telangana,Karimnagar,MP_492,Drinking Water,962000.0,619000.0,619000.0,69.1,2025-07-11,2025-07-21,2026-08-07,,32.075118645942744,82.99697637748295,Contractor_035,Agency_14,Delayed,normal,0,0.643,-4.8,392
P00747,Sports Facility Project 0747,West Bengal,Howrah,MP_093,Sports Facility,2903000.0,2896000.0,1662000.0,50.5,2024-02-20,2024-03-01,2024-09-15,,10.086285472236623,80.44713427016619,Contractor_003,Agency_02,In Progress,normal,0,0.573,6.8,208
P00748,Road Project 0748,Kerala,Kozhikode,MP_422,Road,2407000.0,2227000.0,2191000.0,100.0,2024-04-27,2024-05-07,2025-01-19,2025-01-19,17.66118292031321,74.35314908471794,Contractor_046,Agency_17,Completed,normal,0,0.91,-9.0,267
P00749,Sports Facility Project 0749,Tamil Nadu,Salem,MP_193,Sports Facility,2918000.0,2831000.0,2831000.0,100.0,2025-07-20,2025-07-30,2026-07-15,2026-07-15,12.24970812364022,92.00063267554152,Contractor_043,Agency_15,Completed,normal,0,0.97,-3.0,360
P00750,Street Lighting Project 0750,Rajasthan,Jodhpur,MP_260,Street Lighting,807000.0,715000.0,427000.0,55.9,2024-11-11,2024-11-21,2025-07-31,,18.348275003928144,82.68279020264058,Contractor_035,Agency_03,In Progress,normal,0,0.529,-3.0,262
P00751,School Building Project 0751,Odisha,Khordha,MP_005,School Building,5617000.0,3972000.0,3972000.0,100.0,2024-12-06,2024-12-16,2025-11-06,2025-11-06,18.908568681696536,86.03818162500106,Contractor_003,Agency_06,Completed,normal,0,0.707,-29.3,335
P00752,Road Project 0752,Gujarat,Ahmedabad,MP_414,Road,2351000.0,1709000.0,1056000.0,45.4,2024-10-19,2024-10-29,2025-09-24,,26.047202468083515,85.91341167131816,Contractor_039,Agency_08,In Progress,normal,0,0.449,-0.5,340
P00753,Health Facility Project 0753,Andhra Pradesh,Tirupati,MP_301,Health Facility,2265000.0,1277000.0,1108000.0,53.7,2026-01-30,2026-02-09,2026-10-14,,30.654707758968055,78.75541728216358,Contractor_047,Agency_09,In Progress,normal,0,0.489,-4.8,257
P00754,Road Project 0754,Gujarat,Ahmedabad,MP_385,Road,939000.0,913000.0,858000.0,100.0,2025-04-07,2025-04-17,2026-04-13,2026-07-29,28.875028982917524,82.1179117136801,Contractor_018,Agency_04,Completed,normal,0,0.914,-8.6,371
P00755,Sports Facility Project 0755,Telangana,Nizamabad,MP_061,Sports Facility,2045000.0,1320000.0,1320000.0,86.3,2024-03-09,2024-03-19,2024-10-07,,27.124856964620715,75.9413206180734,Contractor_013,Agency_12,In Progress,normal,0,0.645,-21.8,212
P00756,Sports Facility Project 0756,Maharashtra,Nashik,MP_013,Sports Facility,2614000.0,2038000.0,1659000.0,71.1,2024-10-28,2024-11-07,2025-03-28,,31.52113982351397,90.17631920811537,Contractor_044,Agency_17,In Progress,normal,0,0.635,-7.6,151
P00757,Drinking Water Project 0757,West Bengal,Kolkata,MP_089,Drinking Water,2092000.0,1786000.0,787000.0,33.6,2025-03-22,2025-04-01,2025-06-28,,31.446022632604272,82.29541539407143,Contractor_026,Agency_08,In Progress,normal,0,0.376,4.0,98
P00758,Sports Facility Project 0758,Maharashtra,Nashik,MP_233,Sports Facility,975000.0,868000.0,406000.0,47.1,2026-04-14,2026-04-24,2026-10-30,,13.51381025338619,80.72433529011273,Contractor_016,Agency_13,In Progress,normal,0,0.416,-5.5,199
P00759,School Building Project 0759,Kerala,Thrissur,MP_312,School Building,5264000.0,3864000.0,3560000.0,67.7,2025-09-06,2025-09-16,2026-01-15,,16.265992138225172,76.10345754846509,Contractor_021,Agency_08,In Progress,normal,0,0.676,-0.1,131
P00760,Community Hall Project 0760,Andhra Pradesh,Tirupati,MP_247,Community Hall,2288000.0,1841000.0,1714000.0,76.4,2025-05-10,2025-05-20,2025-12-06,,9.770254646707091,83.39359525210922,Contractor_040,Agency_11,In Progress,normal,0,0.749,-1.5,210
P00761,Sports Facility Project 0761,West Bengal,Malda,MP_459,Sports Facility,2530000.0,1965000.0,1965000.0,80.1,2026-04-15,2026-04-25,2027-01-01,,29.493007790947793,76.44157840597876,Contractor_018,Agency_15,In Progress,normal,0,0.777,-2.4,261
P00762,Street Lighting Project 0762,Rajasthan,Kota,MP_049,Street Lighting,1123000.0,870000.0,818000.0,27.51365355321337,2025-08-01,2025-08-11,2026-02-05,,32.5331231307011,89.66508224046349,Contractor_011,Agency_07,In Progress,progress_mismatch,1,0.728,45.3,188
P00763,School Building Project 0763,Telangana,Hyderabad,MP_304,School Building,5293000.0,4473000.0,2628000.0,52.1,2024-08-26,2024-09-05,2025-03-05,,14.236992122480757,91.78898149826138,Contractor_035,Agency_12,In Progress,normal,0,0.497,-2.4,191
P00764,School Building Project 0764,Andhra Pradesh,Guntur,MP_232,School Building,5470000.0,4597000.0,4376000.0,73.7,2024-01-22,2024-02-01,2024-07-22,,32.38833707616348,76.1089879338385,Contractor_043,Agency_16,In Progress,normal,0,0.8,6.3,182
P00765,Road Project 0765,Odisha,Cuttack,MP_375,Road,1708000.0,1603000.0,1262000.0,75.4,2024-09-30,2024-10-10,2025-07-22,,10.546118383786046,75.72837312905139,Contractor_017,Agency_20,In Progress,normal,0,0.739,-1.5,295
P00766,Street Lighting Project 0959 - Similar Work,Kerala,Ernakulam,MP_506,Street Lighting,2404000.0,2288000.0,1841000.0,75.4,2024-03-08,2024-03-18,2024-06-17,,19.933616098418597,77.20823933610795,Contractor_014,Agency_14,In Progress,duplicate,1,0.766,1.2,101
P00767,Road Project 0767,Kerala,Thrissur,MP_442,Road,1907000.0,1497000.0,1497000.0,100.0,2024-11-27,2024-12-07,2025-05-11,2025-07-21,8.859441979194077,78.30378257112221,Contractor_024,Agency_05,Completed,normal,0,0.785,-21.5,165
P00768,Drinking Water Project 0768,Kerala,Kollam,MP_455,Drinking Water,1061000.0,971000.0,623000.0,65.1,2025-01-16,2025-01-26,2025-10-22,,28.16016418415059,89.29588509228914,Contractor_031,Agency_19,In Progress,normal,0,0.587,-6.4,279
P00769,Community Hall Project 0769,West Bengal,Kolkata,MP_489,Community Hall,3126000.0,2011000.0,1751000.0,57.7,2025-11-10,2025-11-20,2026-02-09,,21.79009702075668,75.8585738911404,Contractor_009,Agency_19,Delayed,normal,0,0.56,-1.7,91
P00770,Community Hall Project 0770,Telangana,Nizamabad,MP_375,Community Hall,1055000.0,949000.0,677000.0,62.3,2024-01-06,2024-01-16,2024-08-15,,22.88829625701444,77.45712317058369,Contractor_015,Agency_19,In Progress,normal,0,0.642,1.9,222
P00771,Community Hall Project 0771,Kerala,Kollam,MP_310,Community Hall,2586000.0,2005000.0,1090000.0,46.121171275209605,2024-09-01,2024-09-11,2024-12-03,2026-02-13,12.4005251203552,83.5996149449111,Contractor_002,Agency_03,Delayed,delay,1,0.422,-3.9,93
P00772,School Building Project 0772,Tamil Nadu,Madurai,MP_452,School Building,5854000.0,4314000.0,4314000.0,39.14285554918603,2024-11-06,2024-11-16,2025-02-16,2025-11-30,27.519344488613083,77.94136131025026,Contractor_036,Agency_13,Delayed,delay,1,0.737,34.6,102
P00773,Sports Facility Project 0773,Tamil Nadu,Chennai,MP_522,Sports Facility,2844000.0,2510000.0,2510000.0,100.0,2024-06-16,2024-06-26,2024-12-05,2025-03-20,14.832407239619002,76.31615306138926,Contractor_035,Agency_01,Completed,normal,0,0.883,-11.7,172
P00774,Sports Facility Project 0774,Karnataka,Mysuru,MP_409,Sports Facility,1486000.0,1155000.0,680000.0,45.0,2026-04-08,2026-04-18,2027-05-06,,23.900925993374578,85.56304836279256,Contractor_016,Agency_16,In Progress,normal,0,0.458,0.8,393
P00775,School Building Project 0775,Kerala,Thrissur,MP_482,School Building,2155000.0,1842000.0,894000.0,44.1,2025-11-04,2025-11-14,2026-11-29,,14.490868679913628,89.86851694651412,Contractor_011,Agency_05,Delayed,normal,0,0.415,-2.6,390
P00776,Drinking Water Project 0776,Kerala,Kozhikode,MP_346,Drinking Water,2296000.0,1733000.0,1516000.0,60.7,2024-11-08,2024-11-18,2025-06-01,,28.90469425480501,80.6240912279623,Contractor_027,Agency_20,In Progress,normal,0,0.66,5.3,205
P00777,Street Lighting Project 0777,Karnataka,Belagavi,MP_199,Street Lighting,612000.0,508000.0,429000.0,68.3,2024-01-20,2024-01-30,2024-05-25,,8.248371075129924,89.49874282244022,Contractor_036,Agency_08,In Progress,normal,0,0.701,1.8,126
P00778,School Building Project 0778,Tamil Nadu,Chennai,MP_480,School Building,3688000.0,3086000.0,2524000.0,79.3,2025-01-07,2025-01-17,2025-08-12,,10.18628453135163,88.00199908327787,Contractor_059,Agency_14,In Progress,normal,0,0.684,-10.9,217
P00779,Street Lighting Project 0779,Rajasthan,Udaipur,MP_544,Street Lighting,793000.0,628000.0,426000.0,57.2,2024-12-28,2025-01-07,2025-07-24,,19.008501467766912,77.10278943822097,Contractor_003,Agency_15,In Progress,normal,0,0.537,-3.5,208
P00780,Sports Facility Project 0780,Odisha,Cuttack,MP_064,Sports Facility,1055000.0,926000.0,684000.0,74.4,2024-05-18,2024-05-28,2025-03-08,,22.9347954283017,86.28278139536191,Contractor_051,Agency_04,In Progress,normal,0,0.648,-9.6,294
P00781,Road Project 0781,Rajasthan,Udaipur,MP_028,Road,2122000.0,1354000.0,1354000.0,68.1,2026-03-06,2026-03-16,2027-03-01,,31.564095630313403,80.8405585394843,Contractor_050,Agency_18,In Progress,normal,0,0.638,-4.3,360
P00782,Community Hall Project 0782,Karnataka,Belagavi,MP_144,Community Hall,1016000.0,850000.0,850000.0,100.0,2025-03-15,2025-03-25,2026-01-13,2026-02-28,22.05659577620346,72.98638946911906,Contractor_008,Agency_06,Completed,normal,0,0.837,-16.3,304
P00783,School Building Project 0783,Kerala,Kollam,MP_137,School Building,2937000.0,2040000.0,2040000.0,70.0,2024-02-18,2024-02-28,2024-06-29,,24.837480024793187,79.08197675490605,Contractor_037,Agency_19,Delayed,normal,0,0.695,-0.5,132
P00784,Community Hall Project 0784,Rajasthan,Kota,MP_311,Community Hall,2031000.0,1307000.0,1307000.0,95.4,2024-04-11,2024-04-21,2024-07-22,2024-09-22,15.231915725911906,78.21670717022207,Contractor_056,Agency_20,Completed,normal,0,0.644,-31.0,102
P00785,Health Facility Project 0785,Maharashtra,Aurangabad,MP_490,Health Facility,3626000.0,2740000.0,2740000.0,75.2,2024-03-05,2024-03-15,2024-08-22,,17.219626131088802,92.21278369035657,Contractor_028,Agency_04,In Progress,normal,0,0.756,0.4,170
P00786,Drinking Water Project 0786,Maharashtra,Pune,MP_075,Drinking Water,2055000.0,1752000.0,1708000.0,78.6,2025-09-11,2025-09-21,2026-02-09,,28.243418410035936,89.83722880522447,Contractor_027,Agency_05,In Progress,normal,0,0.831,4.5,151
P00787,Community Hall Project 0787,West Bengal,Kolkata,MP_180,Community Hall,1770000.0,999000.0,999000.0,97.1,2025-10-25,2025-11-04,2026-07-30,2026-08-27,9.11144807346505,88.39394075709383,Contractor_035,Agency_10,Completed,normal,0,0.564,-40.7,278
P00788,Drinking Water Project 0788,Karnataka,Bengaluru Urban,MP_116,Drinking Water,831000.0,499000.0,499000.0,62.9,2024-10-31,2024-11-10,2025-07-12,,20.530616806076658,81.01658883582641,Contractor_035,Agency_03,Delayed,normal,0,0.6,-2.9,254
P00789,Street Lighting Project 0789,Kerala,Ernakulam,MP_394,Street Lighting,720000.0,629000.0,572000.0,73.1,2024-01-31,2024-02-10,2024-05-29,,8.890095122931603,76.56165766765342,Contractor_036,Agency_02,In Progress,normal,0,0.794,6.3,119
P00790,Sports Facility Project 0790,Telangana,Nizamabad,MP_279,Sports Facility,2546000.0,1965000.0,775000.0,28.3,2024-02-03,2024-02-13,2024-12-12,,33.74821196546695,79.81245078308801,Contractor_007,Agency_03,In Progress,normal,0,0.304,2.1,313
P00791,Road Project 0791,Gujarat,Surat,MP_151,Road,1968000.0,1418000.0,1418000.0,100.0,2024-07-08,2024-07-18,2024-10-30,2025-01-08,16.84716023268016,88.2422251095891,Contractor_048,Agency_13,Completed,normal,0,0.721,-27.9,114
P00792,Health Facility Project 0792,Tamil Nadu,Chennai,MP_382,Health Facility,1681000.0,1473000.0,1473000.0,98.6,2025-07-15,2025-07-25,2026-05-30,2026-05-30,28.29158781764149,83.49850967612377,Contractor_032,Agency_15,Completed,normal,0,0.876,-11.0,319
P00793,Drinking Water Project 0681 - Similar Work,Tamil Nadu,Coimbatore,MP_092,Drinking Water,4316000.0,2640000.0,2640000.0,100.0,2025-11-01,2025-11-11,2026-07-11,2026-07-29,17.283591144799978,81.84267323800402,Contractor_001,Agency_03,Completed,duplicate,1,0.612,-38.8,252
P00794,School Building Project 0794,Rajasthan,Jodhpur,MP_311,School Building,3293000.0,2436000.0,2436000.0,94.2,2025-07-19,2025-07-29,2025-11-19,,10.854896734969806,91.87631429618244,Contractor_034,Agency_14,In Progress,normal,0,0.74,-20.2,123
P00795,Road Project 0795,Tamil Nadu,Salem,MP_131,Road,1195000.0,898000.0,898000.0,82.0,2025-07-28,2025-08-07,2025-10-30,,12.253229090652097,91.67388208781068,Contractor_009,Agency_06,In Progress,normal,0,0.751,-6.9,94
P00796,Road Project 0796,Tamil Nadu,Madurai,MP_487,Road,2155000.0,1825000.0,1186000.0,50.2,2024-07-15,2024-07-25,2025-07-04,,16.734594062189707,87.43793712845056,Contractor_035,Agency_12,Delayed,normal,0,0.55,4.8,354
P00797,Drinking Water Project 0797,Maharashtra,Nashik,MP_155,Drinking Water,1701000.0,1039000.0,1038000.0,67.5,2025-02-09,2025-02-19,2026-03-19,,13.682386614728117,88.18219926459678,Contractor_013,Agency_11,In Progress,normal,0,0.61,-6.5,403
P00798,Road Project 0798,West Bengal,Kolkata,MP_323,Road,2801000.0,2650000.0,2650000.0,97.6,2025-11-01,2025-11-11,2026-05-24,2026-05-24,32.68018119853683,78.9021268639681,Contractor_032,Agency_18,Completed,normal,0,0.946,-3.0,204
P00799,School Building Project 0799,Kerala,Kollam,MP_406,School Building,5533000.0,4000000.0,3735000.0,64.8,2025-10-21,2025-10-31,2026-09-24,,30.796809273009472,86.98252456284794,Contractor_050,Agency_20,In Progress,contractor_pattern,1,0.675,2.7,338
P00800,Health Facility Project 0800,Kerala,Ernakulam,MP_215,Health Facility,1257000.0,1006000.0,762000.0,59.4,2026-03-18,2026-03-28,2027-03-23,,24.921413569624058,87.17772039253227,Contractor_057,Agency_04,Delayed,normal,0,0.606,1.2,370
P00801,Road Project 0801,Kerala,Thrissur,MP_329,Road,1102000.0,679000.0,679000.0,86.6,2024-06-01,2024-06-11,2024-09-05,,23.460115399615525,88.48696069750004,Contractor_011,Agency_20,In Progress,normal,0,0.616,-25.0,96
P00802,School Building Project 0802,Karnataka,Mysuru,MP_486,School Building,2109000.0,1727000.0,1183000.0,62.0,2024-05-07,2024-05-17,2024-11-10,,14.732963592065182,76.79628203184113,Contractor_034,Agency_05,Delayed,normal,0,0.561,-5.9,187
P00803,Sports Facility Project 0803,West Bengal,Howrah,MP_224,Sports Facility,2071000.0,1202000.0,1202000.0,87.1,2025-12-26,2026-01-05,2026-12-28,,24.92749877530886,83.5791885458694,Contractor_010,Agency_18,In Progress,normal,0,0.58,-29.1,367
P00804,Road Project 0804,Karnataka,Bengaluru Urban,MP_095,Road,850000.0,584000.0,584000.0,72.8,2025-10-19,2025-10-29,2026-08-04,,26.825127869232034,91.25939776252268,Contractor_049,Agency_13,In Progress,normal,0,0.687,-4.1,289
P00805,School Building Project 0805,Andhra Pradesh,Guntur,MP_020,School Building,2188000.0,1250000.0,1001000.0,42.2,2025-02-28,2025-03-10,2025-11-20,,26.424807299136926,87.58934038573355,Contractor_041,Agency_05,In Progress,contractor_pattern,1,0.457,3.5,265
P00806,Drinking Water Project 0806,Andhra Pradesh,Krishna,MP_104,Drinking Water,978000.0,671000.0,671000.0,85.0,2024-04-11,2024-04-21,2024-08-07,,28.42445526224263,79.52065852913046,Contractor_021,Agency_19,In Progress,normal,0,0.686,-16.4,118
P00807,Sports Facility Project 0807,West Bengal,Kolkata,MP_276,Sports Facility,2571000.0,1926000.0,1024000.0,41.5,2024-12-11,2024-12-21,2025-06-07,,18.6646476892033,81.23982575617549,Contractor_059,Agency_06,Delayed,normal,0,0.398,-1.7,178
P00808,Sports Facility Project 0808,West Bengal,Darjeeling,MP_004,Sports Facility,2695000.0,2389000.0,1720000.0,59.4,2024-07-05,2024-07-15,2025-01-02,,19.559769622187144,82.0020104494048,Contractor_016,Agency_15,In Progress,normal,0,0.638,4.4,181
P00809,Health Facility Project 0809,West Bengal,Malda,MP_529,Health Facility,2402000.0,1981000.0,1726000.0,80.5,2024-11-18,2024-11-28,2025-08-10,,32.9292884680225,77.01309099794155,Contractor_052,Agency_01,In Progress,normal,0,0.719,-8.6,265
P00810,Community Hall Project 0810,Kerala,Kozhikode,MP_433,Community Hall,1415000.0,853000.0,853000.0,78.2,2026-03-04,2026-03-14,2027-03-17,,9.57492960415627,87.02110904914103,Contractor_024,Agency_09,In Progress,normal,0,0.603,-17.9,378
P00811,School Building Project 0811,Tamil Nadu,Chennai,MP_205,School Building,3755000.0,2622000.0,1616000.0,43.4,2024-09-07,2024-09-17,2025-08-01,,24.9840624668826,72.7482977520243,Contractor_039,Agency_13,Delayed,normal,0,0.43,-0.4,328
P00812,Sports Facility Project 0812,Tamil Nadu,Chennai,MP_279,Sports Facility,2325000.0,1862000.0,1862000.0,91.0,2024-11-14,2024-11-24,2025-12-19,,31.75353745692834,83.2800634777232,Contractor_029,Agency_18,Delayed,normal,0,0.801,-10.9,400
P00813,Sports Facility Project 0813,Rajasthan,Jodhpur,MP_506,Sports Facility,830000.0,568000.0,557000.0,78.0,2025-12-04,2025-12-14,2026-05-06,,24.327839663286543,83.2433576263543,Contractor_052,Agency_12,In Progress,normal,0,0.671,-10.9,153
P00814,Sports Facility Project 0814,Maharashtra,Nashik,MP_018,Sports Facility,2073000.0,1838000.0,1838000.0,85.6,2025-12-03,2025-12-13,2026-03-26,,30.956878428795562,76.27435466118656,Contractor_050,Agency_03,In Progress,normal,0,0.887,3.1,113
P00815,Road Project 0815,West Bengal,Howrah,MP_354,Road,2853000.0,2643000.0,2643000.0,100.0,2024-12-29,2025-01-08,2025-12-14,2025-12-14,14.548270096560096,82.38148867113966,Contractor_030,Agency_01,Completed,normal,0,0.926,-7.4,350
P00816,Health Facility Project 0816,Odisha,Khordha,MP_247,Health Facility,1473000.0,1173000.0,1039000.0,82.0,2025-08-22,2025-09-01,2026-07-06,,31.15505948665513,78.62475599191279,Contractor_014,Agency_20,In Progress,normal,0,0.705,-11.5,318
P00817,School Building Project 0817,Andhra Pradesh,Tirupati,MP_547,School Building,3264000.0,2840000.0,2540000.0,82.7,2025-07-07,2025-07-17,2025-12-30,,20.7259371608474,87.01203233235283,Contractor_013,Agency_11,In Progress,normal,0,0.778,-4.9,176
P00818,Road Project 0818,Karnataka,Dharwad,MP_220,Road,851000.0,498000.0,498000.0,88.5,2025-12-03,2025-12-13,2026-08-02,,20.130794945899225,78.41928782216915,Contractor_034,Agency_19,In Progress,normal,0,0.585,-30.0,242
P00819,Sports Facility Project 0819,Maharashtra,Nashik,MP_335,Sports Facility,802000.0,481000.0,481000.0,69.4,2024-11-02,2024-11-12,2025-09-20,,9.890612951131844,77.94321299888321,Contractor_006,Agency_09,In Progress,normal,0,0.6,-9.4,322
P00820,Street Lighting Project 0820,Tamil Nadu,Salem,MP_460,Street Lighting,407000.0,330000.0,262000.0,59.3,2024-11-30,2024-12-10,2025-05-29,,24.62282238734688,92.39947006693927,Contractor_012,Agency_01,Delayed,normal,0,0.644,5.1,180
P00821,Sports Facility Project 0821,Tamil Nadu,Salem,MP_332,Sports Facility,2808000.0,2149000.0,1542000.0,60.4,2025-12-29,2026-01-08,2026-07-28,,23.581280187078967,86.07609804173435,Contractor_009,Agency_07,In Progress,normal,0,0.549,-5.5,211
P00822,Road Project 0822,Odisha,Khordha,MP_451,Road,2261000.0,1932000.0,1932000.0,100.0,2024-09-30,2024-10-10,2025-04-23,2025-07-16,8.98703097861849,79.34483741881401,Contractor_048,Agency_10,Completed,normal,0,0.854,-14.6,205
P00823,Health Facility Project 0823,Kerala,Kozhikode,MP_451,Health Facility,1829000.0,1026000.0,838000.0,49.3,2024-04-09,2024-04-19,2025-01-21,,19.152045579830535,85.81082629037927,Contractor_003,Agency_11,In Progress,normal,0,0.458,-3.5,287
P00824,Sports Facility Project 0824,Maharashtra,Pune,MP_307,Sports Facility,1212000.0,994000.0,994000.0,100.0,2024-07-08,2024-07-18,2024-12-10,2025-04-20,16.30619116624162,82.99986958594364,Contractor_011,Agency_10,Completed,normal,0,0.82,-18.0,155
P00825,Street Lighting Project 0825,Karnataka,Belagavi,MP_210,Street Lighting,1175000.0,753000.0,753000.0,91.6,2025-09-12,2025-09-22,2026-10-07,,24.01038640626483,76.28787632180008,Contractor_048,Agency_10,In Progress,geo,1,0.641,-27.5,390
P00826,Community Hall Project 0826,Telangana,Warangal,MP_336,Community Hall,1466000.0,1181000.0,455000.0,28.1,2025-12-19,2025-12-29,2026-10-03,,30.701926976331965,79.60505097738408,Contractor_009,Agency_18,In Progress,normal,0,0.31,2.9,288
P00827,Street Lighting Project 0827,Tamil Nadu,Salem,MP_404,Street Lighting,1032000.0,698000.0,610000.0,67.3,2024-08-06,2024-08-16,2024-11-18,,23.352525209852068,73.21207556996526,Contractor_025,Agency_14,In Progress,normal,0,0.591,-8.2,104
P00828,Health Facility Project 0828,Andhra Pradesh,Krishna,MP_126,Health Facility,2263000.0,1393000.0,1393000.0,56.8,2025-06-15,2025-06-25,2026-05-02,,9.485963436091167,86.91837574828519,Contractor_055,Agency_05,In Progress,contractor_pattern,1,0.616,4.8,321
P00829,Road Project 0829,Karnataka,Mysuru,MP_535,Road,1048000.0,739000.0,174000.0,16.5,2024-11-08,2024-11-18,2025-04-10,,31.792194815321952,81.8388416395386,Contractor_010,Agency_03,Delayed,normal,0,0.166,0.1,153
P00830,School Building Project 0830,Karnataka,Bengaluru Urban,MP_271,School Building,2964000.0,2785000.0,2785000.0,93.0,2024-12-12,2024-12-22,2025-07-18,,23.994564947665893,75.16722187579875,Contractor_055,Agency_04,In Progress,normal,0,0.94,1.0,218
P00831,School Building Project 0831,West Bengal,Howrah,MP_549,School Building,4547000.0,2552000.0,2552000.0,80.0,2024-05-25,2024-06-04,2025-07-06,,20.980547883961364,88.01329549230128,Contractor_021,Agency_01,Delayed,normal,0,0.561,-23.9,407
P00832,Street Lighting Project 0832,Tamil Nadu,Coimbatore,MP_411,Street Lighting,781000.0,775000.0,630000.0,70.4,2024-03-25,2024-04-04,2024-11-28,,27.65889748952288,85.7500151248255,Contractor_037,Agency_10,Delayed,normal,0,0.807,10.3,248
P00833,Sports Facility Project 0833,Andhra Pradesh,Krishna,MP_135,Sports Facility,1295000.0,996000.0,996000.0,76.6,2025-03-18,2025-03-28,2025-09-16,,21.07492605798562,75.9180198098273,Contractor_033,Agency_20,In Progress,normal,0,0.769,0.3,182
P00834,Community Hall Project 0834,West Bengal,Howrah,MP_136,Community Hall,1088000.0,1011000.0,765000.0,72.2,2024-10-26,2024-11-05,2025-04-17,,32.59324405413501,80.24003217191,Contractor_043,Agency_03,In Progress,normal,0,0.703,-1.9,173
P00835,Road Project 0835,Tamil Nadu,Chennai,MP_090,Road,2437000.0,2417000.0,2417000.0,100.0,2024-01-06,2024-01-16,2024-11-29,2024-11-29,16.65758682945033,79.30566826795237,Contractor_001,Agency_14,Completed,normal,0,0.992,-0.8,328
P00836,Sports Facility Project 0836,Maharashtra,Pune,MP_037,Sports Facility,2994000.0,2691000.0,1827000.0,63.1,2025-12-02,2025-12-12,2027-01-02,,23.606678642143855,90.70490604461727,Contractor_046,Agency_03,In Progress,normal,0,0.61,-2.1,396
P00837,Community Hall Project 0837,Karnataka,Mysuru,MP_272,Community Hall,3050000.0,2759000.0,1606000.0,56.1,2024-11-02,2024-11-12,2025-11-23,,17.84929050948672,84.45736288920388,Contractor_029,Agency_10,In Progress,normal,0,0.527,-3.4,386
P00838,Community Hall Project 0838,Gujarat,Surat,MP_428,Community Hall,3486000.0,2296000.0,1857000.0,50.2,2025-06-14,2025-06-24,2026-07-05,,13.60074544754334,83.37748583263944,Contractor_013,Agency_19,Delayed,normal,0,0.533,3.1,386
P00839,Street Lighting Project 0839,Karnataka,Mysuru,MP_083,Street Lighting,1482000.0,890000.0,890000.0,55.8,2024-12-31,2025-01-10,2025-08-07,,20.31924612786941,89.58723951655793,Contractor_030,Agency_19,In Progress,normal,0,0.601,4.3,219
P00840,School Building Project 0840,Maharashtra,Aurangabad,MP_025,School Building,4906000.0,4733000.0,4631000.0,91.6,2024-02-24,2024-03-05,2024-05-30,,9.397211869392367,78.90749020641654,Contractor_059,Agency_19,Delayed,normal,0,0.944,2.8,96
P00841,School Building Project 0841,Kerala,Kollam,MP_480,School Building,3644000.0,2295000.0,439000.0,13.7,2026-04-23,2026-05-03,2027-02-06,,18.636252198502284,74.27470790911993,Contractor_057,Agency_09,In Progress,normal,0,0.12,-1.7,289
P00842,Health Facility Project 0842,Andhra Pradesh,Tirupati,MP_514,Health Facility,1330000.0,827000.0,770000.0,65.8,2025-08-20,2025-08-30,2026-07-16,,10.646433433641782,88.30353775513312,Contractor_053,Agency_08,In Progress,normal,0,0.579,-7.9,330
P00843,Health Facility Project 0843,Andhra Pradesh,Guntur,MP_189,Health Facility,1053000.0,800000.0,388000.0,32.7,2025-04-29,2025-05-09,2026-01-28,,14.052044709915904,83.79221880549724,Contractor_007,Agency_06,In Progress,normal,0,0.368,4.1,274
P00844,Health Facility Project 0844,Gujarat,Vadodara,MP_053,Health Facility,4765000.0,4523000.0,2776000.0,53.8,2024-05-25,2024-06-04,2024-10-04,,15.487445544007766,75.38570701978207,Contractor_020,Agency_14,In Progress,normal,0,0.583,4.5,132
P00845,Health Facility Project 0845,Gujarat,Surat,MP_344,Health Facility,3082000.0,1778000.0,1676000.0,52.8,2025-03-26,2025-04-05,2025-07-09,,17.9637347627057,84.83445533529647,Contractor_023,Agency_14,In Progress,normal,0,0.544,1.6,105
P00846,Community Hall Project 0846,Andhra Pradesh,Tirupati,MP_003,Community Hall,2645000.0,2143000.0,1856000.0,81.0,2024-12-23,2025-01-02,2025-12-27,,13.365981021077568,85.17904235035088,Contractor_001,Agency_12,In Progress,normal,0,0.702,-10.8,369
P00847,Community Hall Project 0847,Telangana,Warangal,MP_191,Community Hall,3095000.0,1734000.0,1493000.0,34.81581182402176,2025-12-09,2025-12-19,2026-10-23,,25.90049324487375,78.84964710980519,Contractor_047,Agency_20,In Progress,progress_mismatch,1,0.482,13.4,318
P00848,Drinking Water Project 0848,Telangana,Nizamabad,MP_283,Drinking Water,640000.0,432000.0,341000.0,51.2,2025-05-29,2025-06-08,2026-03-01,,14.974246981671868,86.60270850659319,Contractor_025,Agency_17,In Progress,normal,0,0.533,2.1,276
P00849,Road Project 0849,Gujarat,Rajkot,MP_316,Road,2755000.0,1620000.0,1620000.0,58.3,2025-10-17,2025-10-27,2026-07-12,,33.96784818897469,76.15861039786529,Contractor_009,Agency_07,Delayed,normal,0,0.588,0.5,268
P00850,Health Facility Project 0850,Andhra Pradesh,Guntur,MP_284,Health Facility,2676000.0,2063000.0,2063000.0,92.3,2025-01-29,2025-02-08,2025-12-31,,29.298156245582675,77.4464962182638,Contractor_059,Agency_01,In Progress,normal,0,0.771,-15.2,336
P00851,Community Hall Project 0851,Maharashtra,Nashik,MP_311,Community Hall,2659000.0,1715000.0,987000.0,35.3,2025-12-19,2025-12-29,2026-07-11,,28.433452705827044,85.92545141017105,Contractor_012,Agency_14,Delayed,normal,0,0.371,1.8,204
P00852,Drinking Water Project 0852,Odisha,Ganjam,MP_070,Drinking Water,1428000.0,1241000.0,409000.0,28.8,2025-03-22,2025-04-01,2026-02-10,,24.866763120911507,79.47651883427537,Contractor_043,Agency_08,In Progress,normal,0,0.286,-0.2,325
P00853,Street Lighting Project 0853,Telangana,Hyderabad,MP_291,Street Lighting,1332000.0,1069000.0,1069000.0,59.765123288750004,2026-03-28,2026-04-07,2027-01-22,2028-04-11,9.622163439191587,73.37885753425881,Contractor_021,Agency_12,Delayed,delay,1,0.803,20.5,300
P00854,School Building Project 0854,Tamil Nadu,Chennai,MP_459,School Building,5016000.0,3071000.0,3045000.0,57.5,2025-05-28,2025-06-07,2025-12-24,,13.518762542175356,84.29882526059554,Contractor_039,Agency_10,In Progress,normal,0,0.607,3.2,210
P00855,School Building Project 0855,Gujarat,Rajkot,MP_310,School Building,2757000.0,2452000.0,1907000.0,76.6,2025-04-17,2025-04-27,2025-09-12,,26.40231953219359,78.61630655686798,Contractor_030,Agency_15,In Progress,normal,0,0.692,-7.4,148
P00856,School Building Project 0856,Maharashtra,Nagpur,MP_138,School Building,3870000.0,2559000.0,1024000.0,23.4,2025-04-06,2025-04-16,2025-10-21,,25.418160964313213,83.24605682401014,Contractor_004,Agency_03,In Progress,normal,0,0.265,3.1,198
P00857,Road Project 0857,Kerala,Ernakulam,MP_151,Road,2091000.0,2066000.0,1282000.0,71.5,2024-06-01,2024-06-11,2024-10-05,,33.372488320965864,77.36508264503674,Contractor_060,Agency_05,In Progress,normal,0,0.613,-10.2,126
P00858,Sports Facility Project 0189 - Similar Work,Rajasthan,Udaipur,MP_046,Sports Facility,1219000.0,1038000.0,462000.0,44.3,2025-04-17,2025-04-27,2026-04-02,,12.871609952686695,86.0533884616325,Contractor_054,Agency_16,In Progress,duplicate,1,0.379,-6.4,350
P00859,Sports Facility Project 0859,Odisha,Cuttack,MP_412,Sports Facility,2922000.0,2078000.0,833000.0,27.4,2025-09-03,2025-09-13,2026-06-18,,24.791741844772833,82.81792377895528,Contractor_009,Agency_20,In Progress,normal,0,0.285,1.1,288
P00860,Street Lighting Project 0860,West Bengal,Malda,MP_089,Street Lighting,1436000.0,1362000.0,638000.0,50.8,2024-12-03,2024-12-13,2025-04-21,,10.986222357945774,92.04365701298293,Contractor_025,Agency_05,In Progress,normal,0,0.444,-6.4,139
P00861,Health Facility Project 0861,Tamil Nadu,Madurai,MP_314,Health Facility,3525000.0,2267000.0,2267000.0,88.8,2025-06-25,2025-07-05,2026-02-20,,26.85496340452749,74.15021460594693,Contractor_010,Agency_12,In Progress,normal,0,0.643,-24.5,240
P00862,Road Project 0862,Karnataka,Mysuru,MP_199,Road,2576000.0,1621000.0,1621000.0,84.6,2024-07-31,2024-08-10,2025-03-11,,11.747156432207674,90.84329075549232,Contractor_051,Agency_13,In Progress,normal,0,0.629,-21.7,223
P00863,Health Facility Project 0863,Rajasthan,Jaipur,MP_449,Health Facility,1343000.0,1085000.0,865000.0,73.6,2025-03-10,2025-03-20,2025-11-30,,22.170296595500833,85.35296975728458,Contractor_030,Agency_20,In Progress,normal,0,0.644,-9.2,265
P00864,Road Project 0864,Maharashtra,Nagpur,MP_049,Road,1581000.0,1480000.0,517000.0,30.8,2026-02-18,2026-02-28,2026-07-27,,32.81155911644909,81.45583004264408,Contractor_030,Agency_11,Delayed,normal,0,0.327,1.9,159
P00865,Road Project 0865,Telangana,Nizamabad,MP_506,Road,2284000.0,1974000.0,1540000.0,75.4,2024-08-21,2024-08-31,2025-09-30,,24.432641952731196,74.74115421287316,Contractor_039,Agency_03,In Progress,normal,0,0.674,-8.0,405
P00866,Street Lighting Project 0866,Telangana,Hyderabad,MP_078,Street Lighting,1067000.0,837000.0,645000.0,57.5,2024-11-04,2024-11-14,2025-04-13,,24.33424002321448,85.6338412385098,Contractor_060,Agency_12,In Progress,normal,0,0.604,2.9,160
P00867,Street Lighting Project 0867,Tamil Nadu,Chennai,MP_230,Street Lighting,391000.0,326000.0,202000.0,49.4,2025-11-20,2025-11-30,2026-06-29,,9.546558823904913,83.69064317191129,Contractor_037,Agency_03,In Progress,normal,0,0.517,2.3,221
P00868,Drinking Water Project 0868,Andhra Pradesh,Visakhapatnam,MP_454,Drinking Water,647000.0,563000.0,218000.0,36.8,2024-04-11,2024-04-21,2024-12-26,,30.23644455074402,79.15677781385654,Contractor_012,Agency_11,In Progress,normal,0,0.337,-3.1,259
P00869,Sports Facility Project 0869,Rajasthan,Kota,MP_272,Sports Facility,2366000.0,1405000.0,1405000.0,57.1,2024-04-26,2024-05-06,2025-06-02,,17.124668209330068,87.09704857327955,Contractor_033,Agency_11,In Progress,normal,0,0.594,2.3,402
P00870,Health Facility Project 0870,Andhra Pradesh,Visakhapatnam,MP_279,Health Facility,3761000.0,2732000.0,2418000.0,56.7,2024-06-14,2024-06-24,2025-02-04,,33.519395283541996,79.95484151597577,Contractor_039,Agency_19,In Progress,normal,0,0.643,7.6,235
P00871,Sports Facility Project 0871,Karnataka,Belagavi,MP_040,Sports Facility,1239000.0,710000.0,593000.0,56.1,2025-06-22,2025-07-02,2026-05-06,,26.891373293284108,76.02537697210069,Contractor_045,Agency_15,In Progress,normal,0,0.479,-8.2,318
P00872,Sports Facility Project 0872,Maharashtra,Aurangabad,MP_523,Sports Facility,2505000.0,2168000.0,2168000.0,100.0,2025-09-23,2025-10-03,2026-03-20,2026-05-16,28.556838135499063,91.8801534531246,Contractor_042,Agency_05,Completed,normal,0,0.865,-13.5,178
P00873,Community Hall Project 0873,West Bengal,Howrah,MP_163,Community Hall,1073000.0,866000.0,866000.0,95.3,2025-07-02,2025-07-12,2026-06-18,2026-06-18,11.967615916742595,90.41651469171464,Contractor_060,Agency_03,Completed,normal,0,0.807,-14.6,351
P00874,Health Facility Project 0874,Rajasthan,Kota,MP_468,Health Facility,2715000.0,2105000.0,1246000.0,46.5,2025-02-27,2025-03-09,2025-06-12,,12.406652189876294,86.03373536695543,Contractor_002,Agency_18,In Progress,normal,0,0.459,-0.6,105
P00875,Road Project 0875,Tamil Nadu,Salem,MP_418,Road,906000.0,878000.0,550000.0,63.4,2024-12-27,2025-01-06,2025-07-23,,29.736496417716133,74.20582090422245,Contractor_052,Agency_15,In Progress,normal,0,0.607,-2.7,208
P00876,Sports Facility Project 0876,Karnataka,Dharwad,MP_511,Sports Facility,2825000.0,2661000.0,1919000.0,59.6,2026-04-26,2026-05-06,2027-01-06,,18.573603483356933,74.86349162045212,Contractor_010,Agency_12,In Progress,normal,0,0.679,8.3,255
P00877,Drinking Water Project 0877,Karnataka,Belagavi,MP_160,Drinking Water,1312000.0,1060000.0,960000.0,64.3,2024-12-09,2024-12-19,2026-01-01,,8.341600620272432,89.66645251943713,Contractor_044,Agency_18,In Progress,normal,0,0.732,8.9,388
P00878,Road Project 0878,Tamil Nadu,Chennai,MP_303,Road,1785000.0,1131000.0,552000.0,35.7,2024-05-09,2024-05-19,2025-06-01,,20.19561927926009,81.11019093037291,Contractor_005,Agency_04,In Progress,normal,0,0.309,-4.8,388
P00879,Community Hall Project 0879,Maharashtra,Pune,MP_070,Community Hall,1346000.0,1333000.0,1243000.0,33.50672333701339,2024-02-25,2024-03-06,2024-09-07,,32.042884502831875,88.33706063391969,Contractor_026,Agency_13,In Progress,progress_mismatch,1,0.923,58.8,195
P00880,Drinking Water Project 0880,Kerala,Kollam,MP_146,Drinking Water,2219000.0,2018000.0,1585000.0,71.7,2024-12-09,2024-12-19,2025-05-27,,30.03185790289259,72.85740374916223,Contractor_004,Agency_15,In Progress,normal,0,0.714,-0.3,169
P00881,Road Project 0881,Rajasthan,Kota,MP_138,Road,1617000.0,1330000.0,673000.0,45.1,2025-02-13,2025-02-23,2025-08-12,,32.44889937804108,78.60911152002352,Contractor_012,Agency_08,In Progress,normal,0,0.416,-3.5,180
P00882,Community Hall Project 0882,West Bengal,Malda,MP_343,Community Hall,1231000.0,1004000.0,730000.0,65.6,2024-05-29,2024-06-08,2024-12-16,,21.368971440908588,80.29821131534179,Contractor_008,Agency_12,In Progress,normal,0,0.593,-6.3,201
P00883,Health Facility Project 0883,Gujarat,Vadodara,MP_074,Health Facility,4171000.0,3542000.0,3504000.0,16.543876180933378,2025-11-13,2025-11-23,2026-09-03,,31.206951399802346,79.0543581542576,Contractor_049,Agency_01,In Progress,progress_mismatch,1,0.84,67.5,294
P00884,Street Lighting Project 0884,Rajasthan,Udaipur,MP_486,Street Lighting,1199000.0,942000.0,755000.0,68.1,2025-01-07,2025-01-17,2025-09-21,,27.206077470475805,78.48048145743836,Contractor_057,Agency_10,In Progress,normal,0,0.63,-5.1,257
P00885,Sports Facility Project 0885,Telangana,Nizamabad,MP_410,Sports Facility,2200000.0,1897000.0,1897000.0,93.7,2024-07-31,2024-08-10,2025-05-03,,22.25076627275517,88.09796064138668,Contractor_046,Agency_03,In Progress,contractor_pattern,1,0.862,-7.5,276
P00886,School Building Project 0886,Tamil Nadu,Chennai,MP_364,School Building,4620000.0,4234000.0,2646000.0,57.0,2025-07-12,2025-07-22,2026-02-09,,21.53673893232496,85.3412114829338,Contractor_027,Agency_05,In Progress,normal,0,0.573,0.3,212
P00887,Community Hall Project 0887,Kerala,Kozhikode,MP_025,Community Hall,3709000.0,2435000.0,1448000.0,45.4,2024-07-02,2024-07-12,2025-07-06,,23.89177959171937,73.04946751532023,Contractor_010,Agency_06,In Progress,normal,0,0.39,-6.4,369
P00888,School Building Project 0888,Gujarat,Ahmedabad,MP_124,School Building,1719000.0,1415000.0,1175000.0,63.9,2024-12-09,2024-12-19,2025-06-02,,26.009434717137903,73.82167434213645,Contractor_003,Agency_09,In Progress,normal,0,0.684,4.5,175
P00889,Health Facility Project 0889,Maharashtra,Aurangabad,MP_096,Health Facility,2526000.0,2105000.0,2105000.0,83.2,2024-09-21,2024-10-01,2025-04-11,,8.337332936642841,80.61117662498803,Contractor_006,Agency_18,In Progress,normal,0,0.833,0.1,202
P00890,Sports Facility Project 0890,West Bengal,Malda,MP_501,Sports Facility,1928000.0,1450000.0,1184000.0,71.1,2026-02-14,2026-02-24,2027-02-18,,28.689186567346372,77.14452750245476,Contractor_042,Agency_15,In Progress,normal,0,0.614,-9.7,369
P00891,Road Project 0891,Gujarat,Vadodara,MP_531,Road,819000.0,513000.0,513000.0,86.6,2025-12-23,2026-01-02,2026-09-07,,13.67305656591392,76.35477697732799,Contractor_060,Agency_13,Delayed,normal,0,0.626,-24.0,258
P00892,Drinking Water Project 0892,Kerala,Ernakulam,MP_140,Drinking Water,2170000.0,1574000.0,1367000.0,73.2,2025-04-15,2025-04-25,2026-03-18,,17.49809412441067,75.83431856234046,Contractor_029,Agency_03,In Progress,normal,0,0.63,-10.2,337
P00893,Sports Facility Project 0893,Kerala,Ernakulam,MP_276,Sports Facility,11155000.0,11155000.0,9114000.0,72.1,2025-07-14,2025-07-24,2026-04-22,,32.08714823194934,73.84894556925161,Contractor_057,Agency_09,In Progress,financial,1,0.817,9.6,282
P00894,Community Hall Project 0894,Kerala,Ernakulam,MP_362,Community Hall,1499000.0,1448000.0,978000.0,59.5,2025-10-30,2025-11-09,2026-05-26,,17.428090681127177,89.10237708687202,Contractor_041,Agency_18,In Progress,normal,0,0.652,5.7,208
P00895,School Building Project 0895,Kerala,Ernakulam,MP_124,School Building,2569000.0,1555000.0,1555000.0,77.4,2024-10-27,2024-11-06,2025-05-22,,27.506602617312016,88.02047074418758,Contractor_047,Agency_01,Delayed,normal,0,0.605,-16.9,207
P00896,School Building Project 0896,Telangana,Karimnagar,MP_454,School Building,20137000.0,20137000.0,17468000.0,66.0,2025-05-03,2025-05-13,2026-06-05,,28.754695228580715,86.4200486214445,Contractor_020,Agency_19,In Progress,financial,1,0.867,20.7,398
P00897,Community Hall Project 0897,Telangana,Hyderabad,MP_302,Community Hall,3138000.0,2434000.0,2434000.0,100.0,2024-06-20,2024-06-30,2024-09-25,2024-11-22,16.426777783144992,89.7080107832739,Contractor_023,Agency_03,Completed,normal,0,0.776,-22.4,97
P00898,Sports Facility Project 0898,Kerala,Thrissur,MP_228,Sports Facility,6258000.0,6258000.0,5926000.0,55.4,2026-01-26,2026-02-05,2026-07-31,,31.19521032131667,76.75259725734175,Contractor_039,Agency_11,In Progress,financial,1,0.947,39.3,186
P00899,Health Facility Project 0899,Kerala,Thrissur,MP_437,Health Facility,1383000.0,1365000.0,961000.0,80.8,2024-02-04,2024-02-14,2024-07-13,,10.14014895962467,86.17889154134627,Contractor_025,Agency_10,In Progress,normal,0,0.695,-11.3,160
P00900,School Building Project 0900,Telangana,Hyderabad,MP_389,School Building,2811000.0,1906000.0,1906000.0,79.8,2026-01-16,2026-01-26,2026-08-19,,14.116951865274416,88.2700189917476,Contractor_019,Agency_12,In Progress,normal,0,0.678,-12.0,215
P00901,School Building Project 0901,Tamil Nadu,Coimbatore,MP_003,School Building,5185000.0,3414000.0,3414000.0,31.940416539805472,2024-01-31,2024-02-10,2025-03-16,2026-06-19,29.209697379643323,82.3321311586063,Contractor_019,Agency_14,Delayed,delay,1,0.658,33.9,410
P00902,School Building Project 0902,Odisha,Cuttack,MP_248,School Building,2104000.0,1580000.0,919000.0,44.2,2025-09-24,2025-10-04,2026-09-05,,33.393405124292954,73.00674442720494,Contractor_034,Agency_01,In Progress,normal,0,0.437,-0.5,346
P00903,Street Lighting Project 0903,Telangana,Warangal,MP_542,Street Lighting,516000.0,408000.0,408000.0,93.3,2025-06-11,2025-06-21,2026-06-25,,24.774317675711025,74.8922531920942,Contractor_031,Agency_15,In Progress,normal,0,0.791,-14.2,379
P00904,Road Project 0904,Maharashtra,Aurangabad,MP_330,Road,1077000.0,729000.0,729000.0,66.3,2024-03-30,2024-04-09,2024-10-27,,20.133182450584727,75.81876527414424,Contractor_031,Agency_17,In Progress,geo,1,0.677,1.4,211
P00905,Drinking Water Project 0905,Odisha,Cuttack,MP_196,Drinking Water,1083000.0,765000.0,48000.0,5.0,2024-10-11,2024-10-21,2025-05-16,,16.181161339663788,75.97386996951946,Contractor_010,Agency_08,In Progress,normal,0,0.044,-0.6,217
P00906,Road Project 0906,Maharashtra,Nagpur,MP_087,Road,2365000.0,1516000.0,1370000.0,61.6,2025-09-04,2025-09-14,2026-04-08,,33.467129874137186,76.28521314392337,Contractor_033,Agency_07,In Progress,normal,0,0.579,-3.7,216
P00907,Road Project 0907,Tamil Nadu,Madurai,MP_350,Road,897000.0,559000.0,456000.0,57.7,2025-03-08,2025-03-18,2026-04-29,,15.048327818303036,87.05654446214606,Contractor_041,Agency_04,In Progress,normal,0,0.508,-6.9,417
P00908,Health Facility Project 0908,Gujarat,Surat,MP_090,Health Facility,4986000.0,3224000.0,3224000.0,70.3,2024-09-22,2024-10-02,2025-02-17,,24.981780993284602,84.12185766179627,Contractor_019,Agency_16,In Progress,normal,0,0.647,-5.6,148
P00909,Sports Facility Project 0909,Rajasthan,Udaipur,MP_288,Sports Facility,2999000.0,2921000.0,2477000.0,79.7,2024-04-03,2024-04-13,2025-02-19,,8.585373161088397,82.58949613851978,Contractor_021,Agency_13,In Progress,normal,0,0.826,2.9,322
P00910,Road Project 0910,Maharashtra,Nashik,MP_388,Road,1837000.0,1536000.0,1536000.0,84.3,2024-10-09,2024-10-19,2025-01-18,,8.800610622242127,86.36794402867382,Contractor_049,Agency_09,In Progress,normal,0,0.836,-0.7,101
P00911,Drinking Water Project 0911,Rajasthan,Kota,MP_487,Drinking Water,528000.0,383000.0,383000.0,100.0,2024-05-27,2024-06-06,2025-05-14,2025-05-14,29.170685906466257,74.09254306577876,Contractor_017,Agency_12,Completed,normal,0,0.725,-27.5,352
P00912,Road Project 0912,Odisha,Sambalpur,MP_499,Road,2912000.0,1891000.0,1691000.0,57.7,2024-12-02,2024-12-12,2025-09-02,,28.844136240492972,76.05010586442957,Contractor_042,Agency_15,In Progress,normal,0,0.581,0.4,274
P00913,Drinking Water Project 0913,Karnataka,Belagavi,MP_073,Drinking Water,1936000.0,1687000.0,1206000.0,67.9,2024-05-28,2024-06-07,2025-03-29,,25.119963487086203,88.722981374753,Contractor_033,Agency_14,In Progress,normal,0,0.623,-5.6,305
P00914,Health Facility Project 0914,Rajasthan,Kota,MP_349,Health Facility,2988000.0,2540000.0,1474000.0,55.1,2024-05-18,2024-05-28,2025-02-10,,25.23873741669322,73.4168553064303,Contractor_052,Agency_20,In Progress,normal,0,0.493,-5.8,268
P00915,Community Hall Project 0915,Gujarat,Ahmedabad,MP_359,Community Hall,3925000.0,3521000.0,1951000.0,45.5,2024-07-16,2024-07-26,2025-07-09,,16.633541195847755,91.45596724627852,Contractor_030,Agency_18,In Progress,normal,0,0.497,4.2,358
P00916,Community Hall Project 0916,Karnataka,Mysuru,MP_240,Community Hall,1893000.0,1319000.0,1319000.0,100.0,2024-11-13,2024-11-23,2025-02-11,2025-03-05,22.20001796371647,81.61882664484929,Contractor_027,Agency_07,Completed,normal,0,0.697,-30.3,90
P00917,Drinking Water Project 0917,Telangana,Hyderabad,MP_007,Drinking Water,681000.0,413000.0,413000.0,78.2,2024-07-09,2024-07-19,2025-01-11,,11.394532591065943,80.28634767271983,Contractor_055,Agency_18,In Progress,normal,0,0.606,-17.6,186
P00918,Drinking Water Project 0918,West Bengal,Kolkata,MP_375,Drinking Water,2190000.0,1753000.0,1753000.0,95.7,2025-02-15,2025-02-25,2025-10-07,2026-04-12,9.394415168799478,72.85572085994266,Contractor_023,Agency_17,Completed,normal,0,0.8,-15.7,234
P00919,Sports Facility Project 0919,Odisha,Cuttack,MP_230,Sports Facility,1893000.0,1826000.0,1271000.0,77.5,2024-04-27,2024-05-07,2024-12-10,,20.483391836189895,90.47145908161501,Contractor_018,Agency_01,In Progress,normal,0,0.671,-10.4,227
P00920,Drinking Water Project 0920,Andhra Pradesh,Krishna,MP_410,Drinking Water,8260000.0,8260000.0,7349000.0,84.5,2024-10-25,2024-11-04,2025-11-18,,22.666701275355916,80.12674290817779,Contractor_031,Agency_11,In Progress,financial,1,0.89,4.5,389
P00921,Health Facility Project 0921,Telangana,Hyderabad,MP_278,Health Facility,4625000.0,4264000.0,3191000.0,51.55794564340897,2026-03-21,2026-03-31,2026-10-29,2027-10-06,31.09455728564729,76.45086611348944,Contractor_015,Agency_05,Delayed,delay,1,0.69,17.4,222
P00922,Community Hall Project 0922,West Bengal,Darjeeling,MP_336,Community Hall,3197000.0,2144000.0,2144000.0,69.9,2024-03-16,2024-03-26,2024-09-25,,9.24227404647501,75.60373575522185,Contractor_045,Agency_02,Delayed,geo,1,0.671,-2.8,193
P00923,Sports Facility Project 0923,Odisha,Ganjam,MP_168,Sports Facility,1259000.0,817000.0,817000.0,86.0,2024-10-22,2024-11-01,2025-08-11,,8.21159777271579,90.93487311201935,Contractor_024,Agency_02,In Progress,normal,0,0.649,-21.1,293
P00924,Sports Facility Project 0924,Tamil Nadu,Madurai,MP_269,Sports Facility,2561000.0,2159000.0,1659000.0,66.4,2025-06-18,2025-06-28,2026-03-02,,22.86540940322032,82.82846329528105,Contractor_026,Agency_05,Delayed,normal,0,0.648,-1.6,257
P00925,Road Project 0925,Gujarat,Surat,MP_388,Road,820000.0,605000.0,598000.0,71.5,2024-10-31,2024-11-10,2025-03-29,,26.092815308685797,72.7002607374129,Contractor_016,Agency_02,Delayed,normal,0,0.729,1.4,149
P00926,Community Hall Project 0926,Telangana,Nizamabad,MP_399,Community Hall,3153000.0,2675000.0,2675000.0,100.0,2025-11-13,2025-11-23,2026-07-08,2026-07-13,10.109708451311665,73.95277671959357,Contractor_007,Agency_08,Completed,normal,0,0.848,-15.2,237
P00927,Sports Facility Project 0927,Tamil Nadu,Madurai,MP_452,Sports Facility,1470000.0,990000.0,990000.0,75.9,2025-10-10,2025-10-20,2026-08-01,,17.4744168901099,80.64129706664252,Contractor_060,Agency_06,In Progress,normal,0,0.673,-8.6,295
P00928,School Building Project 0928,Maharashtra,Pune,MP_214,School Building,3019000.0,2087000.0,2087000.0,88.9,2024-07-19,2024-07-29,2025-07-21,,13.370515001493608,74.82229289230152,Contractor_007,Agency_20,In Progress,geo,1,0.691,-19.8,367
P00929,Sports Facility Project 0929,West Bengal,Malda,MP_207,Sports Facility,2291000.0,1576000.0,1486000.0,66.6,2024-09-25,2024-10-05,2025-05-22,,29.78789942059224,91.83498835661317,Contractor_007,Agency_02,In Progress,normal,0,0.649,-1.7,239
P00930,Health Facility Project 0930,Telangana,Hyderabad,MP_123,Health Facility,2697000.0,2058000.0,2058000.0,85.2,2024-09-12,2024-09-22,2025-06-22,,30.175622542276113,84.6532251353598,Contractor_018,Agency_08,In Progress,normal,0,0.763,-8.9,283
P00931,Community Hall Project 0931,Tamil Nadu,Chennai,MP_370,Community Hall,3233000.0,2461000.0,2461000.0,83.1,2024-04-24,2024-05-04,2025-02-18,,19.505267719978896,91.61768469199889,Contractor_037,Agency_04,In Progress,normal,0,0.761,-7.0,300
P00932,Community Hall Project 0932,Maharashtra,Pune,MP_415,Community Hall,3675000.0,2847000.0,2483000.0,71.8,2026-01-26,2026-02-05,2026-05-15,,17.16949249181628,73.91242689997398,Contractor_026,Agency_14,In Progress,normal,0,0.676,-4.2,109
P00933,Sports Facility Project 0933,Tamil Nadu,Madurai,MP_303,Sports Facility,2041000.0,2029000.0,1713000.0,81.2,2024-12-26,2025-01-05,2026-01-24,,23.809194323590603,82.75622244334754,Contractor_026,Agency_03,In Progress,normal,0,0.839,2.7,394
P00934,School Building Project 0934,Karnataka,Belagavi,MP_392,School Building,1620000.0,1247000.0,881000.0,47.3,2024-04-22,2024-05-02,2024-10-11,,17.136811406993488,82.77651071508336,Contractor_024,Agency_20,Delayed,normal,0,0.544,7.1,172
P00935,Street Lighting Project 0048 - Similar Work,Andhra Pradesh,Krishna,MP_002,Street Lighting,1910000.0,1243000.0,583000.0,33.3,2025-11-17,2025-11-27,2026-08-06,,33.89050618239457,87.99237090706855,Contractor_012,Agency_18,In Progress,duplicate,1,0.305,-2.8,262
P00936,Road Project 0936,West Bengal,Howrah,MP_333,Road,2022000.0,1119000.0,1119000.0,95.4,2025-12-19,2025-12-29,2026-09-10,2026-09-13,16.201096523829083,86.88793508999831,Contractor_027,Agency_16,Completed,normal,0,0.553,-40.1,265
P00937,Health Facility Project 0937,Tamil Nadu,Salem,MP_311,Health Facility,4809000.0,3492000.0,2060000.0,42.3,2024-01-16,2024-01-26,2024-04-24,,29.574592831757496,77.92746870258911,Contractor_023,Agency_10,Delayed,normal,0,0.428,0.5,99
P00938,Sports Facility Project 0938,Karnataka,Belagavi,MP_371,Sports Facility,1785000.0,1528000.0,1528000.0,100.0,2025-09-23,2025-10-03,2026-02-01,2026-02-15,13.186576627843245,86.15688866405729,Contractor_032,Agency_02,Completed,normal,0,0.856,-14.4,131
P00939,Sports Facility Project 0939,West Bengal,Kolkata,MP_011,Sports Facility,1701000.0,1317000.0,1317000.0,100.0,2025-11-04,2025-11-14,2026-10-25,2027-01-11,14.508147979249404,87.07321648305009,Contractor_054,Agency_16,Completed,normal,0,0.774,-22.6,355
P00940,Community Hall Project 0940,West Bengal,Darjeeling,MP_012,Community Hall,2565000.0,1428000.0,1428000.0,92.6,2024-08-04,2024-08-14,2025-07-27,,27.896404607182742,78.8028301622526,Contractor_007,Agency_13,In Progress,normal,0,0.557,-36.9,357
P00941,Street Lighting Project 0941,Rajasthan,Udaipur,MP_313,Street Lighting,532000.0,456000.0,456000.0,94.4,2024-05-01,2024-05-11,2024-12-14,,19.566920144595723,73.7726064613266,Contractor_026,Agency_08,In Progress,normal,0,0.857,-8.7,227
P00942,Street Lighting Project 0942,Odisha,Sambalpur,MP_116,Street Lighting,1413000.0,874000.0,874000.0,70.8,2025-11-15,2025-11-25,2026-02-18,,24.89743844983113,77.98635166806369,Contractor_046,Agency_11,In Progress,normal,0,0.619,-8.9,95
P00943,School Building Project 0943,West Bengal,Kolkata,MP_046,School Building,3832000.0,2642000.0,2089000.0,55.0,2024-04-20,2024-04-30,2025-02-25,,26.91165314526992,76.09583341339622,Contractor_040,Agency_04,In Progress,normal,0,0.545,-0.5,311
P00944,Street Lighting Project 0944,Telangana,Warangal,MP_235,Street Lighting,1040000.0,799000.0,519000.0,46.0,2024-08-12,2024-08-22,2025-03-29,,8.301712179343188,85.10272066204344,Contractor_041,Agency_06,In Progress,contractor_pattern,1,0.499,3.9,229
P00945,Health Facility Project 0945,Andhra Pradesh,Krishna,MP_232,Health Facility,4985000.0,3260000.0,3093000.0,55.1,2024-09-10,2024-09-20,2025-10-17,,18.030717109988814,92.28891393035761,Contractor_019,Agency_13,In Progress,normal,0,0.62,6.9,402
P00946,Street Lighting Project 0946,Gujarat,Vadodara,MP_262,Street Lighting,1317000.0,774000.0,667000.0,54.4,2024-01-31,2024-02-10,2024-10-22,,28.584033016337237,76.6131164612157,Contractor_007,Agency_08,In Progress,normal,0,0.506,-3.8,265
P00947,Health Facility Project 0947,Kerala,Kollam,MP_364,Health Facility,1698000.0,1237000.0,1237000.0,72.4,2025-03-24,2025-04-03,2026-02-10,,26.389213537119225,77.66712318765316,Contractor_031,Agency_18,In Progress,normal,0,0.729,0.5,323
P00948,Sports Facility Project 0948,Telangana,Warangal,MP_423,Sports Facility,1776000.0,1181000.0,804000.0,44.3,2024-06-18,2024-06-28,2024-09-19,,18.459882658136088,74.0227145192194,Contractor_030,Agency_10,Delayed,normal,0,0.453,1.0,93
P00949,Health Facility Project 0949,Tamil Nadu,Coimbatore,MP_356,Health Facility,4585000.0,4532000.0,4176000.0,83.7,2024-06-16,2024-06-26,2025-06-19,,24.587027851696572,75.2471351953328,Contractor_017,Agency_02,In Progress,normal,0,0.911,7.4,368
P00950,School Building Project 0950,Karnataka,Dharwad,MP_496,School Building,2640000.0,1987000.0,1987000.0,86.8,2025-06-24,2025-07-04,2026-06-16,,17.07923295514376,86.48097828072663,Contractor_049,Agency_14,Delayed,normal,0,0.753,-11.5,357
P00951,School Building Project 0951,Kerala,Kollam,MP_416,School Building,1735000.0,1088000.0,774000.0,41.2,2024-11-07,2024-11-17,2025-07-25,,10.386760159444226,73.0423148182791,Contractor_033,Agency_16,In Progress,normal,0,0.446,3.4,260
P00952,Community Hall Project 0952,Telangana,Nizamabad,MP_034,Community Hall,1488000.0,1091000.0,838000.0,62.5,2025-10-27,2025-11-06,2026-09-12,,23.53903758804131,91.55020401598313,Contractor_018,Agency_19,In Progress,normal,0,0.563,-6.2,320
P00953,School Building Project 0953,Odisha,Ganjam,MP_359,School Building,3662000.0,3491000.0,2208000.0,52.9,2024-01-17,2024-01-27,2025-02-06,,21.339219539816433,86.47321928577392,Contractor_057,Agency_02,Delayed,normal,0,0.603,7.4,386
P00954,Community Hall Project 0954,Rajasthan,Jodhpur,MP_286,Community Hall,1471000.0,1040000.0,1040000.0,93.9,2025-09-01,2025-09-11,2025-12-23,,32.073536157014104,82.07405366737414,Contractor_049,Agency_04,In Progress,normal,0,0.707,-23.2,113
P00955,Street Lighting Project 0955,Gujarat,Rajkot,MP_294,Street Lighting,1311000.0,1067000.0,785000.0,58.9,2024-07-25,2024-08-04,2025-04-22,,13.73056668384832,91.0775373605232,Contractor_006,Agency_01,In Progress,normal,0,0.599,1.0,271
P00956,Street Lighting Project 0956,Andhra Pradesh,Tirupati,MP_185,Street Lighting,773000.0,451000.0,425000.0,49.9,2026-02-20,2026-03-02,2026-10-16,,29.084301954661857,76.50245094955237,Contractor_041,Agency_13,In Progress,normal,0,0.55,5.1,238
P00957,Health Facility Project 0957,Karnataka,Mysuru,MP_283,Health Facility,4326000.0,3011000.0,2028000.0,45.9,2024-05-28,2024-06-07,2025-02-11,,12.629751625755972,88.55442547424698,Contractor_034,Agency_14,In Progress,geo,1,0.469,1.0,259
P00958,Community Hall Project 0958,Tamil Nadu,Salem,MP_281,Community Hall,1784000.0,1051000.0,981000.0,56.4,2024-12-23,2025-01-02,2025-08-04,,16.616247418942784,76.57504840074868,Contractor_009,Agency_13,In Progress,geo,1,0.55,-1.4,224
P00959,Street Lighting Project 0959,Andhra Pradesh,Tirupati,MP_236,Street Lighting,988000.0,572000.0,572000.0,61.3,2024-04-28,2024-05-08,2025-06-17,,19.93906729908272,77.21016468720626,Contractor_019,Agency_10,In Progress,normal,0,0.579,-3.4,415
P00960,School Building Project 0960,Telangana,Hyderabad,MP_206,School Building,4789000.0,4272000.0,4013000.0,25.278028148755645,2026-02-02,2026-02-12,2026-10-13,2027-04-14,32.6865346737696,87.90384313737115,Contractor_036,Agency_05,Delayed,delay,1,0.838,58.5,253
P00961,School Building Project 0961,Rajasthan,Jaipur,MP_373,School Building,2139000.0,1739000.0,1442000.0,71.6,2026-01-17,2026-01-27,2026-06-15,,28.262950446599703,82.32601934341076,Contractor_042,Agency_09,In Progress,normal,0,0.674,-4.2,149
P00962,Drinking Water Project 0329 - Similar Work,Kerala,Kollam,MP_471,Drinking Water,1493000.0,1280000.0,487000.0,37.5,2025-05-06,2025-05-16,2025-11-17,,25.555941320769467,85.43063429726047,Contractor_048,Agency_20,Delayed,duplicate,1,0.326,-4.9,195
P00963,Road Project 0963,Karnataka,Belagavi,MP_171,Road,959000.0,946000.0,658000.0,67.7,2025-06-24,2025-07-04,2026-07-16,,29.70105937737422,88.26520391450042,Contractor_036,Agency_20,In Progress,normal,0,0.686,0.9,387
P00964,School Building Project 0964,Kerala,Thrissur,MP_399,School Building,3741000.0,3432000.0,2272000.0,66.1,2024-09-30,2024-10-10,2025-06-15,,29.267516195894842,75.54493500594798,Contractor_037,Agency_07,In Progress,normal,0,0.607,-5.4,258
P00965,Sports Facility Project 0965,Rajasthan,Jodhpur,MP_387,Sports Facility,2446000.0,1847000.0,1847000.0,98.3,2025-08-16,2025-08-26,2026-03-06,2026-03-06,28.27038349346068,77.11762399911504,Contractor_058,Agency_13,Completed,normal,0,0.755,-22.8,202
P00966,Sports Facility Project 0966,Kerala,Kozhikode,MP_162,Sports Facility,1114000.0,664000.0,576000.0,47.5,2024-01-26,2024-02-05,2025-02-08,,32.68065391494349,84.07060767834194,Contractor_008,Agency_10,In Progress,normal,0,0.517,4.2,379
P00967,Street Lighting Project 0967,Telangana,Karimnagar,MP_467,Street Lighting,814000.0,630000.0,510000.0,57.2,2024-03-23,2024-04-02,2025-04-09,,21.88833982536881,89.09201056259897,Contractor_042,Agency_18,In Progress,normal,0,0.627,5.5,382
P00968,Community Hall Project 0968,West Bengal,Howrah,MP_428,Community Hall,3624000.0,2826000.0,1815000.0,54.6,2026-04-17,2026-04-27,2026-08-12,,20.32084171103699,84.6760734036736,Contractor_024,Agency_18,In Progress,normal,0,0.501,-4.5,117
P00969,Road Project 0969,Andhra Pradesh,Tirupati,MP_309,Road,1697000.0,1042000.0,932000.0,60.7,2025-10-11,2025-10-21,2026-01-12,,22.397992215827685,85.48202597175685,Contractor_028,Agency_14,Delayed,normal,0,0.549,-5.8,93
P00970,Sports Facility Project 0970,Andhra Pradesh,Tirupati,MP_280,Sports Facility,1844000.0,1160000.0,1160000.0,87.3,2025-01-04,2025-01-14,2025-05-12,,8.653303540795253,83.86552742637059,Contractor_001,Agency_04,In Progress,normal,0,0.629,-24.4,128
P00971,Street Lighting Project 0971,Tamil Nadu,Coimbatore,MP_337,Street Lighting,503000.0,500000.0,500000.0,100.0,2024-01-30,2024-02-09,2024-05-23,2024-07-12,31.33110022237717,82.98224017939508,Contractor_035,Agency_01,Completed,normal,0,0.994,-0.6,114
P00972,Sports Facility Project 0972,Maharashtra,Nashik,MP_397,Sports Facility,1294000.0,982000.0,982000.0,100.0,2026-04-16,2026-04-26,2026-07-24,2026-08-30,32.479970436835146,88.33523738451849,Contractor_036,Agency_01,Completed,normal,0,0.759,-24.1,99
P00973,Health Facility Project 0973,Kerala,Kollam,MP_088,Health Facility,3066000.0,2372000.0,949000.0,31.7,2025-10-18,2025-10-28,2026-05-24,,15.042222006623224,86.18496878709871,Contractor_034,Agency_04,In Progress,normal,0,0.31,-0.7,218
P00974,Drinking Water Project 0974,Rajasthan,Udaipur,MP_102,Drinking Water,2179000.0,1674000.0,1464000.0,60.0,2025-01-31,2025-02-10,2025-11-17,,13.737318527315999,89.00142526336306,Contractor_003,Agency_13,In Progress,normal,0,0.672,7.2,290
P00975,Drinking Water Project 0975,Andhra Pradesh,Krishna,MP_167,Drinking Water,1359000.0,1237000.0,1169000.0,100.0,2024-07-30,2024-08-09,2025-03-24,2025-05-23,23.308015946861474,75.66063477453105,Contractor_005,Agency_07,Completed,normal,0,0.86,-14.0,237
P00976,Road Project 0976,West Bengal,Malda,MP_143,Road,2437000.0,1872000.0,1872000.0,100.0,2025-02-09,2025-02-19,2025-11-23,2026-03-16,27.23407632840083,75.41546187329956,Contractor_005,Agency_01,Completed,normal,0,0.768,-23.2,287
P00977,Road Project 0977,Rajasthan,Jaipur,MP_308,Road,2596000.0,2039000.0,1934000.0,83.4,2026-03-08,2026-03-18,2026-10-06,,16.10585800395109,91.31467337547187,Contractor_024,Agency_18,Delayed,normal,0,0.745,-8.9,212
P00978,Health Facility Project 0978,Telangana,Hyderabad,MP_161,Health Facility,3378000.0,1951000.0,1951000.0,78.1,2024-07-31,2024-08-10,2024-11-05,,14.110245134267826,91.22639212988165,Contractor_040,Agency_08,In Progress,normal,0,0.578,-20.3,97
P00979,Health Facility Project 0979,Tamil Nadu,Madurai,MP_400,Health Facility,3811000.0,2270000.0,2270000.0,89.9,2024-09-13,2024-09-23,2024-12-17,,17.36020518829696,91.65375792638989,Contractor_060,Agency_03,In Progress,normal,0,0.596,-30.3,95
P00980,Street Lighting Project 0980,Andhra Pradesh,Guntur,MP_337,Street Lighting,639000.0,538000.0,254000.0,39.4,2024-12-31,2025-01-10,2026-01-31,,27.817991146109282,73.53355025735614,Contractor_009,Agency_07,In Progress,normal,0,0.397,0.3,396
P00981,Street Lighting Project 0981,Andhra Pradesh,Visakhapatnam,MP_399,Street Lighting,394000.0,278000.0,278000.0,86.9,2024-10-07,2024-10-17,2025-11-12,,24.59075920610563,77.53583416145126,Contractor_047,Agency_17,In Progress,normal,0,0.706,-16.3,401
P00982,Street Lighting Project 0982,Telangana,Hyderabad,MP_249,Street Lighting,1148000.0,660000.0,660000.0,78.6,2026-02-08,2026-02-18,2026-07-25,,23.851055714175658,87.04665431550264,Contractor_032,Agency_18,In Progress,normal,0,0.575,-21.1,167
P00983,School Building Project 0983,Karnataka,Mysuru,MP_420,School Building,4589000.0,3917000.0,3917000.0,100.0,2025-06-20,2025-06-30,2026-02-18,2026-03-11,13.567771589874672,83.50741803645045,Contractor_043,Agency_06,Completed,normal,0,0.854,-14.6,243
P00984,Road Project 0984,Karnataka,Bengaluru Urban,MP_450,Road,2329000.0,2301000.0,2082000.0,100.0,2024-02-13,2024-02-23,2024-12-06,2025-01-03,33.88716270938012,83.85263048337579,Contractor_004,Agency_05,Completed,normal,0,0.894,-10.6,297
P00985,School Building Project 0985,West Bengal,Howrah,MP_127,School Building,5008000.0,2993000.0,2993000.0,95.2,2024-10-12,2024-10-22,2025-10-29,2025-11-20,30.127993280292536,80.17228184789901,Contractor_047,Agency_02,Completed,normal,0,0.598,-35.4,382
P00986,Road Project 0986,West Bengal,Howrah,MP_165,Road,2714000.0,2059000.0,2059000.0,77.5,2024-07-24,2024-08-03,2025-02-16,,8.787314335183012,74.76150027116826,Contractor_056,Agency_04,In Progress,normal,0,0.759,-1.6,207
P00987,Street Lighting Project 0987,Kerala,Kozhikode,MP_014,Street Lighting,872000.0,576000.0,576000.0,90.3,2024-12-08,2024-12-18,2025-09-24,,32.172194488901,86.76530449046076,Contractor_025,Agency_12,In Progress,normal,0,0.661,-24.2,290
P00988,Sports Facility Project 0988,Maharashtra,Nashik,MP_442,Sports Facility,2843000.0,2797000.0,2738000.0,30.22776386787529,2025-07-08,2025-07-18,2026-06-22,2027-10-09,21.797010654155063,85.6269515283904,Contractor_009,Agency_15,Delayed,delay,1,0.963,66.1,349
P00989,Health Facility Project 0989,Tamil Nadu,Coimbatore,MP_198,Health Facility,1729000.0,1385000.0,1385000.0,87.5,2024-09-08,2024-09-18,2025-09-02,,28.550880624906046,87.05460436123492,Contractor_007,Agency_11,In Progress,normal,0,0.801,-7.4,359
P00990,Sports Facility Project 0990,Rajasthan,Jodhpur,MP_363,Sports Facility,2506000.0,2075000.0,2035000.0,72.1,2024-04-15,2024-04-25,2024-08-16,,20.439841476762812,81.70143291646582,Contractor_026,Agency_19,In Progress,normal,0,0.812,9.1,123
P00991,Street Lighting Project 0991,Karnataka,Dharwad,MP_517,Street Lighting,1283000.0,973000.0,973000.0,100.0,2026-03-27,2026-04-06,2027-05-16,2027-07-19,27.723309612047267,90.97548615160395,Contractor_053,Agency_20,Completed,normal,0,0.758,-24.2,415
P00992,Street Lighting Project 0992,Telangana,Karimnagar,MP_530,Street Lighting,890000.0,885000.0,781000.0,96.8,2025-04-16,2025-04-26,2026-05-09,2026-05-09,22.03664345279247,75.31458589825786,Contractor_031,Agency_11,Completed,normal,0,0.878,-9.0,388
P00993,Health Facility Project 0993,Kerala,Kollam,MP_221,Health Facility,2619000.0,2090000.0,2090000.0,75.5,2025-05-27,2025-06-06,2026-07-19,,15.403427407217034,81.63148886393783,Contractor_057,Agency_05,In Progress,normal,0,0.798,4.3,418
P00994,Sports Facility Project 0994,Tamil Nadu,Madurai,MP_392,Sports Facility,1477000.0,993000.0,993000.0,76.2,2025-05-06,2025-05-16,2025-12-03,,11.24380714454926,92.47765945733292,Contractor_019,Agency_06,In Progress,normal,0,0.672,-9.0,211
P00995,Drinking Water Project 0995,Maharashtra,Aurangabad,MP_456,Drinking Water,1930000.0,1549000.0,1549000.0,75.3,2025-06-01,2025-06-11,2025-09-11,,27.907347967415767,83.45219711521968,Contractor_010,Agency_19,In Progress,normal,0,0.803,5.0,102
P00996,Street Lighting Project 0996,Andhra Pradesh,Tirupati,MP_445,Street Lighting,1355000.0,1336000.0,509000.0,42.4,2024-02-04,2024-02-14,2024-09-22,,16.941718992067088,90.2038049136148,Contractor_037,Agency_12,In Progress,normal,0,0.376,-4.8,231
P00997,Health Facility Project 0997,Kerala,Kollam,MP_222,Health Facility,2154000.0,2130000.0,1104000.0,51.0,2025-07-23,2025-08-02,2026-09-05,,25.90429230493297,81.22982412051512,Contractor_025,Agency_19,In Progress,normal,0,0.513,0.3,409
P00998,Health Facility Project 0998,Odisha,Sambalpur,MP_272,Health Facility,1970000.0,1718000.0,1718000.0,79.7,2025-10-14,2025-10-24,2026-05-08,,17.9462090662099,77.91083736878012,Contractor_039,Agency_20,Delayed,normal,0,0.872,7.5,206
P00999,Road Project 0999,Rajasthan,Udaipur,MP_467,Road,2804000.0,2196000.0,1294000.0,45.4,2026-01-03,2026-01-13,2026-08-13,,16.670710421738676,87.32488156597296,Contractor_005,Agency_06,In Progress,normal,0,0.461,0.7,222
P01000,Drinking Water Project 1000,Gujarat,Vadodara,MP_074,Drinking Water,2273000.0,1709000.0,721000.0,34.2,2025-11-15,2025-11-25,2026-09-22,,30.69702736249446,80.99242842097064,Contractor_025,Agency_07,Delayed,normal,0,0.317,-2.5,311
