image_id,project_id,image_path,latitude,longitude,upload_date,image_hash,similarity_score,status
IMG00001,P00001,evidence/images/IMG00001.jpg,11.505331723029084,81.61764157033222,2025-01-18,98d9baee30028bf6d43a139a55d598fc,0.95,Potentially Reused
IMG00002,P00002,evidence/images/IMG00002.jpg,24.496941497349276,87.7101372536904,2025-07-11,99bf2592cf6e4575d07ce1090af1d65f,0.0,Valid
IMG00003,P00003,evidence/images/IMG00003.jpg,27.41486362242168,91.85669270219736,2026-02-08,384364ef2a40c3ad226595c85f0dbf8f,0.0,Valid
IMG00004,P00004,evidence/images/IMG00004.jpg,29.68309745829221,86.56524901964454,2025-02-13,f5f035039f63e35db932e748ed3edd58,0.0,Valid
IMG00005,P00005,evidence/images/IMG00005.jpg,28.50264893955517,85.86404696052224,2025-11-25,f77532c080452873f5d91bb045012d76,0.0,Valid
IMG00006,P00006,evidence/images/IMG00006.jpg,27.93697052133346,85.2674227360117,2025-02-04,64b5d079bb4d573a5733965e363cec25,0.0,Valid
IMG00007,P00007,evidence/images/IMG00007.jpg,9.704210735577902,78.27140106203554,2024-09-25,2e81d829f0d81bde3ff54e2d45216bb8,0.0,Valid
IMG00008,P00008,evidence/images/IMG00008.jpg,10.523234808011557,87.00271514180972,2025-04-28,574cf1ceeb35b4fd7d425b3159a04019,0.0,Valid
IMG00009,P00009,evidence/images/IMG00009.jpg,17.534765352277475,74.43546840245881,2025-03-11,1edfe3c5c3f0e10786f0f18c9b6c811c,0.0,Valid
IMG00010,P00010,evidence/images/IMG00010.jpg,15.223832295605105,74.60854105063929,2026-02-21,2a11d32965ea8ca5508e2c2c3aaee070,0.0,Valid
IMG00011,P00011,evidence/images/IMG00011.jpg,19.348000426197675,85.12071504590838,2024-07-01,84f76542b15360ebe0b404a47046c8c3,0.0,Valid
IMG00012,P00012,evidence/images/IMG00012.jpg,23.36122996218497,76.07774077703034,2024-03-22,b5fbee53956df4b557dc605faee9cb04,0.0,Valid
IMG00013,P00013,evidence/images/IMG00013.jpg,20.755784935624536,82.41599848821951,2024-10-31,984d18c339db0922798c6abe64896393,0.0,Valid
IMG00014,P00014,evidence/images/IMG00014.jpg,31.320947913465982,75.4769319621725,2025-02-16,9d7b5eb16a6e9fcefd00ce3e73bfb936,0.0,Valid
IMG00015,P00015,evidence/images/IMG00015.jpg,14.139520965087923,73.44076861228837,2025-08-04,49b8e7f7ba7b2cc1a84d47f6390d4580,0.0,Valid
IMG00016,P00016,evidence/images/IMG00016.jpg,32.34992410726325,75.95923478812396,2025-12-16,9a62d1b3fc7ba41e9d7fada0d2521150,0.0,Valid
IMG00017,P00017,evidence/images/IMG00017.jpg,28.11792074846349,85.80089301072167,2026-05-03,4264b343e9357ff01ad97ef1089ce0bd,0.0,Valid
IMG00018,P00018,evidence/images/IMG00018.jpg,12.825122350469668,84.5677792721127,2025-10-06,f035d2f7b5d3667fc03d6cbee3b94ecc,0.0,Valid
IMG00019,P00019,evidence/images/IMG00019.jpg,11.60101321889224,86.11764173753458,2024-09-30,8513f337148818d3050006ce6c3cbd0a,0.0,Valid
IMG00020,P00020,evidence/images/IMG00020.jpg,11.392848134178893,91.06573850992883,2025-08-23,72d3c9a77964225ca3064709e5560af3,0.0,Valid
IMG00021,P00021,evidence/images/IMG00021.jpg,24.556557881372,74.79676859426492,2025-03-01,9389eb78ba67a9160504d36f32f310ee,0.0,Valid
IMG00022,P00022,evidence/images/IMG00022.jpg,11.01591511655596,89.12268657467818,2026-04-11,0fbd354e9f82e44498043e471b52669a,0.0,Valid
IMG00023,P00023,evidence/images/IMG00023.jpg,25.01982045996333,89.87631450869603,2025-04-06,132db2a893933b3b1ee391e93a1d6560,0.0,Valid
IMG00024,P00024,evidence/images/IMG00024.jpg,29.47633611377361,78.84462654369668,2024-07-30,a6164d17a15188fdef6c42e8bfc1e04c,0.0,Valid
IMG00025,P00025,evidence/images/IMG00025.jpg,9.577253861781124,84.40464755899723,2024-05-30,315035fe92f77c3fa047a80b49b13a35,0.0,Valid
IMG00026,P00026,evidence/images/IMG00026.jpg,14.634199456471064,84.0104065045069,2024-10-07,027ab5f683331934984d0dfb451f1bcb,0.0,Valid
IMG00027,P00027,evidence/images/IMG00027.jpg,29.96423375122202,90.57253224976682,2024-11-23,946639b9c52973a9da11140b1a96aa41,0.0,Valid
IMG00028,P00028,evidence/images/IMG00028.jpg,20.14022363231271,80.324772022787,2025-11-03,25eed7772476a54ba5911cd93649d2c1,0.0,Valid
IMG00029,P00029,evidence/images/IMG00029.jpg,17.99017325695477,86.27771824002772,2024-05-08,11ffde0bf8d9d5b6f1612375d0bce9da,0.0,Valid
IMG00030,P00030,evidence/images/IMG00030.jpg,21.9442347224961,85.23176905949889,2026-02-27,c1735433acf7a60a94d10ffb02c58828,0.0,Valid
IMG00031,P00031,evidence/images/IMG00031.jpg,10.379925045646822,91.2316084894724,2024-07-01,b5a6c0223cae9ed76aa878c2b1088328,0.0,Valid
IMG00032,P00032,evidence/images/IMG00032.jpg,10.652269297161553,84.9000808604776,2025-11-21,1e25de49ce520fd7e6e07666400d235e,0.0,Valid
IMG00033,P00033,evidence/images/IMG00033.jpg,32.22589488080463,75.07072505232223,2025-05-11,e8403fe79c9a15a116bcc749e608806b,0.0,Valid
IMG00034,P00034,evidence/images/IMG00034.jpg,15.179801475482533,79.91100195188667,2025-07-23,1fbd9561a001b7a71c7e0bd49c3f6417,0.0,Valid
IMG00035,P00035,evidence/images/IMG00035.jpg,28.33177854286232,82.1915173696659,2024-05-15,03f62d9bf4279ada563276f30386f843,0.0,Valid
IMG00036,P00036,evidence/images/IMG00036.jpg,25.90128621972058,72.94359318059433,2025-09-12,eae679005108847ef34a1f68e4a43306,0.0,Valid
IMG00037,P00037,evidence/images/IMG00037.jpg,33.92349417220939,90.10816048129335,2024-09-18,39776e5675813bf89c6c92bc27c71946,0.0,Valid
IMG00038,P00038,evidence/images/IMG00038.jpg,14.413363897461592,75.53183312829938,2024-04-10,39e6a1c19bc85c127a764db423417dbd,0.0,Valid
IMG00039,P00039,evidence/images/IMG00039.jpg,14.354662772186622,89.51829508987684,2026-02-23,f9816c5a0628d962f28db562730fd94e,0.0,Valid
IMG00040,P00040,evidence/images/IMG00040.jpg,24.454305590071087,89.55239577528631,2026-03-09,1670744f95d94666c0e41b0a5dcd059b,0.0,Valid
IMG00041,P00041,evidence/images/IMG00041.jpg,24.390325733826916,90.98160837517295,2024-06-23,8a0d47612ca2fb1db6461b62eb5f6af1,0.0,Valid
IMG00042,P00042,evidence/images/IMG00042.jpg,11.94436057035828,91.43128418045028,2024-03-28,35151609c26e17ac1a7b8b2867a2f083,0.0,Valid
IMG00043,P00043,evidence/images/IMG00043.jpg,11.27581217590181,75.35507327548076,2025-08-27,68eb4134876aa29126528ae5a4522b76,0.0,Valid
IMG00044,P00044,evidence/images/IMG00044.jpg,16.379655511984737,73.41398471869181,2025-01-08,6f3c120217bff488e2a1e93173d6ff0f,0.0,Valid
IMG00045,P00045,evidence/images/IMG00045.jpg,28.51575132723761,83.57305879527365,2024-07-20,9b1a87425a7f0422ccb3907ebca3fbd8,0.0,Valid
IMG00046,P00046,evidence/images/IMG00046.jpg,28.83665659770698,78.92612369653519,2024-11-12,b4809f571bad91a3c4a1651523018601,0.0,Valid
IMG00047,P00047,evidence/images/IMG00047.jpg,16.29844894089132,87.4053128211567,2024-04-18,02cb94e8ac218800b40fb228a2d1184a,0.0,Valid
IMG00048,P00048,evidence/images/IMG00048.jpg,33.882983392657835,87.9876768488208,2026-01-08,efe1534ed2544da190159440b9d2722a,0.0,Valid
IMG00049,P00049,evidence/images/IMG00049.jpg,12.480397191214568,89.25882495289471,2025-09-01,34fe21ba9ec461dbb7c2c796219797d0,0.0,Valid
IMG00050,P00050,evidence/images/IMG00050.jpg,19.391498904922894,81.99267329696994,2025-12-24,1487f1d515c99d1755c84b645a3d9bc9,0.0,Valid
IMG00051,P00051,evidence/images/IMG00051.jpg,10.370175631567555,77.52461559030313,2026-02-20,07df39b5c3f72d36ff68b92731893b27,0.0,Valid
IMG00052,P00052,evidence/images/IMG00052.jpg,29.987554930809413,82.25493567002842,2025-07-15,3686a49920e86972457c5caf77e5c09c,0.0,Valid
IMG00053,P00053,evidence/images/IMG00053.jpg,10.90847667011862,80.5913396326905,2025-03-15,d5aefcc29b78273fa8aa9e8a23b2e8e6,0.0,Valid
IMG00054,P00054,evidence/images/IMG00054.jpg,23.640711542189607,72.84482623460171,2024-06-09,0ea8f8d8bfe373d68c0dc05b0c6d1e2b,0.0,Valid
IMG00055,P00055,evidence/images/IMG00055.jpg,33.05084956757399,88.18370238061591,2025-07-02,22ecb231f2634950d7a620c301127c51,0.0,Valid
IMG00056,P00056,evidence/images/IMG00056.jpg,27.13084023389824,87.54967405111832,2025-09-24,4edbe324a4510c816df1256e8db880b9,0.0,Valid
IMG00057,P00057,evidence/images/IMG00057.jpg,28.676999484447293,74.37942159177427,2024-02-14,91a1bfe56f4b80e2b6246c8f67d0372c,0.0,Valid
IMG00058,P00058,evidence/images/IMG00058.jpg,26.60206146484181,88.0196695184822,2026-03-06,e24692674da12f6d7ff368e4409f1fa4,0.0,Valid
IMG00059,P00059,evidence/images/IMG00059.jpg,25.67401490360145,73.28622432474654,2025-11-21,f543daa17e4508fca4449bffcdc40de9,0.0,Valid
IMG00060,P00060,evidence/images/IMG00060.jpg,18.44105374789412,78.14153600495032,2025-08-03,ef2bdc947d2f4fee6b8f290a0f833b01,0.0,Valid
IMG00061,P00061,evidence/images/IMG00061.jpg,11.729988973164357,84.08246420653606,2024-03-23,98d9baee30028bf6d43a139a55d598fc,0.95,Potentially Reused
IMG00062,P00062,evidence/images/IMG00062.jpg,13.411059172370564,73.04984186379826,2025-05-30,9bac85e2e983977cac8c8c1b260605dd,0.0,Valid
IMG00063,P00063,evidence/images/IMG00063.jpg,14.265505615521016,79.1417860642302,2024-10-28,25d1484ff3bd77ced803dee183937006,0.0,Valid
IMG00064,P00064,evidence/images/IMG00064.jpg,30.757310624502832,78.30828927835226,2025-10-02,492eb38d109bfd81bc508bbbb12b1226,0.0,Valid
IMG00065,P00065,evidence/images/IMG00065.jpg,28.51981777471695,76.36655103008064,2025-11-07,2bb7525801126ac33f6418da7f393005,0.0,Valid
IMG00066,P00066,evidence/images/IMG00066.jpg,9.259840607265051,77.57211890779779,2025-07-18,f3dc0e988cde758fd6d364fff2a0de60,0.0,Valid
IMG00067,P00067,evidence/images/IMG00067.jpg,13.541129971340148,78.68101706191604,2025-03-24,d4d100ee455babd2f51894c8de761a41,0.0,Valid
IMG00068,P00068,evidence/images/IMG00068.jpg,19.3282371197784,88.15550652302638,2024-01-12,02303699e57a682ca8e4faae036bb58a,0.0,Valid
IMG00069,P00069,evidence/images/IMG00069.jpg,9.453087678051515,81.82323818374341,2024-10-11,0afc8e83e8b4ff075e82c1281425954a,0.0,Valid
IMG00070,P00070,evidence/images/IMG00070.jpg,24.199851595010045,77.4844503930339,2024-02-20,ad6ed4bc42b33baca283ddcc6ca8e19b,0.0,Valid
IMG00071,P00071,evidence/images/IMG00071.jpg,14.759997880857258,90.89211488187308,2026-01-02,a6e8cd9ab2dc0abbca876559d9de03f0,0.0,Valid
IMG00072,P00072,evidence/images/IMG00072.jpg,18.881873219762294,78.98918556039852,2026-04-26,52e14c380d8b075ec3c2fcb893e73ffd,0.0,Valid
IMG00073,P00073,evidence/images/IMG00073.jpg,31.162501993636543,84.45784485096327,2024-10-31,1699839d5c957020603ec2e88abff3ba,0.0,Valid
IMG00074,P00074,evidence/images/IMG00074.jpg,23.283681920661472,75.21281751526656,2025-08-22,e7d497956f5bbf7f6409d83c8a3b3b39,0.0,Valid
IMG00075,P00075,evidence/images/IMG00075.jpg,29.775125562539117,73.05957876950441,2025-04-10,c4cfb067cd1e1fb9d19cd3eb43ad43e3,0.0,Valid
IMG00076,P00076,evidence/images/IMG00076.jpg,25.818483910195823,91.52006273811116,2026-01-22,72c90a9588cbb4af92a8ff09dd78dc69,0.0,Valid
IMG00077,P00077,evidence/images/IMG00077.jpg,18.391186793046355,86.21511564454256,2025-03-23,d7eb08d9e5b6f5622005221b28f72d3b,0.0,Valid
IMG00078,P00078,evidence/images/IMG00078.jpg,30.861835932318684,80.20524336173864,2024-06-10,e89b095e8cb3f7290a2d3c4f028362c2,0.0,Valid
IMG00079,P00079,evidence/images/IMG00079.jpg,10.77645191074682,76.7470678682123,2025-09-23,582f6b14501be03b161dc9003d6307b0,0.0,Valid
IMG00080,P00080,evidence/images/IMG00080.jpg,23.18952584269971,80.80097155697098,2026-04-22,709c8eb43108b7995077bb7facb93081,0.0,Valid
IMG00081,P00081,evidence/images/IMG00081.jpg,16.95852605858969,91.606988158745,2025-02-11,f71382581f82dcabfb38b6ddb712cedb,0.0,Valid
IMG00082,P00082,evidence/images/IMG00082.jpg,14.893547868246984,73.59442771639064,2025-10-12,c5f8f9e4ef1169585d76cef9682a3f63,0.0,Valid
IMG00083,P00083,evidence/images/IMG00083.jpg,31.46235982201411,92.19445844336494,2025-07-18,380db26c85b317a9fce1d520c37c75ca,0.0,Valid
IMG00084,P00084,evidence/images/IMG00084.jpg,22.193001579396885,75.97316420267236,2024-03-12,02742cd091f70aa9f73a880ec33bd871,0.0,Valid
IMG00085,P00085,evidence/images/IMG00085.jpg,28.12670708200385,76.79490784477782,2026-01-04,c6e6a933e9e12f6f4b16ed9fe2ac37a9,0.0,Valid
IMG00086,P00086,evidence/images/IMG00086.jpg,14.527681503998808,86.76285498645254,2026-02-10,1734185a388cb0cf4939a2f29e3ab6a1,0.0,Valid
IMG00087,P00087,evidence/images/IMG00087.jpg,28.255854803854454,82.94969812149704,2024-10-25,635c4a7fb5bd6ea3daac7543a2a3fe6f,0.0,Valid
IMG00088,P00088,evidence/images/IMG00088.jpg,12.420283444920836,83.67744773039068,2025-04-11,cf05e9bfaf5bb1f41b848001f9be557d,0.0,Valid
IMG00089,P00089,evidence/images/IMG00089.jpg,21.92266115672856,76.40733110338377,2024-02-05,a0c11319bfbaf009af834a5a203bbad0,0.0,Valid
IMG00090,P00090,evidence/images/IMG00090.jpg,28.696991386793812,85.02963315076653,2025-10-02,c2d6b8aa44fc44946450f2c9d5092759,0.0,Valid
IMG00091,P00091,evidence/images/IMG00091.jpg,23.96082459302439,78.56103882772078,2024-07-09,07b8967195f4f6db7ef0c0bf4b832fe2,0.0,Valid
IMG00092,P00092,evidence/images/IMG00092.jpg,23.67214020327255,82.06112266062817,2025-07-01,ff88c2fda27a09a7baca4075679dc7c9,0.0,Valid
IMG00093,P00093,evidence/images/IMG00093.jpg,25.2278895450697,78.68910956653097,2024-06-09,7247f13fde7ea1c9cfc6658a95579373,0.0,Valid
IMG00094,P00094,evidence/images/IMG00094.jpg,24.89445239209779,79.47877617934107,2025-09-29,ca519bde22622a4c5c95cd8511d96d4d,0.0,Valid
IMG00095,P00095,evidence/images/IMG00095.jpg,13.30349405928728,88.10739816637144,2024-04-26,bec44e2affeaf02aacf3c185a6202119,0.0,Valid
IMG00096,P00096,evidence/images/IMG00096.jpg,13.425078124443996,83.43316489202424,2025-07-31,ed794344a5a98671359267e732f591bb,0.0,Valid
IMG00097,P00097,evidence/images/IMG00097.jpg,19.17434167006665,91.84577986383212,2025-06-12,8daba464bc69540361d540f855830346,0.0,Valid
IMG00098,P00098,evidence/images/IMG00098.jpg,16.820070687535896,77.53525901516458,2025-01-22,c0f6e6e71b8a7c2950cc7eea621536fc,0.0,Valid
IMG00099,P00099,evidence/images/IMG00099.jpg,14.397837924644282,85.46742004831395,2025-12-27,4b03c1f2d8ca38b2a80a5f0b08f94e9e,0.0,Valid
IMG00100,P00100,evidence/images/IMG00100.jpg,16.872153188057844,88.4907145464789,2025-05-23,6f7656de3b2d9178e99a02a6cf436500,0.0,Valid
IMG00101,P00101,evidence/images/IMG00101.jpg,24.187447970022426,91.17143549178242,2025-10-30,db88c7fe26cc642d535543fc26d012b0,0.0,Valid
IMG00102,P00102,evidence/images/IMG00102.jpg,12.749994604208355,81.08520881465715,2024-05-07,4b7019b5f4b875a94d525f872f0b681d,0.0,Valid
IMG00103,P00103,evidence/images/IMG00103.jpg,16.412820800828726,81.83193593958396,2025-08-16,6a72db4954e06c6bd5b33d2d58a0c4d3,0.0,Valid
IMG00104,P00104,evidence/images/IMG00104.jpg,27.51957611541001,88.56751079008592,2025-08-04,74d89a9babda9e367e4cbbc68cb339e3,0.0,Valid
IMG00105,P00105,evidence/images/IMG00105.jpg,8.213383599475202,81.33906986194641,2024-05-12,56307bf593f5984549c720d2ea1ccf41,0.0,Valid
IMG00106,P00106,evidence/images/IMG00106.jpg,29.33535688578469,74.536570333005,2025-07-18,cf05cd9f9f3b3b95b337cbd66096928c,0.0,Valid
IMG00107,P00107,evidence/images/IMG00107.jpg,13.576187009023387,87.57951804931363,2024-08-16,cabbeea2631be3d0c240dbaef087d21c,0.0,Valid
IMG00108,P00108,evidence/images/IMG00108.jpg,19.777221285792265,80.47977989860206,2024-06-08,0c8dc85c569c0a1744520c1a7373e448,0.0,Valid
IMG00109,P00109,evidence/images/IMG00109.jpg,22.4134462270524,89.10522911180796,2026-01-21,1579ee2ae3d46577b8dba05d28144b69,0.0,Valid
IMG00110,P00110,evidence/images/IMG00110.jpg,22.67955515156314,80.33031572097065,2024-02-22,7466533b54964c53f071b0ae0f3291d1,0.0,Valid
IMG00111,P00111,evidence/images/IMG00111.jpg,24.874301691296825,76.10481496835305,2024-10-04,6d61404ddb8abceb00dbbecd1df1fad5,0.0,Valid
IMG00112,P00112,evidence/images/IMG00112.jpg,13.72358106488738,74.66330801785652,2025-02-18,980f51aec68f31e8c40003db4581bf7b,0.0,Valid
IMG00113,P00113,evidence/images/IMG00113.jpg,15.032025174896756,84.78760433336741,2024-06-08,c57c598f7607a62727b6eaa557bf620d,0.0,Valid
IMG00114,P00114,evidence/images/IMG00114.jpg,27.660205085397624,88.93221539311287,2026-03-11,fa5da1078e5a0d02495f14cad439b9c8,0.0,Valid
IMG00115,P00115,evidence/images/IMG00115.jpg,33.44876091263133,82.57306302815104,2024-02-17,a46fba7918f4f793eec01095937ceb88,0.0,Valid
IMG00116,P00116,evidence/images/IMG00116.jpg,30.54653084334032,84.36875708932402,2024-11-29,3a7653f6e7c06083c4c6005b5a5ac112,0.0,Valid
IMG00117,P00117,evidence/images/IMG00117.jpg,22.85270314505511,81.84399464670501,2025-01-11,38f8b46060c623faeaadecbbb455a8b5,0.0,Valid
IMG00118,P00118,evidence/images/IMG00118.jpg,13.735105492051703,83.84091372938218,2024-10-09,ead49563e9d50fc5cbded8834f70d259,0.0,Valid
IMG00119,P00119,evidence/images/IMG00119.jpg,32.036630334072086,84.1637549900548,2025-12-13,90d147a583d348b2b92bb3e82d3ee8d7,0.0,Valid
IMG00120,P00120,evidence/images/IMG00120.jpg,8.341206207933388,88.27566430737326,2025-08-11,bae62238dfb4f7468208e4a3570d587e,0.0,Valid
IMG00121,P00121,evidence/images/IMG00121.jpg,33.107731599828774,91.77888226199865,2024-11-23,98d9baee30028bf6d43a139a55d598fc,0.95,Potentially Reused
IMG00122,P00122,evidence/images/IMG00122.jpg,33.539322845000385,84.72278632378263,2025-05-30,bc922e31320aa7b8a2761a8208811c95,0.0,Valid
IMG00123,P00123,evidence/images/IMG00123.jpg,8.81843517262125,83.0050573865911,2024-12-30,e9eeaf5c1baee1cdc44a507fd1075b15,0.0,Valid
IMG00124,P00124,evidence/images/IMG00124.jpg,13.729621193658655,75.46454835274659,2024-05-28,b9ab819eb006d8a4aab5074efb6225aa,0.0,Valid
IMG00125,P00125,evidence/images/IMG00125.jpg,30.68235443792332,85.25784179254123,2024-04-02,c9eb8f1a46cfeb37c62cce681b658e0c,0.0,Valid
IMG00126,P00126,evidence/images/IMG00126.jpg,31.497120157878328,73.59327196504371,2024-02-10,5958d60dddd92b48627ceba32639f579,0.0,Valid
IMG00127,P00127,evidence/images/IMG00127.jpg,18.44861917799886,81.51131788610905,2024-04-19,0d346efce662e8df1c11e00e24ece184,0.0,Valid
IMG00128,P00128,evidence/images/IMG00128.jpg,29.614494822302927,92.02277129928434,2024-10-01,c4c9361d3b9789322f02ca95c00bd07e,0.0,Valid
IMG00129,P00129,evidence/images/IMG00129.jpg,20.659810448372024,81.73679638645655,2024-04-27,b118cccb65e9d71ebd4285133cb4d7a4,0.0,Valid
IMG00130,P00130,evidence/images/IMG00130.jpg,9.107540340358028,75.8189621580861,2024-12-08,b5c2710e204bd0b01bd5a7650661fb6f,0.0,Valid
IMG00131,P00131,evidence/images/IMG00131.jpg,9.833874750525998,76.56345997362827,2024-07-14,668bec46a7de0339e66fa56ccdf3a97e,0.0,Valid
IMG00132,P00132,evidence/images/IMG00132.jpg,17.17584001452008,74.4934653590017,2025-04-11,307d9bc3a9d2e1e9da63fa63b19c444c,0.0,Valid
IMG00133,P00133,evidence/images/IMG00133.jpg,25.559617582870253,81.30824298681911,2026-03-24,1794f90ef3f7e59f458ac022ae2b201f,0.0,Valid
IMG00134,P00134,evidence/images/IMG00134.jpg,19.466021224942057,92.39733487802624,2024-06-02,0e4fd9d30b24ef426238dc55696cac10,0.0,Valid
IMG00135,P00135,evidence/images/IMG00135.jpg,20.30033103852694,90.45575635749584,2025-01-03,8b0e1714ac146d9f74c7a16d2fab6919,0.0,Valid
IMG00136,P00136,evidence/images/IMG00136.jpg,17.169979778766304,85.81808596845076,2025-12-09,64870e9543c31e344ce2690e5b42f255,0.0,Valid
IMG00137,P00137,evidence/images/IMG00137.jpg,27.42625914375008,75.29687234985725,2024-11-21,debd241318c52ce2d9d913fd54a6f1e0,0.0,Valid
IMG00138,P00138,evidence/images/IMG00138.jpg,15.716299901808416,83.1819488097205,2025-10-07,4871dd9f5671573d9fe2928647742b66,0.0,Valid
IMG00139,P00139,evidence/images/IMG00139.jpg,11.483725916889211,83.5947458997835,2025-09-03,ba59c5b7864ca26150c87f428c51f0f2,0.0,Valid
IMG00140,P00140,evidence/images/IMG00140.jpg,17.508912484571894,76.19184041307247,2025-02-22,f386fc7e1f8cfe71a500edeead5812f6,0.0,Valid
IMG00141,P00141,evidence/images/IMG00141.jpg,17.727239306596992,77.37274579988694,2024-08-02,f86876a56424d82f9867a76146d9aaa3,0.0,Valid
IMG00142,P00142,evidence/images/IMG00142.jpg,28.61944838543665,81.82644154324758,2025-03-09,2387b0950d76c15b2c34dd17a62c6a99,0.0,Valid
IMG00143,P00143,evidence/images/IMG00143.jpg,14.009583785523072,88.40149858340068,2025-02-19,6c8f56ce57f273edbc45a5020f9423ae,0.0,Valid
IMG00144,P00144,evidence/images/IMG00144.jpg,17.091734871999737,83.72863528125272,2026-01-21,111f48d609439dc0b0b195341e9806f2,0.0,Valid
IMG00145,P00145,evidence/images/IMG00145.jpg,12.726925961740466,88.77736638990879,2024-06-24,4c7aa6b35aa409c0af4bd2027d14d893,0.0,Valid
IMG00146,P00146,evidence/images/IMG00146.jpg,19.292891887421234,81.26380874619885,2024-05-09,8e550824f46b1468f4af68cfc49076ad,0.0,Valid
IMG00147,P00147,evidence/images/IMG00147.jpg,9.197023193533624,76.81836185942753,2025-10-28,4936ef59ebd11b054ef455544f4c45b5,0.0,Valid
IMG00148,P00148,evidence/images/IMG00148.jpg,20.56896052999199,89.76392547275708,2024-03-26,943fbe6b07aa49fa3c85cedbcb675d5b,0.0,Valid
IMG00149,P00149,evidence/images/IMG00149.jpg,10.722930334092432,81.97098183273296,2026-04-25,4f8e3771bd92ee972b2fd41cc70c6302,0.0,Valid
IMG00150,P00150,evidence/images/IMG00150.jpg,14.77199143303066,75.37375430191348,2025-02-08,900b3ae78012dd147a8290b5723cdf34,0.0,Valid
IMG00151,P00151,evidence/images/IMG00151.jpg,13.642107223008791,90.8644326674696,2024-07-19,949c5e0c00c1c56c0f56821b9b40c353,0.0,Valid
IMG00152,P00152,evidence/images/IMG00152.jpg,28.34562954659144,91.2825268874291,2024-07-22,d1a6df536225d195601a930b12821f18,0.0,Valid
IMG00153,P00153,evidence/images/IMG00153.jpg,14.34913405754115,82.656923752211,2026-01-25,2e8dc1575b4273328586dd00e8e389a6,0.0,Valid
IMG00154,P00154,evidence/images/IMG00154.jpg,13.064080033953331,88.44559871993765,2024-12-11,040baa9b4e2f141a39dec6797e7039e0,0.0,Valid
IMG00155,P00155,evidence/images/IMG00155.jpg,18.839272788868392,90.03567308163927,2026-03-01,e2f80bade755d556993b88eaf44eaa31,0.0,Valid
IMG00156,P00156,evidence/images/IMG00156.jpg,25.18880382454693,89.12598909989696,2024-12-01,ca1f68fbcad1206197b774eb3ddfa3ed,0.0,Valid
IMG00157,P00157,evidence/images/IMG00157.jpg,18.42805487241215,91.4139360958813,2025-09-07,5698d058348fda5d19b4cd05dd7037ba,0.0,Valid
IMG00158,P00158,evidence/images/IMG00158.jpg,14.539053369270508,77.2687768442909,2024-08-16,e044633fc39e6e9eade4d18eab5083d2,0.0,Valid
IMG00159,P00159,evidence/images/IMG00159.jpg,13.399602365123483,90.2835621612944,2025-09-05,31c16f0114160290367c41393d1eccef,0.0,Valid
IMG00160,P00160,evidence/images/IMG00160.jpg,13.663721817430806,74.48202754269278,2025-05-16,c457c550c443d13b8df79344444286f2,0.0,Valid
IMG00161,P00161,evidence/images/IMG00161.jpg,30.96011681448686,85.34165704974187,2026-05-01,1f7ad55466b9270686aecf899273e716,0.0,Valid
IMG00162,P00162,evidence/images/IMG00162.jpg,14.555887838007251,89.37298900509035,2025-01-25,bc33e1a1ec79b0270bec0d0673886b3a,0.0,Valid
IMG00163,P00163,evidence/images/IMG00163.jpg,15.8114955847798,83.96290934660952,2026-01-07,e27892a15a5d7f1f562a24a39005bf4c,0.0,Valid
IMG00164,P00164,evidence/images/IMG00164.jpg,10.111020260658623,81.54740907980022,2025-06-22,5ede913be291eb5d09a47d468809385b,0.0,Valid
IMG00165,P00165,evidence/images/IMG00165.jpg,24.18876024599472,91.07381804168332,2024-07-18,14c4bed3e3922d54153f84b664b0be68,0.0,Valid
IMG00166,P00166,evidence/images/IMG00166.jpg,20.28266979511374,91.7515597729871,2025-06-05,9ffeb0e51c86e3f55e24dc8f73d6e9f7,0.0,Valid
IMG00167,P00167,evidence/images/IMG00167.jpg,22.90555891272605,75.75480588318683,2024-07-13,739f6443faf720357f5b945c836e59bd,0.0,Valid
IMG00168,P00168,evidence/images/IMG00168.jpg,21.105408952284485,87.67064432471449,2025-06-26,8eeb1d112e6fb0e6940adb228b55d176,0.0,Valid
IMG00169,P00169,evidence/images/IMG00169.jpg,21.790749369147537,85.35273876324054,2024-07-19,fdc3296dadb51e4bbd4d16465d8519fb,0.0,Valid
IMG00170,P00170,evidence/images/IMG00170.jpg,31.577555717741685,88.50927722759555,2024-07-02,fda163aed195d2a4c2dd25facb32a075,0.0,Valid
IMG00171,P00171,evidence/images/IMG00171.jpg,16.731466521215893,75.2190740454582,2025-04-20,30df55849d2012ac3489ac8ed999dc23,0.0,Valid
IMG00172,P00172,evidence/images/IMG00172.jpg,25.12151981335729,78.14561460447901,2025-01-24,dae8a5f288a27e0c67f18a6061844619,0.0,Valid
IMG00173,P00173,evidence/images/IMG00173.jpg,10.052366272889182,88.59449455420187,2025-05-19,4ba62347b4f69301214b37b823a7437c,0.0,Valid
IMG00174,P00174,evidence/images/IMG00174.jpg,23.665211661362328,91.572337922268,2024-06-10,eee8f78b0cdf51ba836da51294c6a89a,0.0,Valid
IMG00175,P00175,evidence/images/IMG00175.jpg,19.530805640713115,85.4513861487074,2025-02-19,1407ebc7f45ab0aa1fe3ed8dbb4e7c04,0.0,Valid
IMG00176,P00176,evidence/images/IMG00176.jpg,13.96863027860201,81.70690915430625,2025-11-29,2fc1a4acc26581ce7ae62d4f946bfbd4,0.0,Valid
IMG00177,P00177,evidence/images/IMG00177.jpg,8.510938065810869,87.80778207617962,2025-12-11,b603c3f097dfb8e5c73cd438834df9b7,0.0,Valid
IMG00178,P00178,evidence/images/IMG00178.jpg,22.95352299424461,75.74087962590507,2026-04-15,605a7e98efd7d0f31da83386561b828e,0.0,Valid
IMG00179,P00179,evidence/images/IMG00179.jpg,17.7199046751489,76.1611862474135,2025-09-22,60df1136c1767735809ac72d479b7f68,0.0,Valid
IMG00180,P00180,evidence/images/IMG00180.jpg,24.161443787956998,91.0480756640094,2026-03-22,7ff7c2822309abf4bb850537a62c2ee1,0.0,Valid
IMG00181,P00181,evidence/images/IMG00181.jpg,27.647283534814058,78.34542352822073,2026-04-29,98d9baee30028bf6d43a139a55d598fc,0.95,Potentially Reused
IMG00182,P00182,evidence/images/IMG00182.jpg,20.82304192343458,75.50445156586352,2025-03-28,6a8e85a91bfacd3284327813a14f176a,0.0,Valid
IMG00183,P00183,evidence/images/IMG00183.jpg,9.026724605956971,84.86484490939668,2024-02-20,f8c799b596554b10d95d6dc37a6b62ec,0.0,Valid
IMG00184,P00184,evidence/images/IMG00184.jpg,21.885382433759435,84.4516087303554,2024-04-12,817292642b5f4320fe0e92e7ecfc0458,0.0,Valid
IMG00185,P00185,evidence/images/IMG00185.jpg,27.90717693603964,78.33919025526781,2024-10-30,5522d462ef8d5d4f0ceb85ab13b599d0,0.0,Valid
IMG00186,P00186,evidence/images/IMG00186.jpg,33.68130415211671,73.02136303558093,2026-03-10,7bce0032541e15a510c3a466d425d6d1,0.0,Valid
IMG00187,P00187,evidence/images/IMG00187.jpg,15.057882862496694,82.6804653499781,2024-10-12,cf8ec7d5bb0a4b5919a91a1c074d6c52,0.0,Valid
IMG00188,P00188,evidence/images/IMG00188.jpg,15.410774238110893,89.63841219567405,2026-03-11,f8e56d4788b035313eea3d049e8b5811,0.0,Valid
IMG00189,P00189,evidence/images/IMG00189.jpg,12.87809363615899,86.06129249763622,2026-04-20,c4f1939a17b5b12d995b2edea1b12d8c,0.0,Valid
IMG00190,P00190,evidence/images/IMG00190.jpg,21.58388996406715,90.97008731884738,2024-11-02,d9873360b73b95f8f7bd8f19d2d32543,0.0,Valid
IMG00191,P00191,evidence/images/IMG00191.jpg,26.527267154188998,86.82901487616687,2024-04-25,11653de402e416cccf6b2247143e097e,0.0,Valid
IMG00192,P00192,evidence/images/IMG00192.jpg,15.02601636778855,73.4832921261258,2024-05-28,fbf0fc2b1d646f0f06c3ef7c2fda094f,0.0,Valid
IMG00193,P00193,evidence/images/IMG00193.jpg,16.660436195092164,74.47667929927678,2024-08-30,96c5c74b44598ca3ab01244c95f2744c,0.0,Valid
IMG00194,P00194,evidence/images/IMG00194.jpg,27.93072254866233,89.4165926801324,2025-10-15,a867a5cbc85108db1a2c14b8ea2229fe,0.0,Valid
IMG00195,P00195,evidence/images/IMG00195.jpg,10.606389357367645,85.69334703247901,2025-10-23,857d045aeaca153deb8a884491b395ca,0.0,Valid
IMG00196,P00196,evidence/images/IMG00196.jpg,19.763975059336087,77.95122643102881,2025-11-20,5ac68c4716c4eb2fff1b786ed48bad3e,0.0,Valid
IMG00197,P00197,evidence/images/IMG00197.jpg,14.84020567682277,82.65305063096213,2026-01-27,3fb085035020d0766551b40b5d4a46bc,0.0,Valid
IMG00198,P00198,evidence/images/IMG00198.jpg,29.823923114621845,75.51365773186252,2025-05-05,592fe31a53a9659e6fcd322eccad5489,0.0,Valid
IMG00199,P00199,evidence/images/IMG00199.jpg,9.71829226317674,84.53754945748284,2025-12-06,38571f3c906226540fc1f31b21f42fe7,0.0,Valid
IMG00200,P00200,evidence/images/IMG00200.jpg,16.5402598166197,84.33517249813025,2025-03-21,84b34d61439c2156de5c260d196b39fd,0.0,Valid
IMG00201,P00201,evidence/images/IMG00201.jpg,10.464192075506006,74.95757998842411,2024-05-22,d530a41085d915efc1b687f16ca6a125,0.0,Valid
IMG00202,P00202,evidence/images/IMG00202.jpg,26.39602816452341,74.02968241915246,2024-10-04,1165f3c50933b02deff935cdf9e28526,0.0,Valid
IMG00203,P00203,evidence/images/IMG00203.jpg,16.46015299743603,79.99321445128561,2024-10-25,dd07cc477773b101b2bc8026cae77d0b,0.0,Valid
IMG00204,P00204,evidence/images/IMG00204.jpg,18.21436893211408,79.53859118475594,2024-03-02,e50688f9639ad265db1bd30a6ca5e983,0.0,Valid
IMG00205,P00205,evidence/images/IMG00205.jpg,19.270750883906828,86.52670447579804,2024-11-28,c272964acfc7d47a4dd5b4f59a5495ab,0.0,Valid
IMG00206,P00206,evidence/images/IMG00206.jpg,24.42685884279965,84.826298719213,2024-03-29,9644c1d704bab4a27947c32de37ec7ce,0.0,Valid
IMG00207,P00207,evidence/images/IMG00207.jpg,13.053089085530864,79.41266779321256,2026-01-18,6b6bf4a656d971acbb35ad860a9a78aa,0.0,Valid
IMG00208,P00208,evidence/images/IMG00208.jpg,23.95146770871668,78.79104401139779,2024-03-30,e1c434b59fe3fe9e53a96f9f93a03eaa,0.0,Valid
IMG00209,P00209,evidence/images/IMG00209.jpg,20.73996743867053,81.33550116845228,2025-09-21,bdc8b72e7894a0b107a79965587df142,0.0,Valid
IMG00210,P00210,evidence/images/IMG00210.jpg,17.28470822727877,78.39196576725878,2025-01-11,a22ac73fda0aa88cc24de49805cae70c,0.0,Valid
IMG00211,P00211,evidence/images/IMG00211.jpg,33.639567371376884,76.83740022819536,2025-03-07,29e8ffca1ad9135f2a921a295b150026,0.0,Valid
IMG00212,P00212,evidence/images/IMG00212.jpg,30.60050015929881,80.0175178058638,2025-03-09,454041f757130d526fda4c2cc78b3769,0.0,Valid
IMG00213,P00213,evidence/images/IMG00213.jpg,29.756679111266163,74.4607891123956,2024-06-03,c3fe07d3b49ed682b841a85f0a081137,0.0,Valid
IMG00214,P00214,evidence/images/IMG00214.jpg,33.71857203909748,75.67256522363529,2026-01-05,e5b1e9125746f50631827539c5306c90,0.0,Valid
IMG00215,P00215,evidence/images/IMG00215.jpg,21.65323482207625,81.85211301684463,2025-02-20,4c14909fbe2e8b0de58091a0cbabf0b9,0.0,Valid
IMG00216,P00216,evidence/images/IMG00216.jpg,30.069794874347707,77.40320630663473,2024-08-11,226ccade193381c4fcf9447a3cee673d,0.0,Valid
IMG00217,P00217,evidence/images/IMG00217.jpg,27.706742286648534,79.8122470659012,2024-02-20,6cb65b4803915bec1ad7e89191c2fc21,0.0,Valid
IMG00218,P00218,evidence/images/IMG00218.jpg,27.629290459409148,90.37232159694273,2026-05-02,53f9164981a9554bac2aa1fc02f766d1,0.0,Valid
IMG00219,P00219,evidence/images/IMG00219.jpg,22.0658893925326,82.34488531434515,2025-04-27,33c77c940c2def798fb4225c466399aa,0.0,Valid
IMG00220,P00220,evidence/images/IMG00220.jpg,31.42717497007756,87.0688792203062,2025-04-03,d06d871a84b05afb9400e427c5a32470,0.0,Valid
IMG00221,P00221,evidence/images/IMG00221.jpg,32.88986688347411,84.33293125447172,2025-06-30,bf9fb530f48ff892260112f5248da085,0.0,Valid
IMG00222,P00222,evidence/images/IMG00222.jpg,9.466110431286245,80.70467383534289,2025-10-14,bad46349211e7fb0555d17d58b23f119,0.0,Valid
IMG00223,P00223,evidence/images/IMG00223.jpg,10.810788862235974,78.10849950636529,2025-07-22,eaf9c0aada2d776f48656eb53a5204a2,0.0,Valid
IMG00224,P00224,evidence/images/IMG00224.jpg,23.45715533159411,79.40411057557412,2025-08-10,d4046a42250b92d556dc58a3159618b4,0.0,Valid
IMG00225,P00225,evidence/images/IMG00225.jpg,32.55890609456789,82.70203721820323,2025-09-16,084ce7fc4a421a307e4ae9c8c398a081,0.0,Valid
IMG00226,P00226,evidence/images/IMG00226.jpg,32.94467843497466,80.66233388309037,2024-10-24,21f5ce38f86f4cfafae1cb273a36cc37,0.0,Valid
IMG00227,P00227,evidence/images/IMG00227.jpg,25.821785876384144,91.51982614209358,2026-01-31,612beaf23fa71ee47cc5151d9bea6018,0.0,Valid
IMG00228,P00228,evidence/images/IMG00228.jpg,11.281769646960468,74.6157073875497,2024-02-25,2973eb032ddc84757a2038ca5abaa7d9,0.0,Valid
IMG00229,P00229,evidence/images/IMG00229.jpg,24.354909574684104,90.7616657400918,2024-05-13,00563c774540d5886d7ce94d4dea40fd,0.0,Valid
IMG00230,P00230,evidence/images/IMG00230.jpg,32.918788542344764,84.29495447701848,2026-02-16,8c61fc8be7705ec33202ce836d9ddd44,0.0,Valid
IMG00231,P00231,evidence/images/IMG00231.jpg,17.88217600409215,91.9046512843862,2024-01-21,6e4fdd8983b0ad2fd8b08d3b231653c6,0.0,Valid
IMG00232,P00232,evidence/images/IMG00232.jpg,8.846037237533736,77.89529176012577,2024-09-16,33d05d5bb5040aad9bfa80eb46a9b313,0.0,Valid
IMG00233,P00233,evidence/images/IMG00233.jpg,10.778757878982436,85.66891929918899,2025-06-19,93dbaa2bc4319bfbabb840e10e7330b1,0.0,Valid
IMG00234,P00234,evidence/images/IMG00234.jpg,11.35507005983272,91.03840748624228,2025-04-28,190bcc42ddbd51a222871255ee4f4edd,0.0,Valid
IMG00235,P00235,evidence/images/IMG00235.jpg,18.581168785842344,87.89968844743508,2024-03-16,20093fbcfaa313b8edbebce5697b17d3,0.0,Valid
IMG00236,P00236,evidence/images/IMG00236.jpg,18.809041967861425,85.9144583843562,2024-04-25,3905ebe8f92b7e04109482ac2b60e92b,0.0,Valid
IMG00237,P00237,evidence/images/IMG00237.jpg,29.33689214744765,82.45818844136188,2024-02-06,3c938dc7a94f7b5fd2fbf7c065a11153,0.0,Valid
IMG00238,P00238,evidence/images/IMG00238.jpg,14.091074776103689,91.15012095774723,2025-03-06,ca3e0002e55d434cc59f8ed88db92d1c,0.0,Valid
IMG00239,P00239,evidence/images/IMG00239.jpg,24.457920807279123,83.01531752856431,2025-05-01,bbf8bad65c40241e3fd8973f447d2b00,0.0,Valid
IMG00240,P00240,evidence/images/IMG00240.jpg,15.70909909322677,90.15602098060867,2024-07-06,74b5f8649eca8b6e9c4dd70d05c5865b,0.0,Valid
IMG00241,P00241,evidence/images/IMG00241.jpg,32.11528419309881,80.50963340553737,2025-07-28,98d9baee30028bf6d43a139a55d598fc,0.95,Potentially Reused
IMG00242,P00242,evidence/images/IMG00242.jpg,31.29523423856248,74.08826575447485,2024-07-20,e533d31d256d545d847c4a34e6510239,0.0,Valid
IMG00243,P00243,evidence/images/IMG00243.jpg,29.30015099691848,87.46383022650959,2025-06-16,6917a8ce4c18362f2c2a9b5a8dc0fa93,0.0,Valid
IMG00244,P00244,evidence/images/IMG00244.jpg,14.782216126286954,82.82064651591287,2026-01-05,08100cfb5e61a5fa0bed781bc6a7f805,0.0,Valid
IMG00245,P00245,evidence/images/IMG00245.jpg,30.664921031600887,86.33729381264641,2026-01-24,7a5bff300640e4b74bdc574ddd77cc81,0.0,Valid
IMG00246,P00246,evidence/images/IMG00246.jpg,33.277454041705674,77.59568015147406,2025-12-01,a2e4a37c729fe8cab21f15fe14a61e20,0.0,Valid
IMG00247,P00247,evidence/images/IMG00247.jpg,29.032142311381996,79.73457448314498,2026-01-11,01e6f4c83476a2ebb3c54af68f6df22b,0.0,Valid
IMG00248,P00248,evidence/images/IMG00248.jpg,22.52009095435573,79.31505842126708,2025-10-01,d4e9a77274a54e22eb54fbcfe08baad6,0.0,Valid
IMG00249,P00249,evidence/images/IMG00249.jpg,27.93214961576712,79.83918919336185,2024-06-13,18774682982457635b1707b140e8950f,0.0,Valid
IMG00250,P00250,evidence/images/IMG00250.jpg,30.957604903503093,88.49084064025294,2024-06-17,2de79f240f145c9b929664da2cfa7c38,0.0,Valid
IMG00251,P00251,evidence/images/IMG00251.jpg,32.57597343615619,81.51625622678789,2025-08-06,a6753ba3eda1d1915a7542b96996b5e0,0.0,Valid
IMG00252,P00252,evidence/images/IMG00252.jpg,24.933797219937148,82.87815428156952,2026-05-02,186ba3b75548f0060ba9defb95951cac,0.0,Valid
IMG00253,P00253,evidence/images/IMG00253.jpg,22.110541942810546,91.21216477394384,2024-04-19,a6feae1105e200e676084291b30f2471,0.0,Valid
IMG00254,P00254,evidence/images/IMG00254.jpg,25.73071863105908,87.95382858699028,2024-03-14,8b4354256857db0353f91e63ad7e124d,0.0,Valid
IMG00255,P00255,evidence/images/IMG00255.jpg,12.476426028532694,73.59029200147678,2024-03-03,cd6d53de7e61f6cf1e9e76c100ad7df0,0.0,Valid
IMG00256,P00256,evidence/images/IMG00256.jpg,15.62547258600329,86.1470782950901,2024-02-13,516fbccf62ca6f2531525d7c2c6544f6,0.0,Valid
IMG00257,P00257,evidence/images/IMG00257.jpg,19.841354589257456,81.86341896877235,2026-04-23,40df2669b20cb05719847760f6a15c7e,0.0,Valid
IMG00258,P00258,evidence/images/IMG00258.jpg,17.958689311420446,84.83148342402744,2025-07-10,0c71889be177983d6bde1192e6f70937,0.0,Valid
IMG00259,P00259,evidence/images/IMG00259.jpg,16.47759191524728,87.70911698290516,2024-07-26,2825e2be14962bf985695eab9b0b0c32,0.0,Valid
IMG00260,P00260,evidence/images/IMG00260.jpg,18.90318174257506,75.15236624636017,2025-01-11,1f47b24fcc6be578de23234fa88baa78,0.0,Valid
IMG00261,P00261,evidence/images/IMG00261.jpg,13.793288959871273,78.13649082052618,2026-03-12,07b1515572209001ce6773f2619dc08d,0.0,Valid
IMG00262,P00262,evidence/images/IMG00262.jpg,8.825117335459689,91.33906464515088,2024-01-11,25abc952d717ecaca19bd8bf2ce28626,0.0,Valid
IMG00263,P00263,evidence/images/IMG00263.jpg,13.463539181094257,85.0368157705283,2024-05-14,1366fa7dbe287b170f69c548338fac08,0.0,Valid
IMG00264,P00264,evidence/images/IMG00264.jpg,32.00990056346991,83.94266543001599,2026-03-12,1625e8af4c6761985dcbe936e65221eb,0.0,Valid
IMG00265,P00265,evidence/images/IMG00265.jpg,26.48864162377296,92.48792272298763,2025-04-08,cc318c913678e8455746f5cba17a4349,0.0,Valid
IMG00266,P00266,evidence/images/IMG00266.jpg,23.532796242756568,76.81121600745962,2025-08-06,bf9a5940570128be52460869effe5d6e,0.0,Valid
IMG00267,P00267,evidence/images/IMG00267.jpg,13.94004210492149,88.83454366517037,2025-07-30,20dc586e20425f70b50cd2798719828c,0.0,Valid
IMG00268,P00268,evidence/images/IMG00268.jpg,12.017030363261554,90.7849459099296,2024-12-31,00078baf7e9b23b60dc11f41f8a68877,0.0,Valid
IMG00269,P00269,evidence/images/IMG00269.jpg,23.47821158244627,77.79157938580938,2024-05-23,0ddc6285400a7d6e51eb9e59bdf3dad8,0.0,Valid
IMG00270,P00270,evidence/images/IMG00270.jpg,21.24769724591642,88.92665384330998,2024-09-07,a9eb8c64d48460c7095336a021db71a9,0.0,Valid
IMG00271,P00271,evidence/images/IMG00271.jpg,14.425371053589878,73.90200225511785,2025-09-10,f386b2facb0d448f59b8452af7cb8722,0.0,Valid
IMG00272,P00272,evidence/images/IMG00272.jpg,25.10193839875893,76.85972505170596,2025-06-12,96a85a1c295f01a335d0c147aac621ed,0.0,Valid
IMG00273,P00273,evidence/images/IMG00273.jpg,11.05735821462716,74.27421014922894,2025-12-15,1d4c574db2ddcb6352a805ca4e702a8d,0.0,Valid
IMG00274,P00274,evidence/images/IMG00274.jpg,16.614996163692005,77.34651085613956,2026-02-04,1f77e4792d7c0b757c9de9c2f1fac8ed,0.0,Valid
IMG00275,P00275,evidence/images/IMG00275.jpg,17.95210776848863,88.34013843836463,2025-02-17,6235999964c52a1465db450703980d1b,0.0,Valid
IMG00276,P00276,evidence/images/IMG00276.jpg,17.996758623226974,91.0007515968454,2024-07-24,58c418a2ba7a7e604c9a147fa4817798,0.0,Valid
IMG00277,P00277,evidence/images/IMG00277.jpg,10.716653434742952,85.5392737776354,2025-10-09,fade31329f69755da5cb39fed5e0c934,0.0,Valid
IMG00278,P00278,evidence/images/IMG00278.jpg,14.50747673613466,90.17962477646267,2025-03-07,587b7c337df9ab5675a869190f4dc184,0.0,Valid
IMG00279,P00279,evidence/images/IMG00279.jpg,26.867831335568525,89.90801903626688,2024-12-24,d46a088a3059b503bb16bb8295a91a89,0.0,Valid
IMG00280,P00280,evidence/images/IMG00280.jpg,27.832586871538695,78.96225246826249,2025-06-13,eadef4192c13b635ecc3d346161a734a,0.0,Valid
IMG00281,P00281,evidence/images/IMG00281.jpg,9.424816233773834,74.35452823653988,2025-04-19,53303b99ed1de1b6615b2ab58bcadace,0.0,Valid
IMG00282,P00282,evidence/images/IMG00282.jpg,16.752037550405397,85.49925535355399,2024-06-03,d6b0b50a0c56aca2e255bc3e284b2c7c,0.0,Valid
IMG00283,P00283,evidence/images/IMG00283.jpg,25.57187033097044,78.05809176486484,2024-09-23,c6f412ddbe1f562adadb46a0ec5d49a5,0.0,Valid
IMG00284,P00284,evidence/images/IMG00284.jpg,25.973542806111947,91.39015309207942,2024-10-19,e790114bdf16b441015f0920374cfde4,0.0,Valid
IMG00285,P00285,evidence/images/IMG00285.jpg,17.91469930615181,78.70608512710753,2024-04-03,0a3993df6cc31027eacf71dec5d66e75,0.0,Valid
IMG00286,P00286,evidence/images/IMG00286.jpg,8.221275114334881,84.55086408305667,2024-03-05,dd0f6bfc2c068dccd895b1eecf9e3b5a,0.0,Valid
IMG00287,P00287,evidence/images/IMG00287.jpg,33.08066881492432,75.52291139007686,2024-06-17,2c5a8a2099a563514b6b1bba4f4dde7d,0.0,Valid
IMG00288,P00288,evidence/images/IMG00288.jpg,26.537647603565784,92.19478382255696,2025-08-20,3f2d34aafa5e0c46883acfdaf8294d54,0.0,Valid
IMG00289,P00289,evidence/images/IMG00289.jpg,12.68344370478568,73.84231489899551,2026-01-16,1757e0822e0e1ce09dd8be50cc44673c,0.0,Valid
IMG00290,P00290,evidence/images/IMG00290.jpg,24.915239006834817,80.38346023658451,2026-01-14,1b0910769a9567a3f46200ac8b87d8e5,0.0,Valid
IMG00291,P00291,evidence/images/IMG00291.jpg,18.95096585952755,72.77160164674183,2024-05-21,afd1f5c38f9ac2bfe6f34e0a2122b59d,0.0,Valid
IMG00292,P00292,evidence/images/IMG00292.jpg,8.535228395732343,78.25565468654844,2024-04-01,5622a32a2e8ac2057a40bb6429d59ea2,0.0,Valid
IMG00293,P00293,evidence/images/IMG00293.jpg,24.920823401263124,82.27353049187289,2025-12-01,f0eb6714de428cfe088707f3522e368f,0.0,Valid
IMG00294,P00294,evidence/images/IMG00294.jpg,16.50967964243773,90.48535881452725,2025-03-26,d8e278623a8ba297ad290346b081fc26,0.0,Valid
IMG00295,P00295,evidence/images/IMG00295.jpg,29.80029640746505,87.9323840928271,2024-09-21,ccb270eb83e9a54e83cda192146f710a,0.0,Valid
IMG00296,P00296,evidence/images/IMG00296.jpg,26.15980202641573,74.12118644260322,2024-02-11,04344308f32d1808eb137e94c3976d7a,0.0,Valid
IMG00297,P00297,evidence/images/IMG00297.jpg,24.75483845837203,86.75654228722313,2024-07-22,90c72845bf0201daee49e68941938a23,0.0,Valid
IMG00298,P00298,evidence/images/IMG00298.jpg,10.631130502709386,76.47639771498982,2025-02-24,feb180b62f4108c773b3a7480ad127f8,0.0,Valid
IMG00299,P00299,evidence/images/IMG00299.jpg,20.76413772346888,91.8326783677563,2025-01-02,75e5ba4a00bc13960e503a58aaf1a1e8,0.0,Valid
IMG00300,P00300,evidence/images/IMG00300.jpg,9.421985351121627,73.92533244510642,2025-02-21,64e508c8be80fdcb18ffef9dbe7415c7,0.0,Valid
IMG00301,P00301,evidence/images/IMG00301.jpg,27.22647948594884,74.71536257723055,2024-03-11,98d9baee30028bf6d43a139a55d598fc,0.95,Potentially Reused
IMG00302,P00302,evidence/images/IMG00302.jpg,30.098319794560297,82.72817154786792,2024-01-21,41c00b58df7eddb89674d4407abb45c4,0.0,Valid
IMG00303,P00303,evidence/images/IMG00303.jpg,15.742326259430238,83.01125803759155,2024-08-31,8857efcafde12e2f62bb00cc6f24dd65,0.0,Valid
IMG00304,P00304,evidence/images/IMG00304.jpg,18.331919510871835,73.35077987127609,2024-05-23,0a3b82050f20630187237792a5a0bd45,0.0,Valid
IMG00305,P00305,evidence/images/IMG00305.jpg,16.406054995403927,79.55504621614962,2024-10-16,833d5d80a5235d7b9d5a009d933145ce,0.0,Valid
IMG00306,P00306,evidence/images/IMG00306.jpg,9.13668644349546,89.63224614038742,2024-10-04,bff77417b21d465651241f4dcad70e92,0.0,Valid
IMG00307,P00307,evidence/images/IMG00307.jpg,31.997651009087267,83.72528184414146,2025-01-05,40c9039d9aac2755d28304a641c447f8,0.0,Valid
IMG00308,P00308,evidence/images/IMG00308.jpg,8.93126928074208,87.36081802460691,2025-04-21,e9d54fc08baa7f5eae6de4002f8918fc,0.0,Valid
IMG00309,P00309,evidence/images/IMG00309.jpg,30.85216472961177,88.78765382719328,2024-04-13,a2837a9c8477ef11c1056b89067c77b9,0.0,Valid
IMG00310,P00310,evidence/images/IMG00310.jpg,14.187675885280523,84.97662454569108,2025-03-16,fee67764b7fb1228ea373103435c0d6d,0.0,Valid
IMG00311,P00311,evidence/images/IMG00311.jpg,10.428079602141192,90.09374867684056,2026-01-02,987f17d958fc61264626bd8032dafbeb,0.0,Valid
IMG00312,P00312,evidence/images/IMG00312.jpg,8.382802137584658,84.50554030904908,2025-05-03,c79bcbefd93abd816f5728e6365bff03,0.0,Valid
IMG00313,P00313,evidence/images/IMG00313.jpg,29.398330963310663,86.3992172614056,2024-02-14,a1c3c98fc039c4c5e8f27569311295e7,0.0,Valid
IMG00314,P00314,evidence/images/IMG00314.jpg,19.83956019548779,88.33325243921298,2024-02-09,f1257837c6387cf829140f07b33d423b,0.0,Valid
IMG00315,P00315,evidence/images/IMG00315.jpg,19.735839196291,83.63618845476586,2025-10-10,14157b19903363bfe00206e9ab875855,0.0,Valid
IMG00316,P00316,evidence/images/IMG00316.jpg,29.828748655434392,83.84704839291427,2025-01-12,92c08cc7d28109552e43da85be9a0077,0.0,Valid
IMG00317,P00317,evidence/images/IMG00317.jpg,29.26201247245634,86.89772793552278,2025-08-07,cdaf66c88363a0dba825e1fca3da1268,0.0,Valid
IMG00318,P00318,evidence/images/IMG00318.jpg,21.011217479725293,88.73674217949183,2026-01-06,57186c9bb14a5d14181a31be0e7399ed,0.0,Valid
IMG00319,P00319,evidence/images/IMG00319.jpg,12.642003123019444,83.4583580649904,2026-04-05,0ed304145e2502e3d672ffd32252e679,0.0,Valid
IMG00320,P00320,evidence/images/IMG00320.jpg,29.810526155671567,82.29080833218873,2026-01-18,51ac66dd9c774a4f73f159a5553c27b2,0.0,Valid
IMG00321,P00321,evidence/images/IMG00321.jpg,16.032432411135183,90.29815078479238,2025-02-16,df4ffe9040ac55ab2b539d8f850514ad,0.0,Valid
IMG00322,P00322,evidence/images/IMG00322.jpg,30.48299661708425,83.65333290444819,2024-07-20,eb2d3137da534942eb325355299238bd,0.0,Valid
IMG00323,P00323,evidence/images/IMG00323.jpg,21.20147048230005,90.60922573830506,2024-09-15,6c47d61bbcb5abcc91a9c6bb37542751,0.0,Valid
IMG00324,P00324,evidence/images/IMG00324.jpg,16.121939431832722,81.52550673452271,2025-12-01,f19a4fb002fd97b1a329e2597f2f7c71,0.0,Valid
IMG00325,P00325,evidence/images/IMG00325.jpg,26.839927837720737,90.81974039415296,2025-12-08,ca372407cdd69ca11f821fdee081e694,0.0,Valid
IMG00326,P00326,evidence/images/IMG00326.jpg,9.345450260293225,92.45397385792248,2025-02-25,edb021e8298534e864b07b0a0740bcd9,0.0,Valid
IMG00327,P00327,evidence/images/IMG00327.jpg,8.3032815910237,75.53529540731381,2026-03-29,6caf122f8e8d8f0a6ea590608adb4484,0.0,Valid
IMG00328,P00328,evidence/images/IMG00328.jpg,17.629985094111017,75.86282165892965,2024-07-20,6380a71b989cde6b1cb4d7633010be01,0.0,Valid
IMG00329,P00329,evidence/images/IMG00329.jpg,25.54894096319319,85.42604866966369,2025-06-22,7c99d80a28428b33d67729f5a554f762,0.0,Valid
IMG00330,P00330,evidence/images/IMG00330.jpg,28.957286963003032,83.2806931766195,2026-04-10,73f15eb8175fc7bead64356e309e8bb5,0.0,Valid
IMG00331,P00331,evidence/images/IMG00331.jpg,30.366804750379945,78.58712461690934,2025-12-04,87f4cf2435206030495456cb58ee1dda,0.0,Valid
IMG00332,P00332,evidence/images/IMG00332.jpg,13.687007434408793,90.6852443757236,2024-07-01,73adbcc82df56e563ac8403814e8a72d,0.0,Valid
IMG00333,P00333,evidence/images/IMG00333.jpg,23.95927340202202,78.56584376051025,2024-08-02,50d97c82340eb059d38575a22e227cc6,0.0,Valid
IMG00334,P00334,evidence/images/IMG00334.jpg,19.183383112670462,82.3435007689073,2026-01-26,d472b449ef0b8a98e14d2a6f2f168282,0.0,Valid
IMG00335,P00335,evidence/images/IMG00335.jpg,22.19763703302618,87.58862006378051,2024-11-01,b7e552160e7219775219ae74afdd584b,0.0,Valid
IMG00336,P00336,evidence/images/IMG00336.jpg,9.769410581535125,75.73138744090687,2024-02-20,5623109b3a4050e267eefcb9f8f4c93d,0.0,Valid
IMG00337,P00337,evidence/images/IMG00337.jpg,29.675052048397024,87.15926209314492,2025-01-18,cc528b679e8acfe62655001061fb4c24,0.0,Valid
IMG00338,P00338,evidence/images/IMG00338.jpg,33.016661415309635,77.6286298452969,2025-02-17,16a5860c6e74cd11699e6043924cf13d,0.0,Valid
IMG00339,P00339,evidence/images/IMG00339.jpg,26.898194436043337,88.45674109514519,2026-03-16,721145fa628d4608d8b7436d84718488,0.0,Valid
IMG00340,P00340,evidence/images/IMG00340.jpg,16.18695207957336,76.66536243578484,2024-06-19,813cad8479408fff763a2db5bcc74a64,0.0,Valid
IMG00341,P00341,evidence/images/IMG00341.jpg,12.459027933865556,92.26589320623157,2025-01-28,a9a0612bf9928273ba97028fb490cdad,0.0,Valid
IMG00342,P00342,evidence/images/IMG00342.jpg,32.44869990207183,91.73295823161791,2024-08-09,606e299d8e9756e165979c23dc730f1d,0.0,Valid
IMG00343,P00343,evidence/images/IMG00343.jpg,29.77178724246985,91.17300452765556,2025-11-14,df166032108abedb8f272d6cd6e94788,0.0,Valid
IMG00344,P00344,evidence/images/IMG00344.jpg,8.800909348121086,75.73972928243774,2026-03-09,b1c105d3b09ccbca2b9a00d124bb6e02,0.0,Valid
IMG00345,P00345,evidence/images/IMG00345.jpg,12.79773689719601,73.09886053563272,2025-07-15,1d99f4c44b1a9b791d066125ceb06346,0.0,Valid
IMG00346,P00346,evidence/images/IMG00346.jpg,19.316830353200004,80.42712085315448,2025-06-29,97da9c0dd6c0b0606785509fe6d620e2,0.0,Valid
IMG00347,P00347,evidence/images/IMG00347.jpg,22.260559841125232,78.06067280314497,2025-08-15,27d19dbdf7f060ebcff9c2e3c3c6e87d,0.0,Valid
IMG00348,P00348,evidence/images/IMG00348.jpg,30.971366350178755,78.76124123437467,2025-06-24,de928e522eaf6b6b96091a35709e326f,0.0,Valid
IMG00349,P00349,evidence/images/IMG00349.jpg,15.5092906510201,81.09553854350797,2025-08-13,a11f07269d5d69439e17683b540a2bb8,0.0,Valid
IMG00350,P00350,evidence/images/IMG00350.jpg,20.325107168408664,73.25874673711111,2024-12-08,f867b90d0d05cdc0181fbd1c8bccd893,0.0,Valid
IMG00351,P00351,evidence/images/IMG00351.jpg,13.45518520626864,74.90812261063482,2026-03-27,ecce999004f77f64f7fd0ca09e8c325d,0.0,Valid
IMG00352,P00352,evidence/images/IMG00352.jpg,26.592466318948205,81.87978994702024,2024-12-26,defaa264bf01f6c45b264a7ea3f853de,0.0,Valid
IMG00353,P00353,evidence/images/IMG00353.jpg,21.69773338720499,91.0074597339677,2026-04-28,4b2e261056fac55e907c331dc2fbcd64,0.0,Valid
IMG00354,P00354,evidence/images/IMG00354.jpg,17.858690107591325,85.93618694842215,2024-12-16,71efd93edf5b11c90a6994de8acbc10d,0.0,Valid
IMG00355,P00355,evidence/images/IMG00355.jpg,16.066712708350835,82.97029422023341,2025-04-19,530d10ba8e075a17346757541f2272ae,0.0,Valid
IMG00356,P00356,evidence/images/IMG00356.jpg,22.044669413059868,89.1072273889545,2025-01-10,2205397dedf9c5b146559970594249bc,0.0,Valid
IMG00357,P00357,evidence/images/IMG00357.jpg,24.94682125902821,82.5544031635873,2025-04-06,deb25414922ccfa0efbb11461c0d325f,0.0,Valid
IMG00358,P00358,evidence/images/IMG00358.jpg,30.79424722207889,78.54748600631932,2024-06-16,9247cf6303868dd4d493b2b9c28a1b3e,0.0,Valid
IMG00359,P00359,evidence/images/IMG00359.jpg,18.41595641973151,78.94762756887621,2026-03-23,a70088f91d7f74037d094415b196404b,0.0,Valid
IMG00360,P00360,evidence/images/IMG00360.jpg,11.94054935648628,83.03336564624254,2024-08-30,2bb84610f3d1eef0edd4eb8b8b52d0c5,0.0,Valid
IMG00361,P00361,evidence/images/IMG00361.jpg,23.19617318961648,77.33766838897903,2024-06-30,98d9baee30028bf6d43a139a55d598fc,0.95,Potentially Reused
IMG00362,P00362,evidence/images/IMG00362.jpg,16.548194681032804,77.40674463234535,2024-07-16,6348195027b97dfb9f9a196e6bfe615f,0.0,Valid
IMG00363,P00363,evidence/images/IMG00363.jpg,22.09055204423492,76.34595649955382,2025-01-30,0972ffc057c3f290b8440da89ea41b7b,0.0,Valid
IMG00364,P00364,evidence/images/IMG00364.jpg,11.712388788407466,76.55901997573535,2024-05-27,12b5e6bfc6f15aa91de6e1dbd1b9f6fd,0.0,Valid
IMG00365,P00365,evidence/images/IMG00365.jpg,25.020628527653603,85.82584591843533,2025-09-15,42e84ef7f3c39b336baa522e983c7afe,0.0,Valid
IMG00366,P00366,evidence/images/IMG00366.jpg,30.0483113952872,80.20108262806755,2025-03-20,1476f032e5c00726b772cc8d168f47df,0.0,Valid
IMG00367,P00367,evidence/images/IMG00367.jpg,26.71200394303091,91.50214024943573,2025-10-12,56d0c318af3273b8317d09213f531d3a,0.0,Valid
IMG00368,P00368,evidence/images/IMG00368.jpg,33.14395285452162,86.6324303969411,2025-01-26,8d7eb6a1afedb354e1fd6c4e431aedc7,0.0,Valid
IMG00369,P00369,evidence/images/IMG00369.jpg,24.89566473229801,81.00924013762813,2024-04-20,83028ee8d1a560ecf4002f599ac54ad9,0.0,Valid
IMG00370,P00370,evidence/images/IMG00370.jpg,27.01519809159804,78.83111019453825,2024-12-21,172d5a72b9e92c0b7b77378dcfdd8076,0.0,Valid
IMG00371,P00371,evidence/images/IMG00371.jpg,13.010546564420103,77.0415806682772,2025-04-13,d1ede886617d56111483448973555d39,0.0,Valid
IMG00372,P00372,evidence/images/IMG00372.jpg,31.61131181411677,74.59057155679251,2025-06-22,b6a386e90d6f7a9181cf47b46911209f,0.0,Valid
IMG00373,P00373,evidence/images/IMG00373.jpg,15.111190533593328,84.37222534198867,2026-02-27,2850bac1e296736aebf0ed6c6602003a,0.0,Valid
IMG00374,P00374,evidence/images/IMG00374.jpg,21.58428104698077,82.18961296946574,2025-02-25,ea7fb419c2ab05de02c1ac4f6de84e29,0.0,Valid
IMG00375,P00375,evidence/images/IMG00375.jpg,30.28404664449242,86.74362542061651,2025-09-23,8ed29540b05327e5b8624803cc9b3f2d,0.0,Valid
IMG00376,P00376,evidence/images/IMG00376.jpg,19.425263971900154,80.93042822362224,2025-04-04,c354130ef0927f189e930695ae4aa996,0.0,Valid
IMG00377,P00377,evidence/images/IMG00377.jpg,13.55022018117604,83.07089091352353,2025-01-17,771f32f31bfd7f130d4eda4864ad62ca,0.0,Valid
IMG00378,P00378,evidence/images/IMG00378.jpg,33.01997058652658,86.69541564215136,2024-12-12,04f83f048563941a5084183cf3cfb1e0,0.0,Valid
IMG00379,P00379,evidence/images/IMG00379.jpg,11.48656194049855,86.54858946438179,2025-11-11,92dc2fb78bf3be7de68db3055cac6d49,0.0,Valid
IMG00380,P00380,evidence/images/IMG00380.jpg,22.45085140142116,89.25052334755222,2025-11-26,f3b73d90f51f7417a9ad7ab8b9453483,0.0,Valid
IMG00381,P00381,evidence/images/IMG00381.jpg,24.052229366824683,87.47438975217949,2024-04-19,8f304a6267be5a70b9a4b046451b68dc,0.0,Valid
IMG00382,P00382,evidence/images/IMG00382.jpg,22.842797392943343,76.37337895471177,2024-03-03,43c85643b7d9dbd3ff3574a6f6930e3a,0.0,Valid
IMG00383,P00383,evidence/images/IMG00383.jpg,30.71695666769755,84.64345226900681,2026-04-19,9bbcea030e758e1d5ce4efcc90a5c206,0.0,Valid
IMG00384,P00384,evidence/images/IMG00384.jpg,18.115111804882105,89.88946556527554,2024-08-15,e2309c036afa403047d2add08aace7b2,0.0,Valid
IMG00385,P00385,evidence/images/IMG00385.jpg,8.736300071476713,76.57627772375255,2025-11-06,afe3c0069f50c0b9235b4ce5fb51e1ef,0.0,Valid
IMG00386,P00386,evidence/images/IMG00386.jpg,32.86963530838378,78.22439410759971,2024-05-17,37d041861332830e62777be98cd0d26e,0.0,Valid
IMG00387,P00387,evidence/images/IMG00387.jpg,27.728957467318025,92.46546783406284,2024-09-07,9f622e13cded24a2764b00ac200258b1,0.0,Valid
IMG00388,P00388,evidence/images/IMG00388.jpg,8.389581987857976,79.7362157599407,2026-01-13,69b6c21236b7db8f82137f064468c1b6,0.0,Valid
IMG00389,P00389,evidence/images/IMG00389.jpg,9.884152649549424,74.18344958593748,2026-02-11,fd641305da20935ac7a677103768f6ab,0.0,Valid
IMG00390,P00390,evidence/images/IMG00390.jpg,33.93061715770316,79.63589727652555,2024-12-18,04a638f2589d02d60c450051235bbe24,0.0,Valid
IMG00391,P00391,evidence/images/IMG00391.jpg,29.34925433928488,72.76060987630905,2025-04-25,1358009ae8222002f485418e0b079df3,0.0,Valid
IMG00392,P00392,evidence/images/IMG00392.jpg,13.400033787099318,83.60909542716834,2025-11-10,ccbd5e635585f3d0abe490c35d40f9f0,0.0,Valid
IMG00393,P00393,evidence/images/IMG00393.jpg,10.014027374962948,73.06097524518188,2025-12-25,57af1e2148deb8c6335178f0ef316e0d,0.0,Valid
IMG00394,P00394,evidence/images/IMG00394.jpg,27.96366189029066,90.06807225430255,2025-11-30,b3a86142f47ffd45e0cd9ae041650658,0.0,Valid
IMG00395,P00395,evidence/images/IMG00395.jpg,16.29827573288148,82.3259345221921,2024-06-14,7b100555a781b4895d6c57663b47ddbf,0.0,Valid
IMG00396,P00396,evidence/images/IMG00396.jpg,19.344724270111826,78.3233151634493,2025-04-15,97416ab185be8fba75457693b81db183,0.0,Valid
IMG00397,P00397,evidence/images/IMG00397.jpg,21.667532585779988,79.03807436455364,2024-05-30,58864c6e94c7a6db512886d06e75a50d,0.0,Valid
IMG00398,P00398,evidence/images/IMG00398.jpg,27.815631332655865,82.97482261779439,2025-12-26,57af3cbb6d860a8b591404ef84e1d864,0.0,Valid
IMG00399,P00399,evidence/images/IMG00399.jpg,8.701107931915502,78.10803760961214,2025-01-18,8279946f1dc347154d4aca93c07056d1,0.0,Valid
IMG00400,P00400,evidence/images/IMG00400.jpg,12.086841141769153,77.78899630983946,2026-03-02,9a8b5dd8755ad328e90e59cc8a92a865,0.0,Valid
IMG00401,P00401,evidence/images/IMG00401.jpg,23.478944461871656,80.2094658216082,2024-01-22,9796251e60a59cc0afea5a016383c159,0.0,Valid
IMG00402,P00402,evidence/images/IMG00402.jpg,22.837902422562703,89.10900327603551,2024-07-30,9eae46ead1b7949fdd1a664065336ca8,0.0,Valid
IMG00403,P00403,evidence/images/IMG00403.jpg,18.03880166096109,82.38931209314308,2024-09-23,eed81282edf5e1363f890b40ab2c3d87,0.0,Valid
IMG00404,P00404,evidence/images/IMG00404.jpg,23.268834241558107,73.5898397894823,2025-12-26,47a0377ddb33d3fd68d621b86a499ca0,0.0,Valid
IMG00405,P00405,evidence/images/IMG00405.jpg,33.79089922322363,77.36240837395475,2024-12-28,3e590ee5b436e6879ba265bd2ec2409a,0.0,Valid
IMG00406,P00406,evidence/images/IMG00406.jpg,33.229521989946605,81.7920826947029,2025-07-14,d6deb1430ac2e78b28a8eafda86ef86a,0.0,Valid
IMG00407,P00407,evidence/images/IMG00407.jpg,21.74299006917133,89.53853745283006,2024-08-03,3094403b6cf89d7a486c6928aaa1c4fc,0.0,Valid
IMG00408,P00408,evidence/images/IMG00408.jpg,19.939561423046246,84.93786199723296,2024-08-28,46860b0a9bdaff2eb6242a9447ff2292,0.0,Valid
IMG00409,P00409,evidence/images/IMG00409.jpg,24.493132146004285,88.79634554361566,2024-12-13,3d661c149692bc03c58d3c186cf6a5dc,0.0,Valid
IMG00410,P00410,evidence/images/IMG00410.jpg,30.144498144537927,87.22022799759435,2025-01-11,98f2eb8ea9d8530db0c560fe0021b26a,0.0,Valid
IMG00411,P00411,evidence/images/IMG00411.jpg,21.18149835438152,74.48308974808677,2025-08-12,9e87b109bcfc35c78f2c36cdf5f3dca1,0.0,Valid
IMG00412,P00412,evidence/images/IMG00412.jpg,15.291828576925488,92.1042503699102,2024-05-10,e0ccb6c62037bd8e53b99f64b1167def,0.0,Valid
IMG00413,P00413,evidence/images/IMG00413.jpg,28.059554317646757,87.03732332858725,2024-09-08,579c2bf0e74e2b13ab5d2bcc668e4d94,0.0,Valid
IMG00414,P00414,evidence/images/IMG00414.jpg,9.158745074939414,83.66448946645149,2026-05-01,a189f98e3db0ec03c862925afaaf62fb,0.0,Valid
IMG00415,P00415,evidence/images/IMG00415.jpg,20.822109933501743,74.19154711642493,2026-01-24,d47b4afaddd95993c87464267041aec4,0.0,Valid
IMG00416,P00416,evidence/images/IMG00416.jpg,30.99562628128466,77.36194993687484,2026-01-02,9894b94b60416b8f5caa0779859982ce,0.0,Valid
IMG00417,P00417,evidence/images/IMG00417.jpg,24.275599642731702,90.9756902491455,2024-07-01,486f0950ed271df495afe11f59b785c7,0.0,Valid
IMG00418,P00418,evidence/images/IMG00418.jpg,16.03404447108384,86.06838018434478,2025-08-27,5b75dd1d3f4bb47ad3622d527cb331b7,0.0,Valid
IMG00419,P00419,evidence/images/IMG00419.jpg,24.67565286532797,90.51209301619006,2024-09-10,fbf1981bc0c90db9e294fdde628e0486,0.0,Valid
IMG00420,P00420,evidence/images/IMG00420.jpg,15.198871075866176,85.54054350842173,2026-01-02,53091653fa70d448ae00108993da3d0d,0.0,Valid
IMG00421,P00421,evidence/images/IMG00421.jpg,15.241847143792423,92.39710780692104,2025-08-19,98d9baee30028bf6d43a139a55d598fc,0.95,Potentially Reused
IMG00422,P00422,evidence/images/IMG00422.jpg,30.64846105203532,90.16528298209094,2024-09-30,80b84de33b42ec1acbf3aaf629c476ae,0.0,Valid
IMG00423,P00423,evidence/images/IMG00423.jpg,29.12118781021617,79.43882038574247,2024-05-22,c9e7f15f18e40756a30a25a291539b09,0.0,Valid
IMG00424,P00424,evidence/images/IMG00424.jpg,11.61554051436224,74.23552315037703,2024-05-23,1627d9af95701beb7b3963564df3b132,0.0,Valid
IMG00425,P00425,evidence/images/IMG00425.jpg,20.36789440036157,77.5423442970603,2024-02-19,997efe6ac5a8024dc76f457a9235cf70,0.0,Valid
IMG00426,P00426,evidence/images/IMG00426.jpg,19.664646996066395,79.4778371237026,2024-12-15,e0c02bad3be6fba0c4aedcb67ece0a6f,0.0,Valid
IMG00427,P00427,evidence/images/IMG00427.jpg,23.98688123062538,90.54339210112254,2024-09-19,36d6bbb859cbcec54ed85878edb6122f,0.0,Valid
IMG00428,P00428,evidence/images/IMG00428.jpg,24.00109429576818,74.08916996980716,2024-10-30,bb92f936a5e3d1cdcbeb7b3b5b54b712,0.0,Valid
IMG00429,P00429,evidence/images/IMG00429.jpg,31.659973943518978,87.46969824752914,2024-08-18,cf97ce249e17c7b2ce82f4c9b0a8f33e,0.0,Valid
IMG00430,P00430,evidence/images/IMG00430.jpg,9.139944240594415,81.4749241474567,2024-05-01,9a5c16acd1b072775fa65cd6abfa8ed7,0.0,Valid
IMG00431,P00431,evidence/images/IMG00431.jpg,18.91011175379156,92.29091015265494,2024-04-14,01cf65ec1926f4f20f65c853d75fdea8,0.0,Valid
IMG00432,P00432,evidence/images/IMG00432.jpg,22.896843347277848,76.9440396515661,2025-03-12,5ce60ac65438952df4057d3df5ef874d,0.0,Valid
IMG00433,P00433,evidence/images/IMG00433.jpg,15.312168191708889,85.67872909746758,2024-12-13,9bcbdf447b96c9fd5eded599bc81da50,0.0,Valid
IMG00434,P00434,evidence/images/IMG00434.jpg,25.86142674897152,82.4234201645927,2026-02-27,9d60beedecc0d82e1f3cbf81172c3dca,0.0,Valid
IMG00435,P00435,evidence/images/IMG00435.jpg,19.470781794474576,76.83279229205182,2026-04-02,7cc8750a6e28a54a844ed5a222189f0c,0.0,Valid
IMG00436,P00436,evidence/images/IMG00436.jpg,25.7689382832291,82.75263510195586,2025-12-03,8a86b9630a04d81b105416f89ea6494e,0.0,Valid
IMG00437,P00437,evidence/images/IMG00437.jpg,25.354514919270112,86.63983900776041,2024-01-24,1d14bba0a53ce062facf9b2072e22629,0.0,Valid
IMG00438,P00438,evidence/images/IMG00438.jpg,27.2957721843569,79.27781301985712,2024-06-11,d56257e110927933176cd78be7ed6d64,0.0,Valid
IMG00439,P00439,evidence/images/IMG00439.jpg,18.38689503167631,78.66894102616274,2024-01-20,964ceffaa5e6d1317bafe3a7bf0b139e,0.0,Valid
IMG00440,P00440,evidence/images/IMG00440.jpg,32.69897748286442,81.8683267737011,2024-05-06,02ad5b2292cb1d61ad4c64ff155522a4,0.0,Valid
IMG00441,P00441,evidence/images/IMG00441.jpg,15.76907945803351,77.40970792148467,2024-09-03,064f802b96a70d4ffdc8d26ae2b37afe,0.0,Valid
IMG00442,P00442,evidence/images/IMG00442.jpg,25.75512137618537,80.37251060366762,2025-01-13,524083dfee4cd531ffb0981ce754f4c7,0.0,Valid
IMG00443,P00443,evidence/images/IMG00443.jpg,18.36093670957357,92.49435405104528,2025-06-01,f2b1be0f526faf64284ed15f65e8fe52,0.0,Valid
IMG00444,P00444,evidence/images/IMG00444.jpg,28.643807688731364,82.57681270365106,2025-01-20,f180d0e1a6167a34e1e39a3799a66391,0.0,Valid
IMG00445,P00445,evidence/images/IMG00445.jpg,11.310897978212465,81.91904849813727,2026-01-26,9269e3a479567160af64ff108b1864a6,0.0,Valid
IMG00446,P00446,evidence/images/IMG00446.jpg,15.314661547772785,90.11957383000524,2024-10-12,a791d5722e466484eb1876572c0cb4a9,0.0,Valid
IMG00447,P00447,evidence/images/IMG00447.jpg,14.673468424972736,85.1943572657143,2024-07-12,cbe1555b1f925c8dacf6265813ce373f,0.0,Valid
IMG00448,P00448,evidence/images/IMG00448.jpg,21.912822081542917,88.55330203519654,2025-09-17,c200d5fbc327bbd98f0cabb4187a77ec,0.0,Valid
IMG00449,P00449,evidence/images/IMG00449.jpg,14.30644729281953,89.70172778558052,2025-07-21,1e8739bb1b96567af4dc69ee42d067f1,0.0,Valid
IMG00450,P00450,evidence/images/IMG00450.jpg,17.75759945290706,79.00136098144439,2025-09-09,e9383d805267ef165e4e76e0e3ab2e82,0.0,Valid
IMG00451,P00451,evidence/images/IMG00451.jpg,13.573623856443772,88.77525371401697,2025-06-26,f64f348d2ec8c17d5c7af98cb3dbc750,0.0,Valid
IMG00452,P00452,evidence/images/IMG00452.jpg,31.920440648687784,74.74136950768914,2024-07-19,976c6c9d8b353473776f5c7836e4c2c5,0.0,Valid
IMG00453,P00453,evidence/images/IMG00453.jpg,24.07293530381054,77.01935385430842,2025-08-31,37d98a285fc65f9bc4bf4f0bbae25c17,0.0,Valid
IMG00454,P00454,evidence/images/IMG00454.jpg,14.261595067529203,83.22922109703526,2024-05-31,848dc8a22bff4684a3eff6da02320bb0,0.0,Valid
IMG00455,P00455,evidence/images/IMG00455.jpg,29.87029963028745,90.10644633448544,2024-06-26,77612019066aea8829952633d8849a3b,0.0,Valid
IMG00456,P00456,evidence/images/IMG00456.jpg,9.397740355262652,83.09094397660168,2025-06-11,e1f9745a11aec02fb65569b3df6537b0,0.0,Valid
IMG00457,P00457,evidence/images/IMG00457.jpg,18.467124609773087,77.56653659467868,2026-02-10,176a3bb3b4ea5c417c72efc9a8fc59b4,0.0,Valid
IMG00458,P00458,evidence/images/IMG00458.jpg,29.27395774096081,78.13877354708043,2025-12-17,527032067ea0c1c7f06f538e6a1391bb,0.0,Valid
IMG00459,P00459,evidence/images/IMG00459.jpg,21.43422482319156,85.04678792451315,2025-06-06,c5ca1e3d62287f28385b6f21bbbbf3b8,0.0,Valid
IMG00460,P00460,evidence/images/IMG00460.jpg,20.78978505397229,75.66033244188891,2025-03-13,4ae03f569bccbdcf4551a6d7e4eac090,0.0,Valid
IMG00461,P00461,evidence/images/IMG00461.jpg,18.94088800928045,91.25973436725994,2024-06-07,b2d46a75b2281adb83b67ed488922364,0.0,Valid
IMG00462,P00462,evidence/images/IMG00462.jpg,29.56044299663957,89.76413696894652,2025-10-17,98b99fc5fb461eeb49ecd62a40289f14,0.0,Valid
IMG00463,P00463,evidence/images/IMG00463.jpg,29.7863754496238,76.10071229215472,2024-01-30,e9b02e81d2f1d82ed8eac4814971cdd2,0.0,Valid
IMG00464,P00464,evidence/images/IMG00464.jpg,24.26384559128448,78.77531002948224,2026-03-16,16ced2a8d716ba564e1dcb9d92bca46f,0.0,Valid
IMG00465,P00465,evidence/images/IMG00465.jpg,12.719783249077317,77.0461821887772,2025-04-24,14df02fec72555869b255f4d45669236,0.0,Valid
IMG00466,P00466,evidence/images/IMG00466.jpg,16.429415488632166,91.10262301991452,2025-03-11,1e4977e18f33795690a12369f6a6af4b,0.0,Valid
IMG00467,P00467,evidence/images/IMG00467.jpg,13.807160495685377,73.94271290302594,2026-02-10,6efcb96cab898cf613cdffd3571ed8c7,0.0,Valid
IMG00468,P00468,evidence/images/IMG00468.jpg,24.94025089703516,87.22311779109275,2025-05-26,3206bc092d226a2b85291f357140b984,0.0,Valid
IMG00469,P00469,evidence/images/IMG00469.jpg,9.451160222616734,76.50386164013439,2024-04-25,c05d509f26b502bf5400d707b2d82bc9,0.0,Valid
IMG00470,P00470,evidence/images/IMG00470.jpg,8.784472882864783,83.20340744048133,2025-04-04,6042e1728ca5e20ce84e8274fa7c453d,0.0,Valid
IMG00471,P00471,evidence/images/IMG00471.jpg,30.69147394104617,80.98940259674858,2025-06-11,c34043ac1bce6b65948dc402678fc5b1,0.0,Valid
IMG00472,P00472,evidence/images/IMG00472.jpg,10.082402601931502,74.148977673503,2024-06-05,b3581c9c6cabb91ad67c4e1fc5f8600b,0.0,Valid
IMG00473,P00473,evidence/images/IMG00473.jpg,11.36497551598919,74.72693253429944,2026-04-08,1d2bd0faa0caac07f1c857c51e2033d3,0.0,Valid
IMG00474,P00474,evidence/images/IMG00474.jpg,28.846409845108784,90.82567934043884,2024-04-07,cf784e3f5a3c21e2491848cbd1328d44,0.0,Valid
IMG00475,P00475,evidence/images/IMG00475.jpg,15.766456129937868,78.75767132932539,2025-09-07,57a7a8f0e783a2e95ee5d0d436de8562,0.0,Valid
IMG00476,P00476,evidence/images/IMG00476.jpg,14.859534690958595,88.61986881200626,2025-07-19,c939e9f59b14d18ecd6dae1fbe2a04b3,0.0,Valid
IMG00477,P00477,evidence/images/IMG00477.jpg,31.050103337170672,79.99567042554982,2025-06-05,38928f654f15c68b264f880bae68e800,0.0,Valid
IMG00478,P00478,evidence/images/IMG00478.jpg,18.052385633955645,87.67808502695976,2026-01-19,ff1637130ef28b09b7bfff4d6a694a27,0.0,Valid
IMG00479,P00479,evidence/images/IMG00479.jpg,11.09698472884615,88.24224588310592,2024-06-10,936f050d613effa5c78d701d63e09f48,0.0,Valid
IMG00480,P00480,evidence/images/IMG00480.jpg,33.77806966124902,77.47991931255967,2025-06-11,a4eead68371e11778347802bbd265197,0.0,Valid
IMG00481,P00481,evidence/images/IMG00481.jpg,12.945508873700708,78.27898576496179,2025-04-25,98d9baee30028bf6d43a139a55d598fc,0.95,Potentially Reused
IMG00482,P00482,evidence/images/IMG00482.jpg,16.666102713697693,74.41238708565862,2024-10-31,41198ead2d3dbbf5508153c5261c041c,0.0,Valid
IMG00483,P00483,evidence/images/IMG00483.jpg,27.958689688394635,87.4028674227619,2024-02-14,4787bfabab90d2e317fb195c6818139f,0.0,Valid
IMG00484,P00484,evidence/images/IMG00484.jpg,9.29235782571674,89.90116636090997,2024-11-10,2737175f992c28d87919a71d4a25a60b,0.0,Valid
IMG00485,P00485,evidence/images/IMG00485.jpg,25.170113148466434,85.5886896837514,2024-03-10,c2eb9bd7a1a99ff4764e17d974f86b01,0.0,Valid
IMG00486,P00486,evidence/images/IMG00486.jpg,31.42479609370504,90.21306333246912,2025-05-31,ab18e735586327c884dac5bbccd77df0,0.0,Valid
IMG00487,P00487,evidence/images/IMG00487.jpg,24.97547667388809,86.19942897099904,2025-11-07,1a619d819f06658ca03c2dc2dbc5e83c,0.0,Valid
IMG00488,P00488,evidence/images/IMG00488.jpg,28.300876459346664,74.40277963837207,2024-07-12,5a65f581f7e6fca7b6136864e5995f6d,0.0,Valid
IMG00489,P00489,evidence/images/IMG00489.jpg,16.254245873255343,79.14875723280417,2026-03-11,299e661295cf7e88e69dbb686cbf4325,0.0,Valid
IMG00490,P00490,evidence/images/IMG00490.jpg,12.416147700538785,77.18481052223729,2025-08-12,19f013458d1027868111916cb975552a,0.0,Valid
IMG00491,P00491,evidence/images/IMG00491.jpg,12.01203888286037,79.6974581337712,2025-10-30,ebaae8d7409a6b32a4033846abb7f213,0.0,Valid
IMG00492,P00492,evidence/images/IMG00492.jpg,23.705814214140496,79.77471786096807,2025-11-08,393e280b6858f3319a069c3b0835ad82,0.0,Valid
IMG00493,P00493,evidence/images/IMG00493.jpg,11.532436259441862,88.77514698963037,2025-01-07,0c10e6a84224b3c809f54354ffb1ad37,0.0,Valid
IMG00494,P00494,evidence/images/IMG00494.jpg,23.02112459331027,87.50061657772628,2026-04-06,821ed9d910cac70d6c66e79a9a6e3552,0.0,Valid
IMG00495,P00495,evidence/images/IMG00495.jpg,10.940410168112033,87.3508825509999,2025-04-05,5c96ec936b46199b3dfb36026547d99f,0.0,Valid
IMG00496,P00496,evidence/images/IMG00496.jpg,13.559452972535205,86.22131418778318,2025-11-17,c5592605036b0a42ad449f3d4ecdd480,0.0,Valid
IMG00497,P00497,evidence/images/IMG00497.jpg,31.003000691344692,90.76913444440656,2025-01-28,6372dc305b35d49f69221a9158bd75ad,0.0,Valid
IMG00498,P00498,evidence/images/IMG00498.jpg,27.19140835607348,73.83351375791467,2024-12-26,555a47cc698eea9c5b9e6ff6902304ba,0.0,Valid
IMG00499,P00499,evidence/images/IMG00499.jpg,12.547112158079434,80.62049491653138,2024-08-14,268c8d44913bbf93e4f1894f0dda0861,0.0,Valid
IMG00500,P00500,evidence/images/IMG00500.jpg,13.172766582401232,75.58253730362428,2024-04-05,e869d468ad6d59867c953af48a4507c3,0.0,Valid
IMG00501,P00501,evidence/images/IMG00501.jpg,17.052950720961412,89.36035065264875,2024-08-10,25ee01760415ba3bc4433a1028650044,0.0,Valid
IMG00502,P00502,evidence/images/IMG00502.jpg,22.38043016267919,84.5489655129825,2025-12-24,d49c957c617830d8d1a083bb7122a05b,0.0,Valid
IMG00503,P00503,evidence/images/IMG00503.jpg,17.23593907145146,76.18672909951417,2024-09-13,c5c600b2b642f13f4829ac99f117c947,0.0,Valid
IMG00504,P00504,evidence/images/IMG00504.jpg,12.70684732695255,91.16837230494768,2024-09-24,5e1836fad52c5d3626a5a3799a9b5f32,0.0,Valid
IMG00505,P00505,evidence/images/IMG00505.jpg,16.61056897172312,75.23761295878506,2024-05-22,e14f9c1ac7e3606b33dc25bb68bb2f6d,0.0,Valid
IMG00506,P00506,evidence/images/IMG00506.jpg,21.74583356838429,89.5385409958756,2026-01-03,b21c20313653187f96a4601e7d03afdb,0.0,Valid
IMG00507,P00507,evidence/images/IMG00507.jpg,31.813740289837025,80.89168913855093,2025-06-15,302001996de7fe65d3861a982b516ef7,0.0,Valid
IMG00508,P00508,evidence/images/IMG00508.jpg,23.627123238489723,81.19720543960742,2025-04-06,f434b34c7b05fcb5a148762dcdc3de92,0.0,Valid
IMG00509,P00509,evidence/images/IMG00509.jpg,23.824264404745165,74.06101837917255,2025-09-06,379ad69fa9d864fd2f97a90a9ae6dd84,0.0,Valid
IMG00510,P00510,evidence/images/IMG00510.jpg,16.03438716143462,81.04121649892018,2025-07-09,e4843479fd169d3271a8f150b443f665,0.0,Valid
IMG00511,P00511,evidence/images/IMG00511.jpg,18.29937552054048,88.48003355992621,2024-03-11,9fe7959229d10f2aef9181e78843a121,0.0,Valid
IMG00512,P00512,evidence/images/IMG00512.jpg,19.67844110354426,84.39732022302319,2025-06-23,8e2372450f54062da05e5b2f9fe149ea,0.0,Valid
IMG00513,P00513,evidence/images/IMG00513.jpg,21.831876865706526,75.27491951368035,2024-07-01,b9eb1e1fdf2a378df1570571e90bc5d5,0.0,Valid
IMG00514,P00514,evidence/images/IMG00514.jpg,22.36782688364796,82.91462992879781,2024-08-16,4f8961b702035124b950ec055be999a4,0.0,Valid
IMG00515,P00515,evidence/images/IMG00515.jpg,19.050654658962664,73.00076407270369,2025-05-16,977acf747e774e517092c06f77da7d13,0.0,Valid
IMG00516,P00516,evidence/images/IMG00516.jpg,11.39637771963963,90.5334976552924,2025-10-25,9a0c8eac708bc720a3b0ba95dfef76ec,0.0,Valid
IMG00517,P00517,evidence/images/IMG00517.jpg,29.854032159348048,73.84094473663173,2025-12-11,78a1c64905eb887a05deb22a106c79da,0.0,Valid
IMG00518,P00518,evidence/images/IMG00518.jpg,10.737153085307654,74.68652049333195,2025-04-22,07fff1e600f9a8ce93b9437a3766cfe4,0.0,Valid
IMG00519,P00519,evidence/images/IMG00519.jpg,15.90706694434034,78.15511462120602,2024-03-09,c8af30d6a048174f63c2a0ad5eca62eb,0.0,Valid
IMG00520,P00520,evidence/images/IMG00520.jpg,26.765034863153243,85.37874429826479,2026-02-10,15ee311701238d91b902fc7733d39d48,0.0,Valid
IMG00521,P00521,evidence/images/IMG00521.jpg,18.06716273309499,87.74151953896232,2025-08-11,41bb41c0ab81100579056e478e65643a,0.0,Valid
IMG00522,P00522,evidence/images/IMG00522.jpg,27.411865876399578,91.15011483910442,2025-06-12,346908171b414f34e8ea2167120a9ba6,0.0,Valid
IMG00523,P00523,evidence/images/IMG00523.jpg,21.797168871743285,77.12420341125082,2024-11-10,0bee096c72f0a477da44ac03784b2bbb,0.0,Valid
IMG00524,P00524,evidence/images/IMG00524.jpg,14.484068739783364,87.30380999222128,2025-04-21,50098c63b51f477461cbf4346da25182,0.0,Valid
IMG00525,P00525,evidence/images/IMG00525.jpg,24.336973490341435,82.98364712038928,2025-12-01,f7aeec2a05526d853435001d13c68f85,0.0,Valid
IMG00526,P00526,evidence/images/IMG00526.jpg,26.395825387601537,89.14086744414851,2024-12-12,1da859bb9a9faa464eef948ad977b8df,0.0,Valid
IMG00527,P00527,evidence/images/IMG00527.jpg,13.40920623811105,79.64453224451691,2025-03-22,0d0bd4d3d0d581883f1ceedc20c32ead,0.0,Valid
IMG00528,P00528,evidence/images/IMG00528.jpg,21.754982867577645,88.37823089525475,2025-12-29,72a781f210c91749a9632650166c65db,0.0,Valid
IMG00529,P00529,evidence/images/IMG00529.jpg,13.319734885112368,80.16447761561665,2024-10-19,93fa90e26f5a69bb5d2338d3bc7377f6,0.0,Valid
IMG00530,P00530,evidence/images/IMG00530.jpg,33.86742421387611,89.79928138311226,2025-05-07,91e48767057326f31821641bb77bfbef,0.0,Valid
IMG00531,P00531,evidence/images/IMG00531.jpg,8.991208044371973,85.49103213462263,2024-02-16,46902a01d2e14afea79b4ff65b29d26c,0.0,Valid
IMG00532,P00532,evidence/images/IMG00532.jpg,11.281369889312913,75.76838606436787,2024-10-19,82ae539ff1748059c5b3af37a6d908b3,0.0,Valid
IMG00533,P00533,evidence/images/IMG00533.jpg,32.963196889771424,82.45149700382623,2025-06-10,f6bc644c379d0cd51ee3d987544fd8a9,0.0,Valid
IMG00534,P00534,evidence/images/IMG00534.jpg,8.910728629319568,88.08762443825879,2024-05-24,ab22605795f4fdfdc6b51744ed267f89,0.0,Valid
IMG00535,P00535,evidence/images/IMG00535.jpg,30.93982857235471,85.28149960126345,2025-04-04,7a161cb0e0d9ec613d0a03e1827e19ba,0.0,Valid
IMG00536,P00536,evidence/images/IMG00536.jpg,28.78670022321481,88.08815376005931,2024-05-03,7a37bec562480508b64687c1c00b9673,0.0,Valid
IMG00537,P00537,evidence/images/IMG00537.jpg,29.28562325737957,90.07356771210851,2025-02-09,785809520c805e565ebbde2635ca712c,0.0,Valid
IMG00538,P00538,evidence/images/IMG00538.jpg,25.11464982703496,89.25331883083899,2024-08-08,3d2ec3efdb626dd8d3f2e06761c8e4f0,0.0,Valid
IMG00539,P00539,evidence/images/IMG00539.jpg,25.02285086668556,79.5712129942111,2024-05-15,54ab99b4a3b7ec2adbf098a39df61b70,0.0,Valid
IMG00540,P00540,evidence/images/IMG00540.jpg,8.57241791169877,75.78079203026806,2024-02-18,82939705ff490c7483f06fbcd7c10f37,0.0,Valid
IMG00541,P00541,evidence/images/IMG00541.jpg,9.407567498839136,83.30182131696584,2025-08-23,98d9baee30028bf6d43a139a55d598fc,0.95,Potentially Reused
IMG00542,P00542,evidence/images/IMG00542.jpg,29.54673068567612,79.36356478257098,2024-07-16,ae7d64a221f781ebadc28bdccba85e80,0.0,Valid
IMG00543,P00543,evidence/images/IMG00543.jpg,31.624987360841835,84.02482458860115,2024-02-16,8c0187a6b976e083b7d43fc084b79779,0.0,Valid
IMG00544,P00544,evidence/images/IMG00544.jpg,9.772725014564683,82.57362310189144,2025-12-04,d3ebb13ca349032587d2b638a28e78e3,0.0,Valid
IMG00545,P00545,evidence/images/IMG00545.jpg,9.713612014179558,75.79696061169199,2025-11-06,2991855d97fb2fecab9cac6a018806e5,0.0,Valid
IMG00546,P00546,evidence/images/IMG00546.jpg,12.113488921605478,75.01247818991169,2026-03-27,744a5d174bb78fa94d0ee7fb5db15dc9,0.0,Valid
IMG00547,P00547,evidence/images/IMG00547.jpg,15.541727187220657,77.0580111403597,2024-11-19,2148af8099381894e6e9d36060d31be5,0.0,Valid
IMG00548,P00548,evidence/images/IMG00548.jpg,15.066974913791505,82.6422292149657,2024-01-15,b5e25ad26a0c273afcb0c2e24b0e8aa5,0.0,Valid
IMG00549,P00549,evidence/images/IMG00549.jpg,31.079593233440296,85.27524139910443,2026-01-01,31eea1c8d07c2b6b8cf8415122816546,0.0,Valid
IMG00550,P00550,evidence/images/IMG00550.jpg,31.899504585983586,73.69684775548208,2024-12-17,611a3f60f83f205eb2cfdfa25a275961,0.0,Valid
IMG00551,P00551,evidence/images/IMG00551.jpg,9.05292737406396,84.03954189147724,2025-11-30,a9e71e5ea3518e6cb4dee6cd430d06c3,0.0,Valid
IMG00552,P00552,evidence/images/IMG00552.jpg,24.09956050275669,84.71804034244873,2025-11-21,ddea8487b9a8ad051ae8fe0bdfdfc668,0.0,Valid
IMG00553,P00553,evidence/images/IMG00553.jpg,29.747166591222808,81.20665610076915,2024-03-06,3ec9ad42b75da35b20c479d19a815943,0.0,Valid
IMG00554,P00554,evidence/images/IMG00554.jpg,18.818914229051934,87.80088299924074,2024-04-29,22eff3040f704a6e3f4d74aac1ad2582,0.0,Valid
IMG00555,P00555,evidence/images/IMG00555.jpg,16.40027287034104,77.55062100800521,2026-01-13,228d6ec39f666b60d29c96ee8f1b6d72,0.0,Valid
IMG00556,P00556,evidence/images/IMG00556.jpg,32.88772588815775,76.47229059435058,2024-04-19,02a1f10894af85a765a6ffbf0123265e,0.0,Valid
IMG00557,P00557,evidence/images/IMG00557.jpg,16.620036730048454,90.88478992551605,2024-06-19,804f381f48129be73aa95843c937c8a8,0.0,Valid
IMG00558,P00558,evidence/images/IMG00558.jpg,8.301805768701618,91.14367900159893,2025-09-14,84858057cc38683dc9c6f3dc1d150888,0.0,Valid
IMG00559,P00559,evidence/images/IMG00559.jpg,26.22251553918016,92.12342263211312,2024-10-26,be3e3f2d0c467f670d7177dde22c6790,0.0,Valid
IMG00560,P00560,evidence/images/IMG00560.jpg,9.147174439575602,83.15076476002075,2025-01-08,f2dc20a05ae30c9ba1afbd59139585f8,0.0,Valid
IMG00561,P00561,evidence/images/IMG00561.jpg,11.710665645302784,76.55780238932815,2024-06-27,e6da03e9ce314836e58a18f311b48f2c,0.0,Valid
IMG00562,P00562,evidence/images/IMG00562.jpg,11.99682817329736,86.11162165647914,2024-12-29,364bbfc2c085528fd8d9ab882136d2db,0.0,Valid
IMG00563,P00563,evidence/images/IMG00563.jpg,26.146936529816905,76.5707672399139,2024-02-06,805de3292081f44005e593e66760173f,0.0,Valid
IMG00564,P00564,evidence/images/IMG00564.jpg,19.8679543357036,81.28823731697486,2024-07-12,31459dc24852646a1153b62778b1d107,0.0,Valid
IMG00565,P00565,evidence/images/IMG00565.jpg,22.800604724418204,85.37343885794296,2025-12-06,ee606b620e21b456eb46177fa928f688,0.0,Valid
IMG00566,P00566,evidence/images/IMG00566.jpg,29.69758015687254,76.75345519484117,2025-11-13,b8b3fe466bda321251d0f18762a5c90d,0.0,Valid
IMG00567,P00567,evidence/images/IMG00567.jpg,11.770792214618009,73.775343462042,2026-02-24,34a2647e3c0e284d042340f82186a8d6,0.0,Valid
IMG00568,P00568,evidence/images/IMG00568.jpg,23.51794264076849,73.21117648538711,2025-12-23,3412e9c37a438dd675dd05d14c7c06f0,0.0,Valid
IMG00569,P00569,evidence/images/IMG00569.jpg,10.435291161219167,89.30487367062409,2024-07-07,33777a1a5685b96aef8b5a08cada7676,0.0,Valid
IMG00570,P00570,evidence/images/IMG00570.jpg,11.597260202558664,88.46112456341358,2026-04-13,4a24d8053c69ffb61da52c5688fb0dd9,0.0,Valid
IMG00571,P00571,evidence/images/IMG00571.jpg,30.094279804298434,79.61804921663152,2024-09-04,4bafa42b3187e51ff8d9412402a9edd2,0.0,Valid
IMG00572,P00572,evidence/images/IMG00572.jpg,20.80950488288008,84.5864625619508,2025-12-30,441178898a239f2a0cd26d87e6348611,0.0,Valid
IMG00573,P00573,evidence/images/IMG00573.jpg,14.645476580216902,81.34952504395477,2026-01-15,e7b4678c5afdf6d862444184b4803f8a,0.0,Valid
IMG00574,P00574,evidence/images/IMG00574.jpg,30.724197578197494,90.63073445500676,2025-02-13,d035aa77561312821c0e836d2c3be180,0.0,Valid
IMG00575,P00575,evidence/images/IMG00575.jpg,31.917146942264225,87.81167192864865,2024-09-08,1499d75690a0885fc5e027ee65edf491,0.0,Valid
IMG00576,P00576,evidence/images/IMG00576.jpg,21.61732298842045,75.25516867338548,2025-03-10,ce74cdc7414d6e99635f5953ae497b3b,0.0,Valid
IMG00577,P00577,evidence/images/IMG00577.jpg,13.475448679360325,78.56254078936104,2025-01-12,aae7e1ab13c064c49b4651f177271ba3,0.0,Valid
IMG00578,P00578,evidence/images/IMG00578.jpg,15.313554937347254,75.24188764831901,2025-02-07,279d3391739bbe2d110e0c0cb873f88e,0.0,Valid
IMG00579,P00579,evidence/images/IMG00579.jpg,12.212225106116628,83.72596794521085,2024-05-06,29696645aa40d89323eddcdfb98fff9d,0.0,Valid
IMG00580,P00580,evidence/images/IMG00580.jpg,24.94670290349914,76.89432233687853,2024-07-05,b91837947163823b77c9aef02545f141,0.0,Valid
IMG00581,P00581,evidence/images/IMG00581.jpg,26.02530206689814,79.45652833216313,2025-01-13,7747be2230126d1352bd85aeef41bf84,0.0,Valid
IMG00582,P00582,evidence/images/IMG00582.jpg,18.807750957809816,81.44413116996425,2025-11-06,f778010f4181b1d68b86876342ae627b,0.0,Valid
IMG00583,P00583,evidence/images/IMG00583.jpg,31.700843399866415,89.29199802503454,2025-06-03,3511aa1c85c1304ddb723b42b6b2d88b,0.0,Valid
IMG00584,P00584,evidence/images/IMG00584.jpg,20.86345440946114,78.11627640782464,2024-05-20,cbce64c8fd3eb018b4ce1ccb0d36fb01,0.0,Valid
IMG00585,P00585,evidence/images/IMG00585.jpg,15.078427241868782,83.70822562259546,2025-02-15,fca40044e82043fcf74b60e096a89c12,0.0,Valid
IMG00586,P00586,evidence/images/IMG00586.jpg,11.167712142703458,73.59952894461946,2025-09-27,87289397b2b809d66dca893171197dde,0.0,Valid
IMG00587,P00587,evidence/images/IMG00587.jpg,31.12339718317796,77.74003479336298,2024-08-07,73520877ef0751401ad6f6ca55f31c6a,0.0,Valid
IMG00588,P00588,evidence/images/IMG00588.jpg,19.60301016260351,82.04634492611655,2026-05-02,cbfc469201f5830632101f4ca1e7c97a,0.0,Valid
IMG00589,P00589,evidence/images/IMG00589.jpg,9.403490129872209,84.35741779261173,2026-02-26,a4ea1dc713c894c09986e93a01fa4524,0.0,Valid
IMG00590,P00590,evidence/images/IMG00590.jpg,13.633588001717854,78.7184131219845,2024-05-16,3c4e9b8e2084c18effb2a5e33efbb4c4,0.0,Valid
IMG00591,P00591,evidence/images/IMG00591.jpg,15.270944046349625,92.34918688666,2024-02-17,16f9ef1984bd3880c432d71a98f80293,0.0,Valid
IMG00592,P00592,evidence/images/IMG00592.jpg,14.564391921736878,90.97524133577686,2025-01-26,eb7880937739c8ce0c8b90ea6f3c9268,0.0,Valid
IMG00593,P00593,evidence/images/IMG00593.jpg,29.86875649447887,74.25519028388265,2025-12-29,1439b8da86332b687bfa46dd0edf6df2,0.0,Valid
IMG00594,P00594,evidence/images/IMG00594.jpg,32.563191279593816,81.37593015689383,2026-01-05,0208e1b9e2251b73a4dc844f91c6a692,0.0,Valid
IMG00595,P00595,evidence/images/IMG00595.jpg,19.37452715314688,85.07032740058293,2025-03-12,c5b6f1e40e89e1f241e800199bb104ea,0.0,Valid
IMG00596,P00596,evidence/images/IMG00596.jpg,14.8384629367772,72.76920062596507,2026-04-13,ca7eb6f899a2a8597cc71ce6956328b1,0.0,Valid
IMG00597,P00597,evidence/images/IMG00597.jpg,14.505598521733631,77.99417327813622,2025-03-22,992fa411d444a0695622a402512e4885,0.0,Valid
IMG00598,P00598,evidence/images/IMG00598.jpg,13.904754195742584,74.85009421603704,2024-01-25,86d9aabf15185e7c40c8f8d26ca0a6d1,0.0,Valid
IMG00599,P00599,evidence/images/IMG00599.jpg,14.518083270794495,77.98604134985423,2024-08-16,558cae65c44e21948fa3bab5584b167f,0.0,Valid
IMG00600,P00600,evidence/images/IMG00600.jpg,26.258611584058816,86.10964194483125,2024-01-13,e5643b4cd6c8e9bc46280fc347ef6adc,0.0,Valid
IMG00601,P00601,evidence/images/IMG00601.jpg,8.81126070316083,88.90142968814652,2025-05-17,98d9baee30028bf6d43a139a55d598fc,0.95,Potentially Reused
IMG00602,P00602,evidence/images/IMG00602.jpg,33.72226942465775,85.95512571252648,2025-06-27,d596094d0c28f9cff3d7c86297e88218,0.0,Valid
IMG00603,P00603,evidence/images/IMG00603.jpg,15.222196799670307,78.22055628663307,2024-11-26,f95a32fbe05ea37d5f5e887990614e54,0.0,Valid
IMG00604,P00604,evidence/images/IMG00604.jpg,19.42522502048108,86.22443389736674,2025-11-26,1648db2deb62f77590703cc941f41745,0.0,Valid
IMG00605,P00605,evidence/images/IMG00605.jpg,13.94542828914959,79.68562683731162,2026-02-06,d249ce5744225a9b22ebeaecccc53232,0.0,Valid
IMG00606,P00606,evidence/images/IMG00606.jpg,15.409551296162412,79.48982800724531,2025-04-29,be8f989d87edd0e60bb920b6936bc3dd,0.0,Valid
IMG00607,P00607,evidence/images/IMG00607.jpg,12.503368116654102,83.22528817774683,2025-04-28,58828773c12ff21f1e3656538a07712b,0.0,Valid
IMG00608,P00608,evidence/images/IMG00608.jpg,29.886871982707568,85.07925283508318,2024-05-21,a0edd7c2c3f39f5b5dc1767f003780eb,0.0,Valid
IMG00609,P00609,evidence/images/IMG00609.jpg,27.5991999482976,84.14332231391059,2024-11-28,c51eac8f3b6cf4cd7cee072f7c3da8f3,0.0,Valid
IMG00610,P00610,evidence/images/IMG00610.jpg,16.762868808153307,84.55168188748372,2026-01-05,3734e108866245f56e22c02f7d218c2d,0.0,Valid
IMG00611,P00611,evidence/images/IMG00611.jpg,8.634114334921168,78.06547293203147,2024-01-18,187d244b3f9ca60dd6187e3b1460f0b7,0.0,Valid
IMG00612,P00612,evidence/images/IMG00612.jpg,29.49213529916016,81.81334297879235,2025-01-17,b3772cf56f06baf27356bfbdd5c0332b,0.0,Valid
IMG00613,P00613,evidence/images/IMG00613.jpg,20.188909576517617,92.04681602512944,2025-07-10,cc10c4333c9db8d96e0c7931a38b37ec,0.0,Valid
IMG00614,P00614,evidence/images/IMG00614.jpg,9.769849315557057,85.67602737867989,2024-12-11,395de74171d1dc15879708f232559e15,0.0,Valid
IMG00615,P00615,evidence/images/IMG00615.jpg,22.53249100333055,87.99932185943632,2025-09-13,4a1b4f7da56924c31c34390fd93b241b,0.0,Valid
IMG00616,P00616,evidence/images/IMG00616.jpg,21.778302253009677,91.51105248237464,2024-05-24,b241eaccf2e604064c5e5377cbd7c351,0.0,Valid
IMG00617,P00617,evidence/images/IMG00617.jpg,13.104382876983871,75.14542389531765,2024-06-01,13cc9c96ae31ce3c57476fff6856e141,0.0,Valid
IMG00618,P00618,evidence/images/IMG00618.jpg,24.19524355990376,87.44488515364769,2026-03-16,102ccc2dfa54ab18ccdf513807fbee5d,0.0,Valid
IMG00619,P00619,evidence/images/IMG00619.jpg,31.311498018634065,86.60167043623099,2024-08-16,c27db35ada61cfed423b3fa99f90913b,0.0,Valid
IMG00620,P00620,evidence/images/IMG00620.jpg,33.88641619001196,80.04453121840898,2024-10-25,19c64a88d88e1f34cc6e044aee7562f6,0.0,Valid
IMG00621,P00621,evidence/images/IMG00621.jpg,31.568531421209943,74.38738918037527,2024-05-08,932d2fd2c9bd1a9f8b020f796722baf4,0.0,Valid
IMG00622,P00622,evidence/images/IMG00622.jpg,19.49791242658211,79.63280253742283,2024-11-07,9764be17cb9e01f32b530fff27d2b98d,0.0,Valid
IMG00623,P00623,evidence/images/IMG00623.jpg,28.887085942974032,91.25876381863222,2024-02-02,8740c364cb7afdaf36bd2b0322faec26,0.0,Valid
IMG00624,P00624,evidence/images/IMG00624.jpg,12.18402124297363,75.15322684650954,2024-08-22,c17f31e099312cc727fddc90753d35ec,0.0,Valid
IMG00625,P00625,evidence/images/IMG00625.jpg,29.281253538585,87.45804217254921,2025-06-05,2c27067bb5886f71d4eb0c497541d6f8,0.0,Valid
IMG00626,P00626,evidence/images/IMG00626.jpg,17.212499221090226,85.63893085101583,2024-11-20,b9e53ead7f46663a4a132504ad7dd82b,0.0,Valid
IMG00627,P00627,evidence/images/IMG00627.jpg,31.73313472641547,78.81759693970446,2025-10-10,7af81869107a89d00074709a3a9a4ef0,0.0,Valid
IMG00628,P00628,evidence/images/IMG00628.jpg,9.950498598923076,78.06234360204861,2025-09-16,f436286cdac591b915a9105b0977478c,0.0,Valid
IMG00629,P00629,evidence/images/IMG00629.jpg,31.171236442679596,84.48877703297683,2025-04-21,01c3b11c300e896843d56a9882a82f15,0.0,Valid
IMG00630,P00630,evidence/images/IMG00630.jpg,17.405244243357977,76.17899845550215,2025-07-01,e9bb2c045fca149f305294d4c8882cbb,0.0,Valid
IMG00631,P00631,evidence/images/IMG00631.jpg,17.528504189939966,77.62543856854006,2024-04-01,92994789b9ed0e0dcfd8b6ccd353557d,0.0,Valid
IMG00632,P00632,evidence/images/IMG00632.jpg,15.279794116118603,87.87570170822369,2024-02-03,5854e52075d237cb3e4537bf9964b258,0.0,Valid
IMG00633,P00633,evidence/images/IMG00633.jpg,21.580723023944508,88.47845642904761,2025-06-02,3f1225eed6bdeb32689c92e6c57a5a34,0.0,Valid
IMG00634,P00634,evidence/images/IMG00634.jpg,31.166193986004544,81.6983422176511,2024-12-08,7f88e3bcef5fc7a4e02deab87977dfc2,0.0,Valid
IMG00635,P00635,evidence/images/IMG00635.jpg,33.16284173601905,80.25452468243235,2024-01-12,256dac619e6e13c6f65b6df82c620fc1,0.0,Valid
IMG00636,P00636,evidence/images/IMG00636.jpg,23.672301255445447,77.67102097910416,2025-04-25,fa3d11f73a05f19a191a6d4c6e9f93f7,0.0,Valid
IMG00637,P00637,evidence/images/IMG00637.jpg,27.254115512734614,90.263047293056,2024-01-11,22ffcda254ce79665fb1da9fff1390ec,0.0,Valid
IMG00638,P00638,evidence/images/IMG00638.jpg,21.358273022283885,78.47542421105453,2024-06-26,648a5d603e9b01630390fbcfd4325121,0.0,Valid
IMG00639,P00639,evidence/images/IMG00639.jpg,18.691238161948437,76.0766271771256,2024-11-19,3d94a66384dbeab02120bfad19be17b1,0.0,Valid
IMG00640,P00640,evidence/images/IMG00640.jpg,26.17392087974555,82.92813566280178,2024-03-03,7a0fbb92baa151e983f4a96beefe04e3,0.0,Valid
IMG00641,P00641,evidence/images/IMG00641.jpg,29.84345279814258,88.43936814521169,2025-11-18,2b23b48d707cf09d44091f4c7252de96,0.0,Valid
IMG00642,P00642,evidence/images/IMG00642.jpg,29.793319347834338,87.9268777085514,2025-10-15,50d4d8db8663581913517e9727219f54,0.0,Valid
IMG00643,P00643,evidence/images/IMG00643.jpg,9.807385673319772,78.05628801486199,2025-02-21,86f8219420bb78f3dbb646964f554808,0.0,Valid
IMG00644,P00644,evidence/images/IMG00644.jpg,29.00855778927209,90.4483249810528,2025-05-07,f8e2a6323b0cfb4553e69c0f1c8d2e26,0.0,Valid
IMG00645,P00645,evidence/images/IMG00645.jpg,33.9421387072078,78.97912795621937,2024-07-24,faa3781fbeffd11a7eaf30d22f8d294d,0.0,Valid
IMG00646,P00646,evidence/images/IMG00646.jpg,11.708010263557592,77.30808328619857,2024-09-25,72c02bbaa1957d3610fc1f026f61c5e3,0.0,Valid
IMG00647,P00647,evidence/images/IMG00647.jpg,27.906113590120192,87.12031753374505,2025-01-03,6e067ea1dc506567beee2b4e65106f21,0.0,Valid
IMG00648,P00648,evidence/images/IMG00648.jpg,13.181546752489032,75.9761008006233,2025-09-26,febc37b1eaeed307e95c3c491553ba5c,0.0,Valid
IMG00649,P00649,evidence/images/IMG00649.jpg,8.762563266737413,82.67426122923533,2025-05-10,6ca6b242c159d70e6ff9592146280f48,0.0,Valid
IMG00650,P00650,evidence/images/IMG00650.jpg,14.878405850036302,81.34104261506275,2025-07-16,8caa900f5cd389e0e8032c9e43b1ef43,0.0,Valid
IMG00651,P00651,evidence/images/IMG00651.jpg,15.18826842622014,83.66647712986358,2024-03-08,136a0244e58206f6b89b97f96478c4d6,0.0,Valid
IMG00652,P00652,evidence/images/IMG00652.jpg,8.345498708420937,92.14765651781867,2026-04-02,8c4ffc424554d8589f78cd8838a395d8,0.0,Valid
IMG00653,P00653,evidence/images/IMG00653.jpg,23.71704044026819,88.84226094524521,2025-04-17,1cd08769be9a63655167467d78953127,0.0,Valid
IMG00654,P00654,evidence/images/IMG00654.jpg,25.20957522461924,74.78054952718564,2025-09-10,4b1063a897f974add2a6746c1089e78c,0.0,Valid
IMG00655,P00655,evidence/images/IMG00655.jpg,28.37418809619409,79.91860970531276,2024-06-22,5b8c2e9310167f5ddfb3aa13ed27e2c0,0.0,Valid
IMG00656,P00656,evidence/images/IMG00656.jpg,30.880699483135885,76.59970245937673,2025-12-30,ced7e36c4008577dc888f33a144b1806,0.0,Valid
IMG00657,P00657,evidence/images/IMG00657.jpg,31.627472300774095,86.79238724102346,2025-04-09,cf34c89d73288b9370bbf78acf3bd3fd,0.0,Valid
IMG00658,P00658,evidence/images/IMG00658.jpg,31.753157564160094,79.78435361773768,2025-12-13,e7678486026cc67f513f96fed84d314e,0.0,Valid
IMG00659,P00659,evidence/images/IMG00659.jpg,27.286194009307348,86.92943686935341,2024-01-28,e766772cd0f5260e396bff4b428473d0,0.0,Valid
IMG00660,P00660,evidence/images/IMG00660.jpg,17.704305589017103,77.98840727742078,2024-05-02,c55a37746c3fee6ed1b2c5f7b14726db,0.0,Valid
IMG00661,P00661,evidence/images/IMG00661.jpg,25.220065946360855,90.1050777433582,2025-07-13,98d9baee30028bf6d43a139a55d598fc,0.95,Potentially Reused
IMG00662,P00662,evidence/images/IMG00662.jpg,18.584683848075997,84.93658038557209,2025-01-29,e1621d81aa44e1a03b32bba7d0871372,0.0,Valid
IMG00663,P00663,evidence/images/IMG00663.jpg,32.20024407216492,87.16802915935098,2026-01-18,e73d62caf2f9ede48b4fed3a292fcd78,0.0,Valid
IMG00664,P00664,evidence/images/IMG00664.jpg,18.23741772974082,90.55428207568646,2025-01-09,086add9834090dba806e866ac4820c4c,0.0,Valid
IMG00665,P00665,evidence/images/IMG00665.jpg,22.05017275101541,79.4283238536572,2024-05-02,6318163391e6fcbb67347638ea8f8359,0.0,Valid
IMG00666,P00666,evidence/images/IMG00666.jpg,26.47723976637134,75.49693762294065,2024-04-30,c06280ce0defc23d1fee0d5b92018b0c,0.0,Valid
IMG00667,P00667,evidence/images/IMG00667.jpg,28.41509184328595,90.79385557195567,2025-02-21,e5bfc960fd2ec4e7b7fbf6df3df36b97,0.0,Valid
IMG00668,P00668,evidence/images/IMG00668.jpg,19.185705955934736,79.64030876896689,2025-12-25,62993f147fa4508274af62ccd6061040,0.0,Valid
IMG00669,P00669,evidence/images/IMG00669.jpg,13.985246185604066,77.86405260666336,2026-03-24,6b123364bff2df1acdb027ccabcc10d6,0.0,Valid
IMG00670,P00670,evidence/images/IMG00670.jpg,22.0636836874149,77.74447436725005,2025-09-29,39c32ff85909ab3a5bde7302ea7dd184,0.0,Valid
IMG00671,P00671,evidence/images/IMG00671.jpg,27.221424618369543,74.58412787341433,2025-04-15,ff1380fc744ac554db18c99c349005a3,0.0,Valid
IMG00672,P00672,evidence/images/IMG00672.jpg,15.494968214420958,82.52883492830404,2025-12-21,7a62c5573ea408a6ef5b597194b23405,0.0,Valid
IMG00673,P00673,evidence/images/IMG00673.jpg,11.662505168998395,72.89132846445291,2026-05-03,11fbfc1991fbf5a4e48590d2d9ae9ccc,0.0,Valid
IMG00674,P00674,evidence/images/IMG00674.jpg,9.44787959593811,85.64697958552291,2024-11-10,0f80090ae6e877a18f43268eb5476c7f,0.0,Valid
IMG00675,P00675,evidence/images/IMG00675.jpg,22.092902925591236,87.1770454089554,2025-02-15,aec67c0b5229b1fe5b7dc9031997fec2,0.0,Valid
IMG00676,P00676,evidence/images/IMG00676.jpg,13.69002307467098,76.26784463943721,2025-07-19,556a67f4c2bab5409f60f64a39f09b53,0.0,Valid
IMG00677,P00677,evidence/images/IMG00677.jpg,15.28426726869102,81.10620954237804,2024-06-09,d1bbbea25d8328d38941a0f6af8930ae,0.0,Valid
IMG00678,P00678,evidence/images/IMG00678.jpg,28.353138327133195,91.27274321012668,2026-02-27,49e5af826c805801141fcd658bba4a9d,0.0,Valid
IMG00679,P00679,evidence/images/IMG00679.jpg,8.820502272370398,82.63051005957793,2025-10-19,8bc361bc11c1e1a3173710511948e373,0.0,Valid
IMG00680,P00680,evidence/images/IMG00680.jpg,23.762216681274904,83.49453712466352,2025-01-22,2f215a22f07cb224d3275550a762ba5a,0.0,Valid
IMG00681,P00681,evidence/images/IMG00681.jpg,17.276395150358084,81.84968543893392,2025-09-10,408c5d68d0c2c122a17596e08999452d,0.0,Valid
IMG00682,P00682,evidence/images/IMG00682.jpg,18.2950046732038,73.60174017975817,2024-07-24,c1dce1815ed71258ab168cfe6a18fb53,0.0,Valid
IMG00683,P00683,evidence/images/IMG00683.jpg,33.38407090239481,83.60559757534857,2025-03-17,88ba3d2480b5083c80119eceff9a1b9f,0.0,Valid
IMG00684,P00684,evidence/images/IMG00684.jpg,25.82337630987072,90.9067348827486,2024-02-26,613a40c37a1ff7fc78ee7f8bad6ecf97,0.0,Valid
IMG00685,P00685,evidence/images/IMG00685.jpg,31.003760003745363,73.4253718477102,2026-01-06,c77c01ca40942e53bd86dae03c925d0b,0.0,Valid
IMG00686,P00686,evidence/images/IMG00686.jpg,31.49034315218084,73.25544061371438,2026-04-20,2f25f38ab3968f5c5017393c3dfcb005,0.0,Valid
IMG00687,P00687,evidence/images/IMG00687.jpg,33.94043569375951,84.93612519424643,2024-08-17,b6b3672dc00a8259f344c093e71bf3a1,0.0,Valid
IMG00688,P00688,evidence/images/IMG00688.jpg,9.58338347942418,80.98389805598005,2026-02-18,50136dab7381fbe12ff95875f54f5e92,0.0,Valid
IMG00689,P00689,evidence/images/IMG00689.jpg,31.331308369943944,87.91337961583952,2025-03-21,5b2e05976378cfaaf5fd7729010f9c41,0.0,Valid
IMG00690,P00690,evidence/images/IMG00690.jpg,16.453048240241003,87.3894074833964,2024-12-28,3cbe7b825e77c6c6869fd205666366d3,0.0,Valid
IMG00691,P00691,evidence/images/IMG00691.jpg,26.310642520037582,90.26123715210412,2024-12-30,cc6c479edfdf05e7dfe24b71fd880893,0.0,Valid
IMG00692,P00692,evidence/images/IMG00692.jpg,16.640641850137488,86.6545925460389,2024-01-13,d28a22e3a09c64939b3c519eb9f6329c,0.0,Valid
IMG00693,P00693,evidence/images/IMG00693.jpg,9.24769536261457,76.94226529408255,2024-03-05,44573d23b6e7dafa9b43b0f7c3703b9e,0.0,Valid
IMG00694,P00694,evidence/images/IMG00694.jpg,11.95003786921769,81.62729080738454,2025-10-31,824d6d67115532b47d65e62b28719921,0.0,Valid
IMG00695,P00695,evidence/images/IMG00695.jpg,21.83792859920145,77.95425767878488,2025-07-01,060a4d28c50e991fa41611d828d16c2a,0.0,Valid
IMG00696,P00696,evidence/images/IMG00696.jpg,30.376555816169876,78.59630791338934,2026-04-16,897c343aa0f7ad1bd207863a4ff16c4f,0.0,Valid
IMG00697,P00697,evidence/images/IMG00697.jpg,29.620499252646077,74.90542511576992,2024-02-06,e6407387588b9e515309fdc974a97aca,0.0,Valid
IMG00698,P00698,evidence/images/IMG00698.jpg,17.824184038632694,85.88939587215731,2025-04-04,2934aa3f090a2ab503075555192af0a3,0.0,Valid
IMG00699,P00699,evidence/images/IMG00699.jpg,19.49496823153256,76.58318303186134,2025-01-07,b1c07739188aff7443d76ec3c064cd69,0.0,Valid
IMG00700,P00700,evidence/images/IMG00700.jpg,25.09733143253278,81.37560623774507,2024-12-15,baf8cd3ad2e4fae708f4552579302814,0.0,Valid
IMG00701,P00701,evidence/images/IMG00701.jpg,20.012328592129123,88.86158589261579,2025-12-10,3058c1bae676e873622755cdcb295f23,0.0,Valid
IMG00702,P00702,evidence/images/IMG00702.jpg,31.492709770014,89.50490793503502,2025-05-20,e8925f8442d06b213a5603defcfdb91c,0.0,Valid
IMG00703,P00703,evidence/images/IMG00703.jpg,15.455305554691115,85.26958672838813,2024-04-22,9dcaecf89707e600ba4d2bb607fcd654,0.0,Valid
IMG00704,P00704,evidence/images/IMG00704.jpg,25.84852976341376,81.16659894432092,2024-11-26,eef4c42d17f75cfd17c98d439d7879f5,0.0,Valid
IMG00705,P00705,evidence/images/IMG00705.jpg,33.10046747562423,86.42413308615772,2024-06-30,9db2514acd99bcf459abdccc2a86b8c1,0.0,Valid
IMG00706,P00706,evidence/images/IMG00706.jpg,14.475096533971074,90.04474731911675,2024-08-01,3be46760024a967a39595423ee1736d1,0.0,Valid
IMG00707,P00707,evidence/images/IMG00707.jpg,16.95717142299621,91.41257183035376,2024-06-24,6b854e9f494feabadf2e4981f3c38f03,0.0,Valid
IMG00708,P00708,evidence/images/IMG00708.jpg,33.29844778208168,81.72279782841944,2025-05-25,2134a5ee0763845ec00406873d9d0f93,0.0,Valid
IMG00709,P00709,evidence/images/IMG00709.jpg,12.99179382913034,91.8497015515201,2024-10-06,98ba40503b69bb42719f6ef644dd1cea,0.0,Valid
IMG00710,P00710,evidence/images/IMG00710.jpg,30.806659459659198,78.02277893399213,2025-08-22,28530335e28340b590c7f2dd0170de3f,0.0,Valid
IMG00711,P00711,evidence/images/IMG00711.jpg,29.86584020485724,84.20854397417845,2024-04-11,4fa3bb8b68311109f5066b571da22796,0.0,Valid
IMG00712,P00712,evidence/images/IMG00712.jpg,11.483246551745944,82.59915771171467,2025-11-14,14968caec6d47a92dba25ec402e57ac6,0.0,Valid
IMG00713,P00713,evidence/images/IMG00713.jpg,10.354343740973375,83.43053539742863,2024-01-25,4f445ab59f00930519c99e6ac293e172,0.0,Valid
IMG00714,P00714,evidence/images/IMG00714.jpg,9.742871199231512,79.82231062189429,2025-11-01,0c9e05d7d57e07afcad9fc3c58d695a0,0.0,Valid
IMG00715,P00715,evidence/images/IMG00715.jpg,25.121756938062838,84.26476998645916,2025-09-02,86817f8b6eefdf94f09ce779fa6088b1,0.0,Valid
IMG00716,P00716,evidence/images/IMG00716.jpg,24.16529616750172,89.11180205915045,2024-09-26,20a958c24abbfcac66d36dfb6f7af506,0.0,Valid
IMG00717,P00717,evidence/images/IMG00717.jpg,9.514691254995242,91.10937669262428,2026-04-27,bd27f8b11e14bf73565ccbeb7dda2d34,0.0,Valid
IMG00718,P00718,evidence/images/IMG00718.jpg,8.322589860031997,86.4184885069459,2024-12-11,027446a8a929e7ebb43ba5742d543059,0.0,Valid
IMG00719,P00719,evidence/images/IMG00719.jpg,24.269554495308142,76.02028604649526,2024-03-10,f6f3d185c5867a781cc543c41b39264b,0.0,Valid
IMG00720,P00720,evidence/images/IMG00720.jpg,25.106472073821184,84.85612809014133,2025-03-22,0fabcc350ce50fa49fc9570536f89719,0.0,Valid
IMG00721,P00721,evidence/images/IMG00721.jpg,14.893514221856814,86.3839221554755,2025-12-23,98d9baee30028bf6d43a139a55d598fc,0.95,Potentially Reused
IMG00722,P00722,evidence/images/IMG00722.jpg,21.743685379919132,72.97935343383328,2025-12-03,73408ffe61d713753f6c9f0beb0f58aa,0.0,Valid
IMG00723,P00723,evidence/images/IMG00723.jpg,33.299167466605354,87.9126812498871,2025-12-24,e631eac2ecd0b61a04fc876bd130f6fc,0.0,Valid
IMG00724,P00724,evidence/images/IMG00724.jpg,9.631993629158195,79.4143196339168,2026-03-26,f55b703d2a689ecd9c5853b8d4b15aed,0.0,Valid
IMG00725,P00725,evidence/images/IMG00725.jpg,26.321343627276875,83.50073458434903,2024-07-26,530df0810db6e74e61d3a41ac4722c42,0.0,Valid
IMG00726,P00726,evidence/images/IMG00726.jpg,27.90914907581745,86.75545083785605,2025-05-24,3da2dcc5d65649018884bea80b3f18a6,0.0,Valid
IMG00727,P00727,evidence/images/IMG00727.jpg,27.021849163606927,91.74989890851944,2024-06-24,8ce3bf3e0f5e262db2cf07a3a2e9962f,0.0,Valid
IMG00728,P00728,evidence/images/IMG00728.jpg,10.354323617988946,89.27478816542677,2024-11-16,a99639d74c197ecd6f11e835befdb328,0.0,Valid
IMG00729,P00729,evidence/images/IMG00729.jpg,26.058344585015018,80.48588786009996,2025-12-25,3c4ed4cbb496b3cd667e57bb7235a5a7,0.0,Valid
IMG00730,P00730,evidence/images/IMG00730.jpg,24.874958634126425,77.31417656785194,2025-08-30,dec1df39f049d8434e01edc0ed0bc3f5,0.0,Valid
IMG00731,P00731,evidence/images/IMG00731.jpg,21.967151391951944,77.19633806959688,2026-03-19,4b1c0a4c227cc9a9bb87d684e6daddc5,0.0,Valid
IMG00732,P00732,evidence/images/IMG00732.jpg,10.184234927039691,84.13334452040365,2025-03-01,215257d59ed6223cda735d13af8424a3,0.0,Valid
IMG00733,P00733,evidence/images/IMG00733.jpg,33.747770610903984,73.58314469296376,2026-03-19,941e7731112d4255e6456bfb55fa532d,0.0,Valid
IMG00734,P00734,evidence/images/IMG00734.jpg,26.238889678714205,73.21731690021313,2025-04-04,cc30fc62315bf8c65ca8d8af3535aeae,0.0,Valid
IMG00735,P00735,evidence/images/IMG00735.jpg,32.39283910730911,84.23092900599748,2025-06-04,257324b0f690ec3eb11281b3c3dcffca,0.0,Valid
IMG00736,P00736,evidence/images/IMG00736.jpg,19.01986873258439,86.53058448378285,2025-09-18,b1f1c51a636c291bc42db5302687a4c5,0.0,Valid
IMG00737,P00737,evidence/images/IMG00737.jpg,9.34012313436626,87.94188517147103,2025-07-16,70f7a13a053c072c8bcc2eaa5cd5a39a,0.0,Valid
IMG00738,P00738,evidence/images/IMG00738.jpg,29.520041303841005,74.53592208599206,2024-08-18,3be8704f4321a565c1765e70004c5b8e,0.0,Valid
IMG00739,P00739,evidence/images/IMG00739.jpg,17.0951727066114,80.4519854185866,2025-05-13,a7e32f0e7e0b79075ac12f06fb55adae,0.0,Valid
IMG00740,P00740,evidence/images/IMG00740.jpg,33.088679446827754,86.36217310477794,2024-07-17,11ca29a2fffe19351136ec43db91e043,0.0,Valid
IMG00741,P00741,evidence/images/IMG00741.jpg,27.68730722162969,82.7894368516809,2024-03-15,070ba40a8d4467abf6f82ecdffbde17a,0.0,Valid
IMG00742,P00742,evidence/images/IMG00742.jpg,11.140441145650016,91.00693255570926,2026-03-10,0294f60a2a7089cbe2884a8bf92e9a5b,0.0,Valid
IMG00743,P00743,evidence/images/IMG00743.jpg,23.50219436956415,78.64495759404969,2025-06-25,f0762b97f11030d0797c41acb4265321,0.0,Valid
IMG00744,P00744,evidence/images/IMG00744.jpg,14.317279376412213,73.94582997680774,2024-10-21,846836229f60a7469cae07075b7eb3d3,0.0,Valid
IMG00745,P00745,evidence/images/IMG00745.jpg,11.748896233423936,86.52231482531836,2024-12-28,1c65aeb56f546f02080d6f01d4f40d8f,0.0,Valid
IMG00746,P00746,evidence/images/IMG00746.jpg,32.075118645942744,82.99697637748295,2025-07-21,2b2383ff5bb8b14d3b47982f19e9335d,0.0,Valid
IMG00747,P00747,evidence/images/IMG00747.jpg,10.086285472236623,80.44713427016619,2024-03-01,80a86d13c41809e9e851041a3b5eb896,0.0,Valid
IMG00748,P00748,evidence/images/IMG00748.jpg,17.66118292031321,74.35314908471794,2024-05-07,01db257d48e74bbbe84586003eba0a1e,0.0,Valid
IMG00749,P00749,evidence/images/IMG00749.jpg,12.24970812364022,92.00063267554152,2025-07-30,58e497d855b8c2ba00cb91f7429ff216,0.0,Valid
IMG00750,P00750,evidence/images/IMG00750.jpg,18.348275003928144,82.68279020264058,2024-11-21,30b98d40833cacb9bfad2a7979b5b3b3,0.0,Valid
IMG00751,P00751,evidence/images/IMG00751.jpg,18.908568681696536,86.03818162500106,2024-12-16,5a1f0283084ae72395dbbed5038d67ff,0.0,Valid
IMG00752,P00752,evidence/images/IMG00752.jpg,26.047202468083515,85.91341167131816,2024-10-29,753c69ac354189a57c4ced64ec631fb1,0.0,Valid
IMG00753,P00753,evidence/images/IMG00753.jpg,30.65470775896805,78.75541728216358,2026-02-09,04347056ed1f84c402a49c2e78ab51f1,0.0,Valid
IMG00754,P00754,evidence/images/IMG00754.jpg,28.875028982917524,82.1179117136801,2025-04-17,3af32792ebe569057b8d66ac9173a736,0.0,Valid
IMG00755,P00755,evidence/images/IMG00755.jpg,27.124856964620715,75.9413206180734,2024-03-19,8425a44d445cf455b7924eebd361fdab,0.0,Valid
IMG00756,P00756,evidence/images/IMG00756.jpg,31.52113982351397,90.17631920811536,2024-11-07,6b992297d2b8de65999e4a6a15894ad9,0.0,Valid
IMG00757,P00757,evidence/images/IMG00757.jpg,31.446022632604272,82.29541539407143,2025-04-01,aa2227fcc29c51951f189456d236f39d,0.0,Valid
IMG00758,P00758,evidence/images/IMG00758.jpg,13.51381025338619,80.72433529011273,2026-04-24,10810dde38412a4874ff75990fbd41df,0.0,Valid
IMG00759,P00759,evidence/images/IMG00759.jpg,16.265992138225172,76.10345754846509,2025-09-16,033b351712f19d59bb86684d343802b7,0.0,Valid
IMG00760,P00760,evidence/images/IMG00760.jpg,9.770254646707093,83.39359525210922,2025-05-20,e4dc96ea83adb5305d9f7a2bc95a0fbc,0.0,Valid
IMG00761,P00761,evidence/images/IMG00761.jpg,29.493007790947797,76.44157840597876,2026-04-25,9e9ab4954fff5142c2329c86458c13a6,0.0,Valid
IMG00762,P00762,evidence/images/IMG00762.jpg,32.5331231307011,89.66508224046349,2025-08-11,f52102e48285bd22ae6fa36ce3a0b874,0.0,Valid
IMG00763,P00763,evidence/images/IMG00763.jpg,14.236992122480755,91.78898149826138,2024-09-05,219ec52dc8b9b5480bc13fc2beb3dd9f,0.0,Valid
IMG00764,P00764,evidence/images/IMG00764.jpg,32.38833707616348,76.1089879338385,2024-02-01,9a12df4db195e2c6332a4397deb3f8a8,0.0,Valid
IMG00765,P00765,evidence/images/IMG00765.jpg,10.546118383786046,75.72837312905139,2024-10-10,734dce304486adcb02f235544868f141,0.0,Valid
IMG00766,P00766,evidence/images/IMG00766.jpg,19.9336160984186,77.20823933610795,2024-03-18,20c836fc5df3bc2544542cfac5fd8f73,0.0,Valid
IMG00767,P00767,evidence/images/IMG00767.jpg,8.859441979194077,78.30378257112221,2024-12-07,200e7e7ab92fbbcd64d286094f6560a7,0.0,Valid
IMG00768,P00768,evidence/images/IMG00768.jpg,28.16016418415059,89.29588509228914,2025-01-26,75b6c7a1c7e2e3324647e7cd5c56a25a,0.0,Valid
IMG00769,P00769,evidence/images/IMG00769.jpg,21.79009702075668,75.8585738911404,2025-11-20,d5a8af1604afa82a668d8314bbc81fae,0.0,Valid
IMG00770,P00770,evidence/images/IMG00770.jpg,22.88829625701444,77.45712317058369,2024-01-16,ba4a5ef5d8d5817ff295b9d8de69e2d0,0.0,Valid
IMG00771,P00771,evidence/images/IMG00771.jpg,12.4005251203552,83.5996149449111,2024-09-11,f8359f0da4c99927697115e76f2daa61,0.0,Valid
IMG00772,P00772,evidence/images/IMG00772.jpg,27.519344488613083,77.94136131025026,2024-11-16,5f3ab67651a25bafba2c3a8d2adc614d,0.0,Valid
IMG00773,P00773,evidence/images/IMG00773.jpg,14.832407239619002,76.31615306138926,2024-06-26,c286d506c585928705caeabf3a6e018b,0.0,Valid
IMG00774,P00774,evidence/images/IMG00774.jpg,23.900925993374575,85.56304836279256,2026-04-18,0796454411ae2023923f64fb4e0e387c,0.0,Valid
IMG00775,P00775,evidence/images/IMG00775.jpg,14.490868679913628,89.86851694651412,2025-11-14,f592659f1967fab727661e30fb6e6cfd,0.0,Valid
IMG00776,P00776,evidence/images/IMG00776.jpg,28.90469425480501,80.6240912279623,2024-11-18,5049ee99fe95d5e13d96c509361b0e89,0.0,Valid
IMG00777,P00777,evidence/images/IMG00777.jpg,8.248371075129924,89.49874282244022,2024-01-30,bc4b8d5596758d94557e813a7fea06e4,0.0,Valid
IMG00778,P00778,evidence/images/IMG00778.jpg,10.18628453135163,88.00199908327787,2025-01-17,f0e636fe227d8d535be3a55c2bd4e6b4,0.0,Valid
IMG00779,P00779,evidence/images/IMG00779.jpg,19.008501467766912,77.10278943822097,2025-01-07,616a5f67f0d72275bd16eb726ffa744a,0.0,Valid
IMG00780,P00780,evidence/images/IMG00780.jpg,22.9347954283017,86.28278139536191,2024-05-28,1107923f82cf891e3e35146aef41e02f,0.0,Valid
IMG00781,P00781,evidence/images/IMG00781.jpg,31.564095630313403,80.8405585394843,2026-03-16,98d9baee30028bf6d43a139a55d598fc,0.95,Potentially Reused
IMG00782,P00782,evidence/images/IMG00782.jpg,22.05659577620346,72.98638946911906,2025-03-25,1fc68775f379c56a9e066b1d9b1f8b57,0.0,Valid
IMG00783,P00783,evidence/images/IMG00783.jpg,24.837480024793187,79.08197675490605,2024-02-28,8216eb8d6beedb6f0b841dde9659200f,0.0,Valid
IMG00784,P00784,evidence/images/IMG00784.jpg,15.231915725911906,78.21670717022207,2024-04-21,822a2ba8c3674e03654fcb1362ff50d9,0.0,Valid
IMG00785,P00785,evidence/images/IMG00785.jpg,17.219626131088802,92.21278369035656,2024-03-15,fc9fd25d4af4c66a7fcb7c2d186f297d,0.0,Valid
IMG00786,P00786,evidence/images/IMG00786.jpg,28.243418410035936,89.83722880522447,2025-09-21,e611230fa27068f6b9c9dfb39948b644,0.0,Valid
IMG00787,P00787,evidence/images/IMG00787.jpg,9.11144807346505,88.39394075709383,2025-11-04,271ae38f91f9d679b8ffa302e74bad4c,0.0,Valid
IMG00788,P00788,evidence/images/IMG00788.jpg,20.530616806076655,81.01658883582641,2024-11-10,55a63ae16ef3b0e425003c9370a5a9c5,0.0,Valid
IMG00789,P00789,evidence/images/IMG00789.jpg,8.890095122931603,76.56165766765342,2024-02-10,caf12a42dc38fe9a4730f1b0e0ac7b90,0.0,Valid
IMG00790,P00790,evidence/images/IMG00790.jpg,33.74821196546695,79.81245078308801,2024-02-13,c04913d757c29cd920e7287297a9d1ab,0.0,Valid
IMG00791,P00791,evidence/images/IMG00791.jpg,16.84716023268016,88.2422251095891,2024-07-18,30dd543978bf0d5fe1393ecd6afcd20c,0.0,Valid
IMG00792,P00792,evidence/images/IMG00792.jpg,28.29158781764149,83.49850967612377,2025-07-25,4004746c549a84e8a143a7be22f9e847,0.0,Valid
IMG00793,P00793,evidence/images/IMG00793.jpg,17.283591144799978,81.84267323800402,2025-11-11,0cb9469a17482854af21dec37f1c444a,0.0,Valid
IMG00794,P00794,evidence/images/IMG00794.jpg,10.854896734969806,91.87631429618244,2025-07-29,61484a98dd6fa1b6b9caa4eef1b8376e,0.0,Valid
IMG00795,P00795,evidence/images/IMG00795.jpg,12.253229090652097,91.67388208781068,2025-08-07,b317b6c8875ac8f75c9e850db645f91e,0.0,Valid
IMG00796,P00796,evidence/images/IMG00796.jpg,16.734594062189707,87.43793712845056,2024-07-25,acc2503f3843d40dcfd5fccf68a1e772,0.0,Valid
IMG00797,P00797,evidence/images/IMG00797.jpg,13.682386614728117,88.18219926459678,2025-02-19,d5165dbf9b8ceea115b1b812cbd82bb8,0.0,Valid
IMG00798,P00798,evidence/images/IMG00798.jpg,32.68018119853683,78.9021268639681,2025-11-11,a518ccfeae601b239eb818dfc981b943,0.0,Valid
IMG00799,P00799,evidence/images/IMG00799.jpg,30.796809273009472,86.98252456284794,2025-10-31,1e143f1506e4d4c992f8dad132c5a28b,0.0,Valid
IMG00800,P00800,evidence/images/IMG00800.jpg,24.921413569624058,87.17772039253227,2026-03-28,a03cfd33ac79b3c8c61fe3a22f62b502,0.0,Valid
IMG00801,P00801,evidence/images/IMG00801.jpg,23.460115399615525,88.48696069750004,2024-06-11,b080e55ed7cd4da9afdb7b3357989bfe,0.0,Valid
IMG00802,P00802,evidence/images/IMG00802.jpg,14.732963592065182,76.79628203184113,2024-05-17,b3f83a8060b024e8f374a268cd807a06,0.0,Valid
IMG00803,P00803,evidence/images/IMG00803.jpg,24.92749877530886,83.5791885458694,2026-01-05,ae2fa3b6930dba016cce182c5c39d24e,0.0,Valid
IMG00804,P00804,evidence/images/IMG00804.jpg,26.825127869232038,91.25939776252268,2025-10-29,8f866d927dd3c47d653d2a8520be3eb9,0.0,Valid
IMG00805,P00805,evidence/images/IMG00805.jpg,26.424807299136926,87.58934038573355,2025-03-10,73f5581b41311987150f38933af06090,0.0,Valid
IMG00806,P00806,evidence/images/IMG00806.jpg,28.42445526224263,79.52065852913046,2024-04-21,95c6253b9f2eab9001ef0356dd8ef92e,0.0,Valid
IMG00807,P00807,evidence/images/IMG00807.jpg,18.6646476892033,81.23982575617549,2024-12-21,0220a8722c7980046901d39d6507eca3,0.0,Valid
IMG00808,P00808,evidence/images/IMG00808.jpg,19.559769622187144,82.0020104494048,2024-07-15,f1cea686eadaf655a1f82988d6cea807,0.0,Valid
IMG00809,P00809,evidence/images/IMG00809.jpg,32.9292884680225,77.01309099794155,2024-11-28,eea81f09636e95cb8ad7d5dbaddeafe0,0.0,Valid
IMG00810,P00810,evidence/images/IMG00810.jpg,9.57492960415627,87.02110904914103,2026-03-14,7f59af7e2e8c220633504301f183afdb,0.0,Valid
IMG00811,P00811,evidence/images/IMG00811.jpg,24.9840624668826,72.7482977520243,2024-09-17,9c3a796dda6e1aea954573fb59f41833,0.0,Valid
IMG00812,P00812,evidence/images/IMG00812.jpg,31.75353745692834,83.2800634777232,2024-11-24,ae3120db6c7cfa6a194d076b9f309f84,0.0,Valid
IMG00813,P00813,evidence/images/IMG00813.jpg,24.327839663286543,83.2433576263543,2025-12-14,ccbfb8386c049246698cd9843db29b8e,0.0,Valid
IMG00814,P00814,evidence/images/IMG00814.jpg,30.95687842879556,76.27435466118656,2025-12-13,973923b67b0633e21334e68976a73186,0.0,Valid
IMG00815,P00815,evidence/images/IMG00815.jpg,14.548270096560096,82.38148867113966,2025-01-08,40605db10f2c6d44f8d599ec31569e4e,0.0,Valid
IMG00816,P00816,evidence/images/IMG00816.jpg,31.15505948665513,78.62475599191279,2025-09-01,f5c99cdcb6add5b82e4ab7b3715e7385,0.0,Valid
IMG00817,P00817,evidence/images/IMG00817.jpg,20.7259371608474,87.01203233235283,2025-07-17,21135bee1acd0e3d58515024b4917771,0.0,Valid
IMG00818,P00818,evidence/images/IMG00818.jpg,20.130794945899225,78.41928782216915,2025-12-13,8382a09463ebd67a3b64c4f2aa6891d7,0.0,Valid
IMG00819,P00819,evidence/images/IMG00819.jpg,9.890612951131844,77.94321299888321,2024-11-12,da3ecdd4bc776530eb70387d587ec02b,0.0,Valid
IMG00820,P00820,evidence/images/IMG00820.jpg,24.62282238734688,92.39947006693929,2024-12-10,ae68101d058fcde90a6fa0a2b601e887,0.0,Valid
IMG00821,P00821,evidence/images/IMG00821.jpg,23.581280187078967,86.07609804173435,2026-01-08,606e127edd71bf3402c47c0b8394ec10,0.0,Valid
IMG00822,P00822,evidence/images/IMG00822.jpg,8.98703097861849,79.34483741881401,2024-10-10,d0aba19fdfe3a7f9d02db7d952a78201,0.0,Valid
IMG00823,P00823,evidence/images/IMG00823.jpg,19.15204557983053,85.81082629037927,2024-04-19,214022fd65c3eae3067bc984e9f81954,0.0,Valid
IMG00824,P00824,evidence/images/IMG00824.jpg,16.30619116624162,82.99986958594364,2024-07-18,40b5307d78eae65b1d1ec5de296d10b0,0.0,Valid
IMG00825,P00825,evidence/images/IMG00825.jpg,24.01038640626483,76.28787632180008,2025-09-22,8a4e2e6d9dcbf2c1e3eb326ee0641ed0,0.0,Valid
IMG00826,P00826,evidence/images/IMG00826.jpg,30.701926976331965,79.60505097738408,2025-12-29,dce78a571325213d1fb601a3fd94c253,0.0,Valid
IMG00827,P00827,evidence/images/IMG00827.jpg,23.352525209852068,73.21207556996526,2024-08-16,60071b2ee484c820dfb58a051e32134e,0.0,Valid
IMG00828,P00828,evidence/images/IMG00828.jpg,9.485963436091168,86.91837574828519,2025-06-25,4948760ba85047f7ea8c592efdfaf12f,0.0,Valid
IMG00829,P00829,evidence/images/IMG00829.jpg,31.792194815321952,81.8388416395386,2024-11-18,56e9bed3b2c8d78da1c03d83028132c7,0.0,Valid
IMG00830,P00830,evidence/images/IMG00830.jpg,23.994564947665893,75.16722187579875,2024-12-22,7a8d60c2827849f80ccd2b33ee85df64,0.0,Valid
IMG00831,P00831,evidence/images/IMG00831.jpg,20.980547883961364,88.01329549230128,2024-06-04,1341825b35f23d3821729f20630acbae,0.0,Valid
IMG00832,P00832,evidence/images/IMG00832.jpg,27.65889748952288,85.7500151248255,2024-04-04,df552b7c381ea2d10c7cbf7e2a44d440,0.0,Valid
IMG00833,P00833,evidence/images/IMG00833.jpg,21.07492605798562,75.9180198098273,2025-03-28,12ea8ab00c336e95a0d05d7150172701,0.0,Valid
IMG00834,P00834,evidence/images/IMG00834.jpg,32.59324405413501,80.24003217191,2024-11-05,4f1f4d43f51478d276b6010c305fbf5c,0.0,Valid
IMG00835,P00835,evidence/images/IMG00835.jpg,16.65758682945033,79.30566826795237,2024-01-16,1a3f9ee39a209aa6f078d664d8eb3127,0.0,Valid
IMG00836,P00836,evidence/images/IMG00836.jpg,23.60667864214385,90.70490604461727,2025-12-12,f5ab5b93e26af562ee01ed84516b4bf6,0.0,Valid
IMG00837,P00837,evidence/images/IMG00837.jpg,17.84929050948672,84.45736288920388,2024-11-12,4909c5495f009da7cfb5d37de41b83a2,0.0,Valid
IMG00838,P00838,evidence/images/IMG00838.jpg,13.60074544754334,83.37748583263944,2025-06-24,c28051175b63f17cd3421d42d8ef296d,0.0,Valid
IMG00839,P00839,evidence/images/IMG00839.jpg,20.31924612786941,89.58723951655793,2025-01-10,ea27ddf7b833d1eb952eb5aa498533bc,0.0,Valid
IMG00840,P00840,evidence/images/IMG00840.jpg,9.397211869392368,78.90749020641654,2024-03-05,ebcd905e4a5077e3fec56959889e48c0,0.0,Valid
IMG00841,P00841,evidence/images/IMG00841.jpg,18.636252198502284,74.27470790911993,2026-05-03,98d9baee30028bf6d43a139a55d598fc,0.95,Potentially Reused
IMG00842,P00842,evidence/images/IMG00842.jpg,10.646433433641782,88.30353775513312,2025-08-30,0715e448b5dde7996dc0da985ae4e1ad,0.0,Valid
IMG00843,P00843,evidence/images/IMG00843.jpg,14.052044709915904,83.79221880549724,2025-05-09,68b8e232822d50d91a5c04ec2a618639,0.0,Valid
IMG00844,P00844,evidence/images/IMG00844.jpg,15.487445544007766,75.38570701978207,2024-06-04,30808a0c2fb8bfff90c84e40ef5306bd,0.0,Valid
IMG00845,P00845,evidence/images/IMG00845.jpg,17.9637347627057,84.83445533529647,2025-04-05,61761942c57bc9cda6ca13cbf8680938,0.0,Valid
IMG00846,P00846,evidence/images/IMG00846.jpg,13.365981021077568,85.17904235035088,2025-01-02,24b1b3ac42d5847c61d606734e5323e5,0.0,Valid
IMG00847,P00847,evidence/images/IMG00847.jpg,25.90049324487375,78.84964710980519,2025-12-19,e1c8d8b66fc482f6698c3f7aebcff982,0.0,Valid
IMG00848,P00848,evidence/images/IMG00848.jpg,14.974246981671868,86.60270850659319,2025-06-08,c8844e6ba87cb99ad2a0fd3e2d363a71,0.0,Valid
IMG00849,P00849,evidence/images/IMG00849.jpg,33.96784818897469,76.15861039786529,2025-10-27,e814f9efd85c86ca9d024d693f88075d,0.0,Valid
IMG00850,P00850,evidence/images/IMG00850.jpg,29.298156245582675,77.4464962182638,2025-02-08,789392645d64eb42d2321b8c0a8b7ff7,0.0,Valid
IMG00851,P00851,evidence/images/IMG00851.jpg,28.433452705827044,85.92545141017105,2025-12-29,2b3b1bb78531fc035e5865f8dd2a92ce,0.0,Valid
IMG00852,P00852,evidence/images/IMG00852.jpg,24.866763120911507,79.47651883427537,2025-04-01,c8e5568ea6cd3e08601a3fcdd130a6bd,0.0,Valid
IMG00853,P00853,evidence/images/IMG00853.jpg,9.622163439191588,73.37885753425881,2026-04-07,0ae6fe538ecf30294b1e5536a631d6f4,0.0,Valid
IMG00854,P00854,evidence/images/IMG00854.jpg,13.518762542175356,84.29882526059554,2025-06-07,540162d414a2aa250467cbad7c9d35eb,0.0,Valid
IMG00855,P00855,evidence/images/IMG00855.jpg,26.40231953219359,78.61630655686798,2025-04-27,2876853d86da2aa5b4fa904c2da7bda3,0.0,Valid
IMG00856,P00856,evidence/images/IMG00856.jpg,25.418160964313213,83.24605682401014,2025-04-16,71752ffc5a661c7613447e50bb24077b,0.0,Valid
IMG00857,P00857,evidence/images/IMG00857.jpg,33.372488320965864,77.36508264503674,2024-06-11,7eda6983c642a703423113ef4a63932d,0.0,Valid
IMG00858,P00858,evidence/images/IMG00858.jpg,12.871609952686695,86.0533884616325,2025-04-27,e8629c2cddd8874aadfe505df365e03c,0.0,Valid
IMG00859,P00859,evidence/images/IMG00859.jpg,24.791741844772837,82.81792377895528,2025-09-13,50b807226f039da219de82a4f763af8a,0.0,Valid
IMG00860,P00860,evidence/images/IMG00860.jpg,10.986222357945774,92.04365701298292,2024-12-13,b39df2587de1179ab4f4412a2f907dc3,0.0,Valid
IMG00861,P00861,evidence/images/IMG00861.jpg,26.85496340452749,74.15021460594693,2025-07-05,5b4c98de7d6d65b98bde6a15e1b6b161,0.0,Valid
IMG00862,P00862,evidence/images/IMG00862.jpg,11.747156432207674,90.84329075549232,2024-08-10,148dce055dc2dc85740995a25e4b2b7a,0.0,Valid
IMG00863,P00863,evidence/images/IMG00863.jpg,22.170296595500837,85.35296975728458,2025-03-20,592d9b1b51b544c1e589d5604e3d20ed,0.0,Valid
IMG00864,P00864,evidence/images/IMG00864.jpg,32.81155911644909,81.45583004264408,2026-02-28,9796b0435dabd7fb82bcb4f6eebad38d,0.0,Valid
IMG00865,P00865,evidence/images/IMG00865.jpg,24.4326419527312,74.74115421287316,2024-08-31,0ab84159ae73b98995b76036297b1672,0.0,Valid
IMG00866,P00866,evidence/images/IMG00866.jpg,24.33424002321448,85.6338412385098,2024-11-14,f9baa23769ae3765354ffb1fff0e6401,0.0,Valid
IMG00867,P00867,evidence/images/IMG00867.jpg,9.546558823904912,83.69064317191129,2025-11-30,4ccdd38fb10a899d4840cf6beabb1b99,0.0,Valid
IMG00868,P00868,evidence/images/IMG00868.jpg,30.23644455074402,79.15677781385654,2024-04-21,9429da344ca1a3fc5b8b0f15f7953a79,0.0,Valid
IMG00869,P00869,evidence/images/IMG00869.jpg,17.124668209330068,87.09704857327955,2024-05-06,777b53f1ad1353a562952e8f0ef17ccf,0.0,Valid
IMG00870,P00870,evidence/images/IMG00870.jpg,33.519395283542,79.95484151597577,2024-06-24,d1e3ae05d8f1b1a5e6d6cd4c2679b6bb,0.0,Valid
IMG00871,P00871,evidence/images/IMG00871.jpg,26.891373293284108,76.02537697210069,2025-07-02,77330bb10b0cd1d8f58aae942cf992a1,0.0,Valid
IMG00872,P00872,evidence/images/IMG00872.jpg,28.556838135499063,91.8801534531246,2025-10-03,4e1b49dbe70a172eec080d19150dad90,0.0,Valid
IMG00873,P00873,evidence/images/IMG00873.jpg,11.967615916742597,90.41651469171464,2025-07-12,dde9effc324f27fe5bde3073004c9e29,0.0,Valid
IMG00874,P00874,evidence/images/IMG00874.jpg,12.406652189876294,86.03373536695543,2025-03-09,e29f39d42d8c2181389159b6a2749dff,0.0,Valid
IMG00875,P00875,evidence/images/IMG00875.jpg,29.736496417716133,74.20582090422245,2025-01-06,ffc254816708707abc2a2e319c71f2aa,0.0,Valid
IMG00876,P00876,evidence/images/IMG00876.jpg,18.573603483356933,74.86349162045212,2026-05-06,86ea5717d4c55cd09fe1579e5965ad26,0.0,Valid
IMG00877,P00877,evidence/images/IMG00877.jpg,8.341600620272432,89.66645251943713,2024-12-19,7686a33d241bc4889d98e4013e728d36,0.0,Valid
IMG00878,P00878,evidence/images/IMG00878.jpg,20.19561927926009,81.11019093037291,2024-05-19,aed74c6b6dd78a9ec9c8dec7595a2c03,0.0,Valid
IMG00879,P00879,evidence/images/IMG00879.jpg,32.042884502831875,88.33706063391969,2024-03-06,d9a2a3fa5caaaa4689db8d5b72734f10,0.0,Valid
IMG00880,P00880,evidence/images/IMG00880.jpg,30.03185790289259,72.85740374916223,2024-12-19,1c562b03e1d07deb5ebfdfa70840afcd,0.0,Valid
IMG00881,P00881,evidence/images/IMG00881.jpg,32.44889937804108,78.60911152002352,2025-02-23,f53275a205b461ea72425e596ca07e1c,0.0,Valid
IMG00882,P00882,evidence/images/IMG00882.jpg,21.368971440908588,80.29821131534179,2024-06-08,e021b62de21ec0e4175adc687b270f30,0.0,Valid
IMG00883,P00883,evidence/images/IMG00883.jpg,31.206951399802342,79.0543581542576,2025-11-23,b6452e24e0d73bc3ab3151d07c4cd2ce,0.0,Valid
IMG00884,P00884,evidence/images/IMG00884.jpg,27.206077470475805,78.48048145743836,2025-01-17,b8361ecb7228535753366db1aafd0be1,0.0,Valid
IMG00885,P00885,evidence/images/IMG00885.jpg,22.25076627275517,88.09796064138668,2024-08-10,b76437a82425b68dff7080c696cfd907,0.0,Valid
IMG00886,P00886,evidence/images/IMG00886.jpg,21.53673893232496,85.3412114829338,2025-07-22,167eb25d426b0be402c768db06c886fd,0.0,Valid
IMG00887,P00887,evidence/images/IMG00887.jpg,23.89177959171937,73.04946751532023,2024-07-12,1f512a004dfd67bed7b0c917e8cb8548,0.0,Valid
IMG00888,P00888,evidence/images/IMG00888.jpg,26.009434717137903,73.82167434213645,2024-12-19,2effdeb8cf192db11def7c6761aeb915,0.0,Valid
IMG00889,P00889,evidence/images/IMG00889.jpg,8.337332936642841,80.61117662498803,2024-10-01,56be822b2f2c4ac39841ab3a65519f91,0.0,Valid
IMG00890,P00890,evidence/images/IMG00890.jpg,28.68918656734637,77.14452750245476,2026-02-24,91ffa6bcfba403bf59c270f3a236e039,0.0,Valid
IMG00891,P00891,evidence/images/IMG00891.jpg,13.67305656591392,76.35477697732799,2026-01-02,52d7e58db8cad40b4a51d05fc56b8a4a,0.0,Valid
IMG00892,P00892,evidence/images/IMG00892.jpg,17.49809412441067,75.83431856234046,2025-04-25,5e94c45b10566236d1099ad082080947,0.0,Valid
IMG00893,P00893,evidence/images/IMG00893.jpg,32.08714823194934,73.84894556925161,2025-07-24,101a662e88e3932be3813dd26d3a5277,0.0,Valid
IMG00894,P00894,evidence/images/IMG00894.jpg,17.428090681127177,89.10237708687202,2025-11-09,c5cacbc2208df2728ed62c9b96dc1553,0.0,Valid
IMG00895,P00895,evidence/images/IMG00895.jpg,27.506602617312016,88.02047074418758,2024-11-06,7c39636d936b9ef9c1703430552c23da,0.0,Valid
IMG00896,P00896,evidence/images/IMG00896.jpg,28.754695228580715,86.4200486214445,2025-05-13,be32cb61a95d426cbd8f2a48cd0924df,0.0,Valid
IMG00897,P00897,evidence/images/IMG00897.jpg,16.426777783144992,89.7080107832739,2024-06-30,af1d88d3b9e66a4bc9dc2df47a783ba5,0.0,Valid
IMG00898,P00898,evidence/images/IMG00898.jpg,31.19521032131667,76.75259725734175,2026-02-05,7701c1c67e1eded62daa04d77d2a18ed,0.0,Valid
IMG00899,P00899,evidence/images/IMG00899.jpg,10.14014895962467,86.17889154134627,2024-02-14,0f54b88bfea19b4f8b8dc828bc0dd530,0.0,Valid
IMG00900,P00900,evidence/images/IMG00900.jpg,14.116951865274416,88.2700189917476,2026-01-26,2ed38ffd5e5fc8bffead7740b504ece6,0.0,Valid
IMG00901,P00901,evidence/images/IMG00901.jpg,29.209697379643323,82.3321311586063,2024-02-10,98d9baee30028bf6d43a139a55d598fc,0.95,Potentially Reused
IMG00902,P00902,evidence/images/IMG00902.jpg,33.393405124292954,73.00674442720494,2025-10-04,5a2ebc28e99c0e0eb090c2335d9819f4,0.0,Valid
IMG00903,P00903,evidence/images/IMG00903.jpg,24.774317675711025,74.8922531920942,2025-06-21,4f514e21e644ddf5a1cd3f9867b0653a,0.0,Valid
IMG00904,P00904,evidence/images/IMG00904.jpg,20.133182450584727,75.81876527414424,2024-04-09,f465d91fa60a7b27962d6bab309b59e7,0.0,Valid
IMG00905,P00905,evidence/images/IMG00905.jpg,16.181161339663788,75.97386996951946,2024-10-21,c4e99311690cac4d7d1ed56390040b9b,0.0,Valid
IMG00906,P00906,evidence/images/IMG00906.jpg,33.467129874137186,76.28521314392337,2025-09-14,f9485d8c35301e40c00241df0e709894,0.0,Valid
IMG00907,P00907,evidence/images/IMG00907.jpg,15.048327818303036,87.05654446214606,2025-03-18,f57b7532dcf5bec17e2d5e1c2401c872,0.0,Valid
IMG00908,P00908,evidence/images/IMG00908.jpg,24.9817809932846,84.12185766179627,2024-10-02,d0b154fd9afce0a66d59665bac77fe9d,0.0,Valid
IMG00909,P00909,evidence/images/IMG00909.jpg,8.585373161088397,82.58949613851978,2024-04-13,67b5edf9ff9ef3d9e28073a9525fe257,0.0,Valid
IMG00910,P00910,evidence/images/IMG00910.jpg,8.800610622242127,86.36794402867382,2024-10-19,6d347ef62b24bcc8906ef5f491ab82bf,0.0,Valid
IMG00911,P00911,evidence/images/IMG00911.jpg,29.170685906466257,74.09254306577876,2024-06-06,b56133aca3a412559fa84a28061db84c,0.0,Valid
IMG00912,P00912,evidence/images/IMG00912.jpg,28.84413624049297,76.05010586442957,2024-12-12,af747929e7613c0a433b5ef8749479e6,0.0,Valid
IMG00913,P00913,evidence/images/IMG00913.jpg,25.119963487086203,88.722981374753,2024-06-07,53c123e905ec86f40702da142de946fc,0.0,Valid
IMG00914,P00914,evidence/images/IMG00914.jpg,25.23873741669322,73.4168553064303,2024-05-28,ce86e459946be945b26080a4568a8558,0.0,Valid
IMG00915,P00915,evidence/images/IMG00915.jpg,16.633541195847755,91.45596724627852,2024-07-26,c49553127796955e86e7ffc291a97d43,0.0,Valid
IMG00916,P00916,evidence/images/IMG00916.jpg,22.20001796371647,81.61882664484929,2024-11-23,b772a0dfb6503242be6ee8d2ff815274,0.0,Valid
IMG00917,P00917,evidence/images/IMG00917.jpg,11.394532591065945,80.28634767271983,2024-07-19,ed188c1e7a264f65358f1fe8f04d420f,0.0,Valid
IMG00918,P00918,evidence/images/IMG00918.jpg,9.394415168799478,72.85572085994266,2025-02-25,a61de3dea4cf7a2fe53ea29b2f90236c,0.0,Valid
IMG00919,P00919,evidence/images/IMG00919.jpg,20.48339183618989,90.471459081615,2024-05-07,e7b31e98b41e707614ff25168c3174a9,0.0,Valid
IMG00920,P00920,evidence/images/IMG00920.jpg,22.66670127535592,80.12674290817779,2024-11-04,c3b3ef93d5e16d39a8c6fd6f3b67cb81,0.0,Valid
IMG00921,P00921,evidence/images/IMG00921.jpg,31.09455728564729,76.45086611348944,2026-03-31,c862c93c5b47c7a41cbde15ac8ade421,0.0,Valid
IMG00922,P00922,evidence/images/IMG00922.jpg,9.24227404647501,75.60373575522185,2024-03-26,f3c2596f711f301c09e359d88f361448,0.0,Valid
IMG00923,P00923,evidence/images/IMG00923.jpg,8.21159777271579,90.93487311201936,2024-11-01,26f9ae5a2ae4212f7bb66d6686d0c44b,0.0,Valid
IMG00924,P00924,evidence/images/IMG00924.jpg,22.86540940322032,82.82846329528105,2025-06-28,b82b44f6db4bfbd40ad79f68f7a89afd,0.0,Valid
IMG00925,P00925,evidence/images/IMG00925.jpg,26.0928153086858,72.7002607374129,2024-11-10,9a4c43cded63982892add61d0c5d7db1,0.0,Valid
IMG00926,P00926,evidence/images/IMG00926.jpg,10.109708451311665,73.95277671959357,2025-11-23,8ebdbf1e4f213aa443044d36b37e3e3d,0.0,Valid
IMG00927,P00927,evidence/images/IMG00927.jpg,17.4744168901099,80.64129706664252,2025-10-20,a4436473d3a76fa63def999e0d34b0eb,0.0,Valid
IMG00928,P00928,evidence/images/IMG00928.jpg,13.370515001493608,74.82229289230152,2024-07-29,fe969dcc12ca63ec2736b7a75ca207db,0.0,Valid
IMG00929,P00929,evidence/images/IMG00929.jpg,29.78789942059224,91.83498835661317,2024-10-05,5a83334624b058511394cb833c604439,0.0,Valid
IMG00930,P00930,evidence/images/IMG00930.jpg,30.175622542276116,84.6532251353598,2024-09-22,2f8c4f96e3dbef2a9c742f74d6b6abf2,0.0,Valid
IMG00931,P00931,evidence/images/IMG00931.jpg,19.505267719978896,91.61768469199887,2024-05-04,d03d84c12ce42ef88e9755767acb281f,0.0,Valid
IMG00932,P00932,evidence/images/IMG00932.jpg,17.16949249181628,73.91242689997398,2026-02-05,da70c7b36cfd6999fa91778fdac5bc7b,0.0,Valid
IMG00933,P00933,evidence/images/IMG00933.jpg,23.809194323590603,82.75622244334754,2025-01-05,f5af08403c573c444abf294feb7f67ab,0.0,Valid
IMG00934,P00934,evidence/images/IMG00934.jpg,17.136811406993488,82.77651071508336,2024-05-02,7c3da70265920ef853135b2c2a3053ea,0.0,Valid
IMG00935,P00935,evidence/images/IMG00935.jpg,33.89050618239457,87.99237090706855,2025-11-27,b40750f5cb09f8fd87dd007e83c6c3a9,0.0,Valid
IMG00936,P00936,evidence/images/IMG00936.jpg,16.201096523829083,86.88793508999831,2025-12-29,a54fe52a2298ee75578aa45370a88aea,0.0,Valid
IMG00937,P00937,evidence/images/IMG00937.jpg,29.574592831757496,77.92746870258911,2024-01-26,58998ab77267c7bc40d88827dd1f732c,0.0,Valid
IMG00938,P00938,evidence/images/IMG00938.jpg,13.186576627843245,86.15688866405729,2025-10-03,1222e88ffae1a5d6ee57dd56b8c8bc90,0.0,Valid
IMG00939,P00939,evidence/images/IMG00939.jpg,14.508147979249404,87.07321648305009,2025-11-14,485aada6bb7b0e6812b7f96e695577fe,0.0,Valid
IMG00940,P00940,evidence/images/IMG00940.jpg,27.896404607182745,78.8028301622526,2024-08-14,e1c148929a52f1a2ca188ff70879cb41,0.0,Valid
IMG00941,P00941,evidence/images/IMG00941.jpg,19.566920144595723,73.7726064613266,2024-05-11,bc3160f3ef1aca8bf84c42aae0ce1b39,0.0,Valid
IMG00942,P00942,evidence/images/IMG00942.jpg,24.89743844983113,77.98635166806369,2025-11-25,26586b023735814cefe815825abc17cc,0.0,Valid
IMG00943,P00943,evidence/images/IMG00943.jpg,26.91165314526992,76.09583341339622,2024-04-30,223f5ec90d35718e4388d4d01f7e1ec3,0.0,Valid
IMG00944,P00944,evidence/images/IMG00944.jpg,8.301712179343188,85.10272066204344,2024-08-22,a1d422f05218ac98a930e1e04fa43310,0.0,Valid
IMG00945,P00945,evidence/images/IMG00945.jpg,18.030717109988814,92.2889139303576,2024-09-20,739cb7e7ecf34507429e38b69b9e595d,0.0,Valid
IMG00946,P00946,evidence/images/IMG00946.jpg,28.58403301633724,76.6131164612157,2024-02-10,92ceaed77a78f7131a06ad3ba97c17f3,0.0,Valid
IMG00947,P00947,evidence/images/IMG00947.jpg,26.389213537119225,77.66712318765316,2025-04-03,35c6388f110ebfd7364fd5eea883c23c,0.0,Valid
IMG00948,P00948,evidence/images/IMG00948.jpg,18.459882658136088,74.0227145192194,2024-06-28,d57c6ccb69569371778f35d0bb7af541,0.0,Valid
IMG00949,P00949,evidence/images/IMG00949.jpg,24.58702785169657,75.2471351953328,2024-06-26,8ff5a84456a1e67b58ccabfc4224d6ad,0.0,Valid
IMG00950,P00950,evidence/images/IMG00950.jpg,17.07923295514376,86.48097828072663,2025-07-04,763460a61c47085fd12ac911d9622c3c,0.0,Valid
IMG00951,P00951,evidence/images/IMG00951.jpg,10.386760159444226,73.0423148182791,2024-11-17,7200773be0d35a280ab41d684b07c50d,0.0,Valid
IMG00952,P00952,evidence/images/IMG00952.jpg,23.53903758804131,91.55020401598313,2025-11-06,c7518424c46a12da71970e6a21e21e4f,0.0,Valid
IMG00953,P00953,evidence/images/IMG00953.jpg,21.339219539816437,86.47321928577392,2024-01-27,984bd1d01eae455a479d22b2563c2c69,0.0,Valid
IMG00954,P00954,evidence/images/IMG00954.jpg,32.073536157014104,82.07405366737414,2025-09-11,617ea417ae977448019c2478e8338432,0.0,Valid
IMG00955,P00955,evidence/images/IMG00955.jpg,13.73056668384832,91.0775373605232,2024-08-04,97f6ed649c185b9b2fb0c2e7f20008e1,0.0,Valid
IMG00956,P00956,evidence/images/IMG00956.jpg,29.084301954661857,76.50245094955237,2026-03-02,8d4c9d06585f5da82c0b3b76d58b6db6,0.0,Valid
IMG00957,P00957,evidence/images/IMG00957.jpg,12.629751625755972,88.55442547424698,2024-06-07,b8ccc4c5b6af1199b8773dc2ba1417f1,0.0,Valid
IMG00958,P00958,evidence/images/IMG00958.jpg,16.616247418942784,76.57504840074868,2025-01-02,2d1e4e7bb3d8d31fe059134e53d8c474,0.0,Valid
IMG00959,P00959,evidence/images/IMG00959.jpg,19.93906729908272,77.21016468720626,2024-05-08,2b68acc42babb95d8357264cc2025bdb,0.0,Valid
IMG00960,P00960,evidence/images/IMG00960.jpg,32.6865346737696,87.90384313737115,2026-02-12,770df53bb536606ea4e239838b0d0308,0.0,Valid
IMG00961,P00961,evidence/images/IMG00961.jpg,28.262950446599703,82.32601934341076,2026-01-27,98d9baee30028bf6d43a139a55d598fc,0.95,Potentially Reused
IMG00962,P00962,evidence/images/IMG00962.jpg,25.555941320769467,85.43063429726047,2025-05-16,8e5dea87ca62a1f67a87322ed6f8282b,0.0,Valid
IMG00963,P00963,evidence/images/IMG00963.jpg,29.70105937737422,88.26520391450042,2025-07-04,db012f2f28ddb9e2a344e6dca7fd92e0,0.0,Valid
IMG00964,P00964,evidence/images/IMG00964.jpg,29.26751619589484,75.54493500594798,2024-10-10,b279209db81625fa30f59dd66a1e9af8,0.0,Valid
IMG00965,P00965,evidence/images/IMG00965.jpg,28.27038349346068,77.11762399911504,2025-08-26,9f2af00bf55f9ac0123a09d5c3ece6ec,0.0,Valid
IMG00966,P00966,evidence/images/IMG00966.jpg,32.68065391494349,84.07060767834194,2024-02-05,ef84c388768d8160acb70acd10de88ee,0.0,Valid
IMG00967,P00967,evidence/images/IMG00967.jpg,21.88833982536881,89.09201056259897,2024-04-02,a0ba5c7ebb931f32b36da212251aa502,0.0,Valid
IMG00968,P00968,evidence/images/IMG00968.jpg,20.32084171103699,84.6760734036736,2026-04-27,c7cba98acbc46ad0f498e301279267b1,0.0,Valid
IMG00969,P00969,evidence/images/IMG00969.jpg,22.397992215827685,85.48202597175685,2025-10-21,739a001b474683b7aa2de7dc3a131346,0.0,Valid
IMG00970,P00970,evidence/images/IMG00970.jpg,8.653303540795253,83.86552742637059,2025-01-14,08cc5bdd7c80cf9a86e80b8752200f82,0.0,Valid
IMG00971,P00971,evidence/images/IMG00971.jpg,31.33110022237717,82.98224017939508,2024-02-09,b2004f76532c30e82df5b104fdad2156,0.0,Valid
IMG00972,P00972,evidence/images/IMG00972.jpg,32.479970436835146,88.33523738451849,2026-04-26,ac90ba4c0a914fb5aefe2fb3a960b91a,0.0,Valid
IMG00973,P00973,evidence/images/IMG00973.jpg,15.042222006623224,86.18496878709871,2025-10-28,192adb14c53507d41eacfd24bfe9ca6c,0.0,Valid
IMG00974,P00974,evidence/images/IMG00974.jpg,13.737318527316,89.00142526336306,2025-02-10,7e566d0cf88d6f6408627dadac9f6874,0.0,Valid
IMG00975,P00975,evidence/images/IMG00975.jpg,23.308015946861477,75.66063477453105,2024-08-09,82b622e4b7096bec4146f90796ad4bab,0.0,Valid
IMG00976,P00976,evidence/images/IMG00976.jpg,27.23407632840083,75.41546187329956,2025-02-19,44266fc7254dfbbd91c89169b84161b9,0.0,Valid
IMG00977,P00977,evidence/images/IMG00977.jpg,16.10585800395109,91.31467337547188,2026-03-18,f3e4f5f032493fdb8dd5f46592cc8d2e,0.0,Valid
IMG00978,P00978,evidence/images/IMG00978.jpg,14.110245134267826,91.22639212988165,2024-08-10,9d9453463bbcb0bb732088f99ad413fc,0.0,Valid
IMG00979,P00979,evidence/images/IMG00979.jpg,17.36020518829696,91.65375792638989,2024-09-23,4c5acb0826923c6aab1b4d491e585df5,0.0,Valid
IMG00980,P00980,evidence/images/IMG00980.jpg,27.81799114610928,73.53355025735614,2025-01-10,cc277d91505ae1ffbdf3d0f8361d2f0e,0.0,Valid
IMG00981,P00981,evidence/images/IMG00981.jpg,24.59075920610563,77.53583416145126,2024-10-17,023cb287d6cf17f18cd1e1ca4e42b683,0.0,Valid
IMG00982,P00982,evidence/images/IMG00982.jpg,23.851055714175654,87.04665431550264,2026-02-18,b71a38eda684a18ff439d18ac33a37c3,0.0,Valid
IMG00983,P00983,evidence/images/IMG00983.jpg,13.567771589874672,83.50741803645045,2025-06-30,509cf830ed265672db4087af6a3cc2ba,0.0,Valid
IMG00984,P00984,evidence/images/IMG00984.jpg,33.88716270938012,83.85263048337579,2024-02-23,e3348fb4c3e643463edbf330fa7db6ac,0.0,Valid
IMG00985,P00985,evidence/images/IMG00985.jpg,30.127993280292536,80.17228184789901,2024-10-22,f1508befffd6046e159b9fec8c9c0527,0.0,Valid
IMG00986,P00986,evidence/images/IMG00986.jpg,8.787314335183012,74.76150027116826,2024-08-03,e76bedff40bc417510e4cd838b1b017f,0.0,Valid
IMG00987,P00987,evidence/images/IMG00987.jpg,32.172194488901,86.76530449046076,2024-12-18,f958973af04d34162a6ae71c7fbe66a9,0.0,Valid
IMG00988,P00988,evidence/images/IMG00988.jpg,21.797010654155063,85.6269515283904,2025-07-18,aa728600a9b6b7139d56271945e1bc1b,0.0,Valid
IMG00989,P00989,evidence/images/IMG00989.jpg,28.550880624906046,87.05460436123492,2024-09-18,7c84cf516aa648b14c116a785ac8843b,0.0,Valid
IMG00990,P00990,evidence/images/IMG00990.jpg,20.43984147676281,81.70143291646582,2024-04-25,565081dfef2ae6436eeec7f46a0a6aaa,0.0,Valid
IMG00991,P00991,evidence/images/IMG00991.jpg,27.723309612047267,90.97548615160396,2026-04-06,c6ed0f75c34d513f6c942fca3d250c62,0.0,Valid
IMG00992,P00992,evidence/images/IMG00992.jpg,22.03664345279247,75.31458589825786,2025-04-26,3681cdfdec433f2468410fdfefa2023d,0.0,Valid
IMG00993,P00993,evidence/images/IMG00993.jpg,15.403427407217034,81.63148886393783,2025-06-06,6d1a1b10e8cca7c90f86e1401c3fd46b,0.0,Valid
IMG00994,P00994,evidence/images/IMG00994.jpg,11.24380714454926,92.47765945733292,2025-05-16,d08d2e1620480532de42550d7a946776,0.0,Valid
IMG00995,P00995,evidence/images/IMG00995.jpg,27.907347967415767,83.45219711521968,2025-06-11,76a728b20e3cc12706da50c51fcc4270,0.0,Valid
IMG00996,P00996,evidence/images/IMG00996.jpg,16.941718992067088,90.2038049136148,2024-02-14,c624ee777127ebf8217768aa69c3cbb9,0.0,Valid
IMG00997,P00997,evidence/images/IMG00997.jpg,25.90429230493297,81.22982412051512,2025-08-02,af6ac3ba9cd80f3a82b70e171e1fbaa8,0.0,Valid
IMG00998,P00998,evidence/images/IMG00998.jpg,17.9462090662099,77.91083736878012,2025-10-24,d5e5376adf7e5444f1e09e91b75e6b76,0.0,Valid
IMG00999,P00999,evidence/images/IMG00999.jpg,16.670710421738676,87.32488156597296,2026-01-13,f3901a33104ec944caa170937443e8e1,0.0,Valid
IMG01000,P01000,evidence/images/IMG01000.jpg,30.69702736249446,80.99242842097064,2025-11-25,d236dfac7457e386920d4c1182c5f6c3,0.0,Valid
